dataset,line_id_orig,timestamp,time_delta,node,component,level,content,event_id,event_template,risk_score,severity_label,severity_code
BGL,1,03-06-2005 22:42,0,R02-M1-N0-C:J12-U11,KERNEL,INFO,instruction cache parity error corrected,E77,instruction cache parity error corrected,0.1,Normal,0
BGL,2,03-06-2005 22:42,3,R02-M1-N0-C:J12-U11,KERNEL,INFO,instruction cache parity error corrected,E77,instruction cache parity error corrected,0.1,Normal,0
BGL,3,03-06-2005 22:49,403,R02-M1-N0-C:J12-U11,KERNEL,INFO,instruction cache parity error corrected,E77,instruction cache parity error corrected,0.1,Normal,0
BGL,4,03-06-2005 22:49,2,R02-M1-N0-C:J12-U11,KERNEL,INFO,instruction cache parity error corrected,E77,instruction cache parity error corrected,0.1,Normal,0
BGL,5,03-06-2005 23:47,3462,R23-M0-NE-C:J05-U01,KERNEL,INFO,63543 double-hummer alignment exceptions,E3,<*> double-hummer alignment exceptions,0.1,Normal,0
BGL,6,03-06-2005 23:56,534,R24-M0-N1-C:J13-U11,KERNEL,INFO,162 double-hummer alignment exceptions,E3,<*> double-hummer alignment exceptions,0.1,Normal,0
BGL,7,03-06-2005 23:56,41,R21-M1-N6-C:J08-U11,KERNEL,INFO,141 double-hummer alignment exceptions,E3,<*> double-hummer alignment exceptions,0.1,Normal,0
BGL,8,04-06-2005 01:21,5104,R16-M1-N2-C:J17-U01,KERNEL,INFO,"CE sym 2, at 0x0b85eee0, mask 0x05",E18,"CE sym <*>, at <*>, mask <*>",0.1,Normal,0
BGL,9,04-06-2005 07:24,21753,R04-M1-N4-I:J18-U11,APP,FATAL,ciod: failed to read message prefix on control stream (CioStream socket to 172.16.96.116:33569,E33,ciod: failed to read message prefix on control stream (CioStream socket to <*>:<*>,0.9,Risk,2
BGL,10,04-06-2005 07:24,4,R27-M1-N4-I:J18-U01,APP,FATAL,ciod: failed to read message prefix on control stream (CioStream socket to 172.16.96.116:33370,E33,ciod: failed to read message prefix on control stream (CioStream socket to <*>:<*>,0.9,Risk,2
BGL,11,05-06-2005 03:28,72244,R30-M0-N7-C:J08-U01,KERNEL,INFO,"CE sym 20, at 0x1438f9e0, mask 0x40",E18,"CE sym <*>, at <*>, mask <*>",0.1,Normal,0
BGL,12,05-06-2005 07:09,13221,R25-M0-N7-C:J02-U01,KERNEL,INFO,generating core.2275,E67,generating core.<*>,0.1,Normal,0
BGL,13,05-06-2005 07:09,51,R24-M1-N8-C:J09-U11,KERNEL,INFO,generating core.862,E67,generating core.<*>,0.1,Normal,0
BGL,14,05-06-2005 07:36,1588,R24-M1-NB-C:J15-U11,KERNEL,INFO,generating core.728,E67,generating core.<*>,0.1,Normal,0
BGL,15,05-06-2005 07:37,65,R20-M1-N8-C:J04-U01,KERNEL,INFO,generating core.775,E67,generating core.<*>,0.1,Normal,0
BGL,16,05-06-2005 08:18,2456,R24-M0-NE-C:J14-U11,KERNEL,INFO,generating core.3276,E67,generating core.<*>,0.1,Normal,0
BGL,17,05-06-2005 08:18,12,R21-M1-N2-C:J11-U01,KERNEL,INFO,generating core.1717,E67,generating core.<*>,0.1,Normal,0
BGL,18,05-06-2005 08:19,50,R24-M0-N8-C:J04-U11,KERNEL,INFO,generating core.3919,E67,generating core.<*>,0.1,Normal,0
BGL,19,05-06-2005 12:15,14196,R31-M0-NE-C:J05-U11,KERNEL,INFO,generating core.2079,E67,generating core.<*>,0.1,Normal,0
BGL,20,05-06-2005 12:16,27,R36-M0-NA-C:J06-U01,KERNEL,INFO,generating core.1414,E67,generating core.<*>,0.1,Normal,0
BGL,21,05-06-2005 12:18,133,R33-M0-N4-C:J02-U11,KERNEL,INFO,generating core.3055,E67,generating core.<*>,0.1,Normal,0
BGL,22,05-06-2005 12:23,287,R22-M0-ND-C:J10-U11,KERNEL,INFO,generating core.201,E67,generating core.<*>,0.1,Normal,0
BGL,23,05-06-2005 12:27,257,R27-M0-N6-C:J10-U01,KERNEL,INFO,generating core.1125,E67,generating core.<*>,0.1,Normal,0
BGL,24,05-06-2005 12:40,788,R26-M1-N8-C:J17-U11,KERNEL,INFO,generating core.412,E67,generating core.<*>,0.1,Normal,0
BGL,25,05-06-2005 13:04,1407,R36-M1-N8-C:J17-U01,KERNEL,INFO,generating core.7828,E67,generating core.<*>,0.1,Normal,0
BGL,26,05-06-2005 13:18,839,R33-M1-NB-C:J06-U01,KERNEL,INFO,generating core.5570,E67,generating core.<*>,0.1,Normal,0
BGL,27,05-06-2005 13:47,1730,R01-M1-N7-C:J04-U11,KERNEL,INFO,generating core.8275,E67,generating core.<*>,0.1,Normal,0
BGL,28,05-06-2005 14:43,3382,R35-M1-NE-C:J05-U01,KERNEL,INFO,generating core.4183,E67,generating core.<*>,0.1,Normal,0
BGL,29,05-06-2005 15:08,1515,R36-M1-NF-C:J11-U01,KERNEL,INFO,generating core.6545,E67,generating core.<*>,0.1,Normal,0
BGL,30,05-06-2005 15:08,6,R37-M1-NE-C:J13-U01,KERNEL,INFO,generating core.4245,E67,generating core.<*>,0.1,Normal,0
BGL,31,05-06-2005 15:10,86,R32-M1-N4-C:J16-U01,KERNEL,INFO,generating core.6884,E67,generating core.<*>,0.1,Normal,0
BGL,32,05-06-2005 15:10,30,R30-M1-N3-C:J02-U01,KERNEL,FATAL,force load/store alignment...............0,E64,force load/store alignment...............<*>,0.1,Normal,0
BGL,33,05-06-2005 15:30,1155,R34-M1-NE-C:J02-U01,KERNEL,INFO,generating core.6471,E67,generating core.<*>,0.1,Normal,0
BGL,34,05-06-2005 15:30,12,R31-M1-N7-C:J05-U11,KERNEL,INFO,generating core.4155,E67,generating core.<*>,0.1,Normal,0
BGL,35,05-06-2005 15:31,51,R32-M0-NF-C:J10-U01,KERNEL,INFO,generating core.449,E67,generating core.<*>,0.1,Normal,0
BGL,36,05-06-2005 15:32,69,R34-M1-NC-C:J06-U11,KERNEL,INFO,generating core.6990,E67,generating core.<*>,0.1,Normal,0
BGL,37,05-06-2005 15:32,14,R31-M1-NC-C:J14-U11,KERNEL,INFO,generating core.4876,E67,generating core.<*>,0.1,Normal,0
BGL,38,05-06-2005 16:03,1873,R37-M0-N7-C:J08-U11,KERNEL,INFO,generating core.2218,E67,generating core.<*>,0.1,Normal,0
BGL,39,05-06-2005 16:17,846,R34-M1-NA-C:J07-U11,KERNEL,INFO,generating core.7518,E67,generating core.<*>,0.1,Normal,0
BGL,40,05-06-2005 16:18,20,R33-M1-N8-C:J09-U11,KERNEL,INFO,generating core.5854,E67,generating core.<*>,0.1,Normal,0
BGL,41,05-06-2005 16:20,130,R30-M1-N3-C:J10-U01,KERNEL,INFO,generating core.7457,E67,generating core.<*>,0.1,Normal,0
BGL,42,05-06-2005 16:20,27,R32-M1-N5-C:J17-U01,KERNEL,INFO,generating core.6896,E67,generating core.<*>,0.1,Normal,0
BGL,43,05-06-2005 16:38,1040,R37-M0-N3-C:J14-U01,KERNEL,INFO,generating core.3488,E67,generating core.<*>,0.1,Normal,0
BGL,44,05-06-2005 16:38,25,R36-M0-NA-C:J17-U01,KERNEL,INFO,generating core.1172,E67,generating core.<*>,0.1,Normal,0
BGL,45,05-06-2005 16:38,22,R33-M0-N6-C:J08-U11,KERNEL,INFO,generating core.2286,E67,generating core.<*>,0.1,Normal,0
BGL,46,05-06-2005 16:39,47,R30-M0-ND-C:J07-U01,KERNEL,INFO,generating core.786,E67,generating core.<*>,0.1,Normal,0
BGL,47,05-06-2005 16:39,17,R35-M0-N5-C:J17-U11,KERNEL,INFO,generating core.2680,E67,generating core.<*>,0.1,Normal,0
BGL,48,05-06-2005 16:40,7,R32-M0-N2-C:J15-U01,KERNEL,INFO,generating core.1524,E67,generating core.<*>,0.1,Normal,0
BGL,49,05-06-2005 16:40,16,R35-M1-ND-C:J10-U11,KERNEL,INFO,generating core.4937,E67,generating core.<*>,0.1,Normal,0
BGL,50,05-06-2005 17:01,1269,R36-M1-ND-C:J13-U01,KERNEL,INFO,generating core.6801,E67,generating core.<*>,0.1,Normal,0
BGL,51,05-06-2005 17:02,65,R31-M1-NF-C:J15-U01,KERNEL,INFO,generating core.4368,E67,generating core.<*>,0.1,Normal,0
BGL,52,05-06-2005 17:03,29,R34-M0-ND-C:J03-U01,KERNEL,INFO,generating core.851,E67,generating core.<*>,0.1,Normal,0
BGL,53,05-06-2005 17:03,26,R32-M0-N9-C:J17-U01,KERNEL,INFO,generating core.1744,E67,generating core.<*>,0.1,Normal,0
BGL,54,05-06-2005 17:04,40,R30-M0-N0-C:J17-U01,KERNEL,INFO,generating core.1588,E67,generating core.<*>,0.1,Normal,0
BGL,55,05-06-2005 17:28,1473,R37-M1-N3-C:J05-U11,KERNEL,INFO,generating core.5307,E67,generating core.<*>,0.1,Normal,0
BGL,56,05-06-2005 17:29,34,R30-M1-NB-C:J17-U11,KERNEL,INFO,generating core.7192,E67,generating core.<*>,0.1,Normal,0
BGL,57,06-06-2005 15:08,77959,R01-M1-NB-C:J03-U11,KERNEL,INFO,"CE sym 20, at 0x01228120, mask 0x10",E18,"CE sym <*>, at <*>, mask <*>",0.1,Normal,0
BGL,58,06-06-2005 15:08,6,R01-M1-ND-C:J15-U11,KERNEL,INFO,"CE sym 5, at 0x11042a80, mask 0x04",E18,"CE sym <*>, at <*>, mask <*>",0.1,Normal,0
BGL,59,06-06-2005 17:33,8703,R02-M1-N0-C:J12-U11,KERNEL,INFO,instruction cache parity error corrected,E77,instruction cache parity error corrected,0.1,Normal,0
BGL,60,06-06-2005 17:36,182,R02-M1-N0-C:J12-U11,KERNEL,INFO,instruction cache parity error corrected,E77,instruction cache parity error corrected,0.1,Normal,0
BGL,61,06-06-2005 17:53,1017,R02-M1-N0-C:J12-U11,KERNEL,INFO,instruction cache parity error corrected,E77,instruction cache parity error corrected,0.1,Normal,0
BGL,62,06-06-2005 17:54,60,R02-M1-N0-C:J12-U11,KERNEL,INFO,instruction cache parity error corrected,E77,instruction cache parity error corrected,0.1,Normal,0
BGL,63,06-06-2005 18:01,429,R02-M1-N0-C:J12-U11,KERNEL,INFO,instruction cache parity error corrected,E77,instruction cache parity error corrected,0.1,Normal,0
BGL,64,06-06-2005 18:04,139,R02-M1-N0-C:J12-U11,KERNEL,INFO,instruction cache parity error corrected,E77,instruction cache parity error corrected,0.1,Normal,0
BGL,65,06-06-2005 18:09,343,R02-M1-N0-C:J12-U11,KERNEL,INFO,instruction cache parity error corrected,E77,instruction cache parity error corrected,0.1,Normal,0
BGL,66,06-06-2005 18:11,76,R02-M1-N0-C:J12-U11,KERNEL,INFO,instruction cache parity error corrected,E77,instruction cache parity error corrected,0.1,Normal,0
BGL,67,07-06-2005 02:50,31136,R22-M0-N0-C:J08-U11,KERNEL,INFO,generating core.430,E67,generating core.<*>,0.1,Normal,0
BGL,68,07-06-2005 02:50,1,R22-M0-N4-C:J08-U11,KERNEL,INFO,generating core.174,E67,generating core.<*>,0.1,Normal,0
BGL,69,07-06-2005 02:51,96,R23-M0-N0-I:J18-U01,KERNEL,INFO,ciod: cpu 0 at treeaddr 438 sent unrecognized message 0xffffffff,E19,ciod: cpu <*> at treeaddr <*> sent unrecognized message <*>,0.1,Normal,0
BGL,70,07-06-2005 03:24,1956,R24-M1-N9-C:J15-U01,KERNEL,INFO,generating core.976,E67,generating core.<*>,0.1,Normal,0
BGL,71,07-06-2005 05:41,8232,R25-M1-N8-C:J06-U01,KERNEL,INFO,generating core.1990,E67,generating core.<*>,0.1,Normal,0
BGL,72,07-06-2005 13:05,26661,R20-M0-N2-C:J09-U01,KERNEL,INFO,generating core.3638,E67,generating core.<*>,0.1,Normal,0
BGL,73,07-06-2005 13:06,20,R21-M0-NB-C:J06-U01,KERNEL,INFO,generating core.2690,E67,generating core.<*>,0.1,Normal,0
BGL,74,07-06-2005 13:06,1,R24-M0-NA-C:J15-U11,KERNEL,INFO,generating core.3804,E67,generating core.<*>,0.1,Normal,0
BGL,75,07-06-2005 13:09,213,R20-M1-N5-C:J06-U01,KERNEL,INFO,generating core.418,E67,generating core.<*>,0.1,Normal,0
BGL,76,07-06-2005 13:10,38,R20-M1-N4-C:J09-U01,KERNEL,INFO,generating core.310,E67,generating core.<*>,0.1,Normal,0
BGL,77,07-06-2005 19:20,22192,R35-M0-N7-C:J10-U11,KERNEL,INFO,generating core.2409,E67,generating core.<*>,0.1,Normal,0
BGL,78,07-06-2005 19:20,4,R35-M1-NE-C:J09-U01,KERNEL,INFO,generating core.4182,E67,generating core.<*>,0.1,Normal,0
BGL,79,07-06-2005 19:21,82,R32-M1-N9-C:J11-U11,KERNEL,INFO,generating core.8153,E67,generating core.<*>,0.1,Normal,0
BGL,80,07-06-2005 19:22,26,R36-M1-N8-C:J17-U11,KERNEL,INFO,generating core.7836,E67,generating core.<*>,0.1,Normal,0
BGL,81,07-06-2005 19:22,22,R35-M0-NC-C:J03-U11,KERNEL,INFO,generating core.2911,E67,generating core.<*>,0.1,Normal,0
BGL,82,07-06-2005 19:31,543,R35-M0-N5-C:J10-U11,KERNEL,INFO,generating core.2921,E67,generating core.<*>,0.1,Normal,0
BGL,83,07-06-2005 22:31,10807,R34-M0-N7-C:J09-U11,KERNEL,INFO,generating core.122,E67,generating core.<*>,0.1,Normal,0
BGL,84,07-06-2005 22:32,69,R36-M0-N0-C:J11-U01,KERNEL,INFO,generating core.1973,E67,generating core.<*>,0.1,Normal,0
BGL,85,08-06-2005 01:15,9792,R11-M0-NC-I:J18-U01,APP,FATAL,ciod: LOGIN chdir(/p/gb2/glosli/8M_5000K/t800) failed: No such file or directory,E37,ciod: LOGIN chdir(<*>) failed: No such file or directory,0.1,Normal,0
BGL,86,08-06-2005 05:17,14521,R17-M1-N7-C:J15-U11,KERNEL,INFO,generating core.4984,E67,generating core.<*>,0.1,Normal,0
BGL,87,08-06-2005 05:18,18,R16-M1-NC-C:J06-U11,KERNEL,INFO,generating core.1822,E67,generating core.<*>,0.1,Normal,0
BGL,88,08-06-2005 17:25,43659,R16-M1-N2-C:J12-U01,KERNEL,INFO,"CE sym 28, at 0x110067e0, mask 0x02",E18,"CE sym <*>, at <*>, mask <*>",0.1,Normal,0
BGL,89,08-06-2005 23:02,20184,R03-M1-N9-C:J09-U11,KERNEL,INFO,"1 ddr errors(s) detected and corrected on rank 0, symbol 25, bit 1",E2,"<*> ddr errors(s) detected and corrected on rank <*>, symbol <*>, bit <*>",0.1,Normal,0
BGL,90,09-06-2005 02:55,13982,R15-M1-N6-C:J04-U11,KERNEL,INFO,"CE sym 14, at 0x06047860, mask 0x20",E18,"CE sym <*>, at <*>, mask <*>",0.1,Normal,0
BGL,91,09-06-2005 04:07,4354,R27-M0-ND-C:J10-U01,KERNEL,INFO,generating core.3265,E67,generating core.<*>,0.1,Normal,0
BGL,92,09-06-2005 04:07,1,R27-M1-N6-C:J04-U01,KERNEL,INFO,generating core.2599,E67,generating core.<*>,0.1,Normal,0
BGL,93,09-06-2005 04:48,2430,R26-M0-NB-C:J09-U11,KERNEL,INFO,generating core.1818,E67,generating core.<*>,0.1,Normal,0
BGL,94,09-06-2005 07:11,8583,R21-M1-NA-C:J07-U11,KERNEL,INFO,generating core.1694,E67,generating core.<*>,0.1,Normal,0
BGL,95,09-06-2005 19:02,42686,R16-M1-N1-C:J12-U01,KERNEL,INFO,generating core.3401,E67,generating core.<*>,0.1,Normal,0
BGL,96,09-06-2005 19:03,40,R07-M1-NE-C:J06-U01,KERNEL,INFO,generating core.25350,E67,generating core.<*>,0.1,Normal,0
BGL,97,09-06-2005 19:05,142,R23-M1-NA-C:J17-U11,KERNEL,INFO,generating core.1820,E67,generating core.<*>,0.1,Normal,0
BGL,98,09-06-2005 21:04,7140,R16-M1-N2-C:J17-U01,KERNEL,INFO,"CE sym 2, at 0x1b85f080, mask 0x02",E18,"CE sym <*>, at <*>, mask <*>",0.1,Normal,0
BGL,99,09-06-2005 21:54,2948,R24-M1-N6-C:J07-U11,KERNEL,INFO,generating core.254,E67,generating core.<*>,0.1,Normal,0
BGL,100,09-06-2005 21:54,24,R25-M1-N8-C:J05-U11,KERNEL,INFO,generating core.1887,E67,generating core.<*>,0.1,Normal,0
BGL,101,10-06-2005 00:26,9098,R16-M1-N2-C:J17-U01,KERNEL,INFO,"CE sym 2, at 0x1b85fe80, mask 0x02",E18,"CE sym <*>, at <*>, mask <*>",0.1,Normal,0
BGL,102,10-06-2005 02:37,7875,R11-M0-N7-C:J16-U11,KERNEL,INFO,generating core.8280,E67,generating core.<*>,0.1,Normal,0
BGL,103,10-06-2005 02:37,21,R00-M1-N6-C:J12-U01,KERNEL,INFO,generating core.12357,E67,generating core.<*>,0.1,Normal,0
BGL,104,12-06-2005 00:32,165263,R30-M0-N9-C:J16-U01,KERNEL,FATAL,data TLB error interrupt,E55,data TLB error interrupt,0.9,Risk,2
BGL,105,12-06-2005 00:42,632,R30-M0-N9-C:J16-U01,KERNEL,FATAL,data TLB error interrupt,E55,data TLB error interrupt,0.9,Risk,2
BGL,106,12-06-2005 00:46,253,R30-M0-N9-C:J16-U01,KERNEL,FATAL,data TLB error interrupt,E55,data TLB error interrupt,0.9,Risk,2
BGL,107,12-06-2005 00:47,49,R30-M0-N9-C:J16-U01,KERNEL,FATAL,data TLB error interrupt,E55,data TLB error interrupt,0.9,Risk,2
BGL,108,12-06-2005 00:53,361,R30-M0-N9-C:J16-U01,KERNEL,FATAL,data TLB error interrupt,E55,data TLB error interrupt,0.9,Risk,2
BGL,109,12-06-2005 00:54,72,R30-M0-N9-C:J16-U01,KERNEL,FATAL,data TLB error interrupt,E55,data TLB error interrupt,0.9,Risk,2
BGL,110,12-06-2005 01:02,435,R30-M0-N9-C:J16-U01,KERNEL,FATAL,data TLB error interrupt,E55,data TLB error interrupt,0.9,Risk,2
BGL,111,12-06-2005 01:03,53,R30-M0-N9-C:J16-U01,KERNEL,FATAL,data TLB error interrupt,E55,data TLB error interrupt,0.9,Risk,2
BGL,112,12-06-2005 01:13,654,R30-M0-N9-C:J16-U01,KERNEL,FATAL,data TLB error interrupt,E55,data TLB error interrupt,0.9,Risk,2
BGL,113,12-06-2005 01:19,305,R30-M0-N9-C:J16-U01,KERNEL,FATAL,data TLB error interrupt,E55,data TLB error interrupt,0.9,Risk,2
BGL,114,12-06-2005 01:22,201,R30-M0-N9-C:J16-U01,KERNEL,FATAL,data TLB error interrupt,E55,data TLB error interrupt,0.9,Risk,2
BGL,115,12-06-2005 01:28,340,R30-M0-N9-C:J16-U01,KERNEL,FATAL,data TLB error interrupt,E55,data TLB error interrupt,0.9,Risk,2
BGL,116,12-06-2005 01:31,209,R30-M0-N9-C:J16-U01,KERNEL,FATAL,data TLB error interrupt,E55,data TLB error interrupt,0.9,Risk,2
BGL,117,12-06-2005 01:40,566,R30-M0-N9-C:J16-U01,KERNEL,FATAL,data TLB error interrupt,E55,data TLB error interrupt,0.9,Risk,2
BGL,118,12-06-2005 01:51,608,R30-M0-N9-C:J16-U01,KERNEL,FATAL,data TLB error interrupt,E55,data TLB error interrupt,0.9,Risk,2
BGL,119,12-06-2005 01:56,308,R30-M0-N9-C:J16-U01,KERNEL,FATAL,data TLB error interrupt,E55,data TLB error interrupt,0.9,Risk,2
BGL,120,12-06-2005 02:06,592,R30-M0-N9-C:J16-U01,KERNEL,FATAL,data TLB error interrupt,E55,data TLB error interrupt,0.9,Risk,2
BGL,121,12-06-2005 02:06,47,R30-M0-N9-C:J16-U01,KERNEL,FATAL,data TLB error interrupt,E55,data TLB error interrupt,0.9,Risk,2
BGL,122,12-06-2005 02:12,364,R30-M0-N9-C:J16-U01,KERNEL,FATAL,data TLB error interrupt,E55,data TLB error interrupt,0.9,Risk,2
BGL,123,12-06-2005 02:24,667,R30-M0-N9-C:J16-U01,KERNEL,FATAL,data TLB error interrupt,E55,data TLB error interrupt,0.9,Risk,2
BGL,124,12-06-2005 02:24,42,R30-M0-N9-C:J16-U01,KERNEL,FATAL,data TLB error interrupt,E55,data TLB error interrupt,0.9,Risk,2
BGL,125,12-06-2005 02:30,335,R30-M0-N9-C:J16-U01,KERNEL,FATAL,data TLB error interrupt,E55,data TLB error interrupt,0.9,Risk,2
BGL,126,12-06-2005 02:31,90,R30-M0-N9-C:J16-U01,KERNEL,FATAL,data TLB error interrupt,E55,data TLB error interrupt,0.9,Risk,2
BGL,127,12-06-2005 02:32,37,R30-M0-N9-C:J16-U01,KERNEL,FATAL,data TLB error interrupt,E55,data TLB error interrupt,0.9,Risk,2
BGL,128,12-06-2005 02:33,36,R30-M0-N9-C:J16-U01,KERNEL,FATAL,data TLB error interrupt,E55,data TLB error interrupt,0.9,Risk,2
BGL,129,12-06-2005 02:39,372,R30-M0-N9-C:J16-U01,KERNEL,FATAL,data TLB error interrupt,E55,data TLB error interrupt,0.9,Risk,2
BGL,130,12-06-2005 02:41,117,R30-M0-N9-C:J16-U01,KERNEL,FATAL,data TLB error interrupt,E55,data TLB error interrupt,0.9,Risk,2
BGL,131,12-06-2005 02:48,451,R30-M0-N9-C:J16-U01,KERNEL,FATAL,data TLB error interrupt,E55,data TLB error interrupt,0.9,Risk,2
BGL,132,12-06-2005 02:50,102,R30-M0-N9-C:J16-U01,KERNEL,FATAL,data TLB error interrupt,E55,data TLB error interrupt,0.9,Risk,2
BGL,133,12-06-2005 02:55,317,R30-M0-N9-C:J16-U01,KERNEL,FATAL,data TLB error interrupt,E55,data TLB error interrupt,0.9,Risk,2
BGL,134,12-06-2005 02:57,85,R30-M0-N9-C:J16-U01,KERNEL,FATAL,data TLB error interrupt,E55,data TLB error interrupt,0.9,Risk,2
BGL,135,12-06-2005 03:07,596,R30-M0-N9-C:J16-U01,KERNEL,FATAL,data TLB error interrupt,E55,data TLB error interrupt,0.9,Risk,2
BGL,136,12-06-2005 03:08,77,R30-M0-N9-C:J16-U01,KERNEL,FATAL,data TLB error interrupt,E55,data TLB error interrupt,0.9,Risk,2
BGL,137,12-06-2005 03:54,2757,R30-M0-N9-C:J16-U01,KERNEL,FATAL,data TLB error interrupt,E55,data TLB error interrupt,0.9,Risk,2
BGL,138,12-06-2005 04:02,476,R30-M0-N9-C:J16-U01,KERNEL,FATAL,data TLB error interrupt,E55,data TLB error interrupt,0.9,Risk,2
BGL,139,12-06-2005 04:05,199,R30-M0-N9-C:J16-U01,KERNEL,FATAL,data TLB error interrupt,E55,data TLB error interrupt,0.9,Risk,2
BGL,140,12-06-2005 04:11,334,R30-M0-N9-C:J16-U01,KERNEL,FATAL,data TLB error interrupt,E55,data TLB error interrupt,0.9,Risk,2
BGL,141,12-06-2005 04:17,386,R30-M0-N9-C:J16-U01,KERNEL,FATAL,data TLB error interrupt,E55,data TLB error interrupt,0.9,Risk,2
BGL,142,12-06-2005 04:19,119,R30-M0-N9-C:J16-U01,KERNEL,FATAL,data TLB error interrupt,E55,data TLB error interrupt,0.9,Risk,2
BGL,143,12-06-2005 04:28,543,R30-M0-N9-C:J16-U01,KERNEL,FATAL,data TLB error interrupt,E55,data TLB error interrupt,0.9,Risk,2
BGL,144,12-06-2005 04:29,76,R30-M0-N9-C:J16-U01,KERNEL,FATAL,data TLB error interrupt,E55,data TLB error interrupt,0.9,Risk,2
BGL,145,12-06-2005 04:32,139,R30-M0-N9-C:J16-U01,KERNEL,FATAL,data TLB error interrupt,E55,data TLB error interrupt,0.9,Risk,2
BGL,146,12-06-2005 04:33,104,R30-M0-N9-C:J16-U01,KERNEL,FATAL,data TLB error interrupt,E55,data TLB error interrupt,0.9,Risk,2
BGL,147,12-06-2005 04:44,650,R30-M0-N9-C:J16-U01,KERNEL,FATAL,data TLB error interrupt,E55,data TLB error interrupt,0.9,Risk,2
BGL,148,12-06-2005 04:59,866,R30-M0-N9-C:J16-U01,KERNEL,FATAL,data TLB error interrupt,E55,data TLB error interrupt,0.9,Risk,2
BGL,149,12-06-2005 05:02,204,R30-M0-N9-C:J16-U01,KERNEL,FATAL,data TLB error interrupt,E55,data TLB error interrupt,0.9,Risk,2
BGL,150,12-06-2005 05:04,138,R30-M0-N9-C:J16-U01,KERNEL,FATAL,data TLB error interrupt,E55,data TLB error interrupt,0.9,Risk,2
BGL,151,12-06-2005 05:06,120,R30-M0-N9-C:J16-U01,KERNEL,FATAL,data TLB error interrupt,E55,data TLB error interrupt,0.9,Risk,2
BGL,152,12-06-2005 05:07,64,R30-M0-N9-C:J16-U01,KERNEL,FATAL,data TLB error interrupt,E55,data TLB error interrupt,0.9,Risk,2
BGL,153,12-06-2005 05:14,388,R30-M0-N9-C:J16-U01,KERNEL,FATAL,data TLB error interrupt,E55,data TLB error interrupt,0.9,Risk,2
BGL,154,12-06-2005 05:24,625,R30-M0-N9-C:J16-U01,KERNEL,FATAL,data TLB error interrupt,E55,data TLB error interrupt,0.9,Risk,2
BGL,155,12-06-2005 05:29,308,R30-M0-N9-C:J16-U01,KERNEL,FATAL,data TLB error interrupt,E55,data TLB error interrupt,0.9,Risk,2
BGL,156,12-06-2005 05:36,407,R30-M0-N9-C:J16-U01,KERNEL,FATAL,data TLB error interrupt,E55,data TLB error interrupt,0.9,Risk,2
BGL,157,12-06-2005 05:40,235,R30-M0-N9-C:J16-U01,KERNEL,FATAL,data TLB error interrupt,E55,data TLB error interrupt,0.9,Risk,2
BGL,158,12-06-2005 05:46,375,R30-M0-N9-C:J16-U01,KERNEL,FATAL,data TLB error interrupt,E55,data TLB error interrupt,0.9,Risk,2
BGL,159,12-06-2005 05:48,86,R30-M0-N9-C:J16-U01,KERNEL,FATAL,data TLB error interrupt,E55,data TLB error interrupt,0.9,Risk,2
BGL,160,12-06-2005 05:52,232,R30-M0-N9-C:J16-U01,KERNEL,FATAL,data TLB error interrupt,E55,data TLB error interrupt,0.9,Risk,2
BGL,161,12-06-2005 06:12,1223,R30-M0-N9-C:J16-U01,KERNEL,FATAL,data TLB error interrupt,E55,data TLB error interrupt,0.9,Risk,2
BGL,162,12-06-2005 06:21,537,R30-M0-N9-C:J16-U01,KERNEL,FATAL,data TLB error interrupt,E55,data TLB error interrupt,0.9,Risk,2
BGL,163,12-06-2005 06:26,292,R30-M0-N9-C:J16-U01,KERNEL,FATAL,data TLB error interrupt,E55,data TLB error interrupt,0.9,Risk,2
BGL,164,13-06-2005 18:22,129379,R26-M0-NB-C:J07-U01,KERNEL,INFO,"CE sym 10, at 0x08d10580, mask 0x08",E18,"CE sym <*>, at <*>, mask <*>",0.1,Normal,0
BGL,165,13-06-2005 21:57,12888,R22-M0-NC-I:J18-U01,KERNEL,INFO,ciod: Message code 0 is not 51 or 4294967295,E38,ciod: Message code <*> is not <*> or <*>,0.1,Normal,0
BGL,166,14-06-2005 00:36,9553,R10-M1-N5-C:J15-U11,KERNEL,FATAL,data storage interrupt,E52,data storage interrupt,0.9,Risk,2
BGL,167,14-06-2005 00:38,79,R16-M0-NB-C:J07-U11,KERNEL,FATAL,data storage interrupt,E52,data storage interrupt,0.9,Risk,2
BGL,168,14-06-2005 00:39,67,R15-M0-N9-C:J05-U11,KERNEL,FATAL,data storage interrupt,E52,data storage interrupt,0.9,Risk,2
BGL,169,14-06-2005 00:39,29,R13-M1-N2-C:J17-U01,KERNEL,FATAL,data storage interrupt,E52,data storage interrupt,0.9,Risk,2
BGL,170,14-06-2005 00:41,103,R01-M1-NA-C:J13-U01,KERNEL,FATAL,data storage interrupt,E52,data storage interrupt,0.9,Risk,2
BGL,171,14-06-2005 00:41,0,R01-M1-NA-C:J09-U01,KERNEL,FATAL,data storage interrupt,E52,data storage interrupt,0.9,Risk,2
BGL,172,14-06-2005 00:41,36,R05-M0-N7-C:J10-U11,KERNEL,FATAL,data storage interrupt,E52,data storage interrupt,0.9,Risk,2
BGL,173,14-06-2005 00:44,134,R02-M0-N0-C:J10-U01,KERNEL,FATAL,data storage interrupt,E52,data storage interrupt,0.9,Risk,2
BGL,174,14-06-2005 00:45,104,R10-M0-N1-C:J17-U11,KERNEL,FATAL,instruction address: 0x00004ed8,E76,instruction address: <*>,0.1,Normal,0
BGL,175,14-06-2005 00:46,41,R12-M1-NB-C:J09-U01,KERNEL,FATAL,instruction address: 0x00004ed8,E76,instruction address: <*>,0.1,Normal,0
BGL,176,14-06-2005 00:48,138,R04-M1-N1-C:J11-U11,KERNEL,FATAL,instruction address: 0x00004ed8,E76,instruction address: <*>,0.1,Normal,0
BGL,177,14-06-2005 00:50,99,R01-M0-NE-C:J17-U11,KERNEL,FATAL,instruction address: 0x00004ed8,E76,instruction address: <*>,0.1,Normal,0
BGL,178,14-06-2005 00:51,56,R16-M0-N8-C:J02-U11,KERNEL,FATAL,instruction address: 0x00004ed8,E76,instruction address: <*>,0.1,Normal,0
BGL,179,14-06-2005 00:52,52,R02-M0-N8-C:J08-U11,KERNEL,FATAL,instruction address: 0x00004ed8,E76,instruction address: <*>,0.1,Normal,0
BGL,180,14-06-2005 00:53,62,R06-M0-N8-C:J13-U11,KERNEL,FATAL,instruction address: 0x00004ed8,E76,instruction address: <*>,0.1,Normal,0
BGL,181,14-06-2005 07:04,22239,R33-M0-NF-C:J07-U11,KERNEL,INFO,generating core.2522,E67,generating core.<*>,0.1,Normal,0
BGL,182,14-06-2005 14:10,25601,R36-M0-N0-C:J04-U11,KERNEL,INFO,generating core.1711,E67,generating core.<*>,0.1,Normal,0
BGL,183,14-06-2005 14:11,26,R31-M0-NE-C:J15-U11,KERNEL,INFO,generating core.2332,E67,generating core.<*>,0.1,Normal,0
BGL,184,14-06-2005 14:11,9,R37-M1-NF-C:J11-U11,KERNEL,INFO,generating core.4505,E67,generating core.<*>,0.1,Normal,0
BGL,185,14-06-2005 14:11,30,R32-M0-N3-C:J11-U01,KERNEL,INFO,generating core.1521,E67,generating core.<*>,0.1,Normal,0
BGL,186,14-06-2005 16:06,6897,R15-M1-NF-C:J11-U11,KERNEL,FATAL,data storage interrupt,E52,data storage interrupt,0.9,Risk,2
BGL,187,14-06-2005 16:07,72,R12-M0-N2-C:J11-U01,KERNEL,FATAL,data storage interrupt,E52,data storage interrupt,0.9,Risk,2
BGL,188,14-06-2005 16:08,51,R14-M0-N2-C:J02-U01,KERNEL,FATAL,data storage interrupt,E52,data storage interrupt,0.9,Risk,2
BGL,189,14-06-2005 16:09,32,R04-M0-ND-C:J15-U01,KERNEL,FATAL,data storage interrupt,E52,data storage interrupt,0.9,Risk,2
BGL,190,14-06-2005 16:09,10,R01-M1-N6-C:J15-U11,KERNEL,FATAL,data storage interrupt,E52,data storage interrupt,0.9,Risk,2
BGL,191,14-06-2005 16:11,141,R06-M0-N7-C:J08-U01,KERNEL,FATAL,data storage interrupt,E52,data storage interrupt,0.9,Risk,2
BGL,192,14-06-2005 16:13,120,R12-M1-NC-C:J13-U11,KERNEL,FATAL,data storage interrupt,E52,data storage interrupt,0.9,Risk,2
BGL,193,14-06-2005 16:13,0,R06-M0-N0-C:J11-U11,KERNEL,FATAL,data storage interrupt,E52,data storage interrupt,0.9,Risk,2
BGL,194,14-06-2005 16:14,45,R16-M1-N2-C:J07-U01,KERNEL,FATAL,instruction address: 0x00004ed8,E76,instruction address: <*>,0.1,Normal,0
BGL,195,14-06-2005 16:15,70,R17-M1-N1-C:J12-U11,KERNEL,FATAL,instruction address: 0x00004ed8,E76,instruction address: <*>,0.1,Normal,0
BGL,196,14-06-2005 16:16,49,R16-M1-N9-C:J16-U11,KERNEL,FATAL,instruction address: 0x00004ed8,E76,instruction address: <*>,0.1,Normal,0
BGL,197,14-06-2005 16:17,30,R13-M0-NA-C:J15-U01,KERNEL,FATAL,instruction address: 0x00004ed8,E76,instruction address: <*>,0.1,Normal,0
BGL,198,14-06-2005 16:17,33,R11-M0-N7-C:J10-U01,KERNEL,FATAL,instruction address: 0x00004ed8,E76,instruction address: <*>,0.1,Normal,0
BGL,199,14-06-2005 16:21,232,R00-M0-N0-C:J13-U11,KERNEL,FATAL,instruction address: 0x00004ed8,E76,instruction address: <*>,0.1,Normal,0
BGL,200,14-06-2005 16:21,29,R02-M1-NC-C:J08-U11,KERNEL,FATAL,instruction address: 0x00004ed8,E76,instruction address: <*>,0.1,Normal,0
BGL,201,14-06-2005 16:22,20,R07-M0-NC-C:J10-U01,KERNEL,FATAL,instruction address: 0x00004ed8,E76,instruction address: <*>,0.1,Normal,0
BGL,202,14-06-2005 16:33,665,R24-M1-N0-C:J16-U01,KERNEL,FATAL,data storage interrupt,E52,data storage interrupt,0.9,Risk,2
BGL,203,14-06-2005 16:33,29,R24-M1-ND-C:J11-U11,KERNEL,FATAL,instruction address: 0x00004ed8,E76,instruction address: <*>,0.1,Normal,0
BGL,204,14-06-2005 16:35,102,R20-M1-NC-C:J05-U01,KERNEL,FATAL,instruction address: 0x00004ed8,E76,instruction address: <*>,0.1,Normal,0
BGL,205,14-06-2005 16:36,80,R24-M1-N3-C:J16-U01,KERNEL,FATAL,data address: 0x00000002,E50,data address: <*>,0.1,Normal,0
BGL,206,14-06-2005 16:37,34,R25-M1-N3-C:J16-U01,KERNEL,FATAL,data address: 0x00000002,E50,data address: <*>,0.1,Normal,0
BGL,207,14-06-2005 16:41,234,R20-M1-N3-C:J14-U01,KERNEL,FATAL,machine check: i-fetch......................0,E84,machine check: i-fetch......................<*>,0.1,Normal,0
BGL,208,14-06-2005 16:42,37,R25-M1-N9-C:J06-U11,KERNEL,FATAL,machine check: i-fetch......................0,E84,machine check: i-fetch......................<*>,0.1,Normal,0
BGL,209,14-06-2005 16:43,61,R20-M0-N2-C:J13-U11,KERNEL,FATAL,program interrupt: illegal instruction......0,E101,program interrupt: illegal instruction......<*>,0.1,Normal,0
BGL,210,14-06-2005 16:51,516,R20-M0-NE-C:J02-U01,KERNEL,FATAL,data storage interrupt,E52,data storage interrupt,0.9,Risk,2
BGL,211,14-06-2005 16:52,45,R25-M0-NB-C:J02-U11,KERNEL,FATAL,data storage interrupt,E52,data storage interrupt,0.9,Risk,2
BGL,212,14-06-2005 16:52,13,R11-M1-N6-C:J12-U01,KERNEL,FATAL,data storage interrupt,E52,data storage interrupt,0.9,Risk,2
BGL,213,14-06-2005 16:52,10,R24-M1-N6-C:J13-U01,KERNEL,FATAL,data storage interrupt,E52,data storage interrupt,0.9,Risk,2
BGL,214,14-06-2005 16:53,36,R07-M1-N2-C:J05-U11,KERNEL,FATAL,data storage interrupt,E52,data storage interrupt,0.9,Risk,2
BGL,215,14-06-2005 16:53,16,R21-M1-NB-C:J12-U01,KERNEL,FATAL,instruction address: 0x00004ed8,E76,instruction address: <*>,0.1,Normal,0
BGL,216,14-06-2005 16:54,27,R05-M1-NB-C:J07-U11,KERNEL,FATAL,data storage interrupt,E52,data storage interrupt,0.9,Risk,2
BGL,217,14-06-2005 16:54,26,R24-M1-N7-C:J08-U01,KERNEL,FATAL,instruction address: 0x00004ed8,E76,instruction address: <*>,0.1,Normal,0
BGL,218,14-06-2005 16:54,17,R16-M0-N4-C:J02-U11,KERNEL,FATAL,data storage interrupt,E52,data storage interrupt,0.9,Risk,2
BGL,219,14-06-2005 16:55,24,R20-M1-N7-C:J16-U01,KERNEL,FATAL,data address: 0x00000002,E50,data address: <*>,0.1,Normal,0
BGL,220,14-06-2005 16:55,10,R03-M1-N8-C:J13-U11,KERNEL,FATAL,data storage interrupt,E52,data storage interrupt,0.9,Risk,2
BGL,221,14-06-2005 16:55,37,R25-M0-NF-C:J05-U01,KERNEL,FATAL,data address: 0x00000002,E50,data address: <*>,0.1,Normal,0
BGL,222,14-06-2005 16:56,4,R25-M0-ND-C:J04-U01,KERNEL,FATAL,data address: 0x00000002,E50,data address: <*>,0.1,Normal,0
BGL,223,14-06-2005 16:56,16,R06-M1-NC-C:J11-U01,KERNEL,FATAL,data storage interrupt,E52,data storage interrupt,0.9,Risk,2
BGL,224,14-06-2005 16:56,8,R24-M1-N6-C:J11-U01,KERNEL,FATAL,data address: 0x00000002,E50,data address: <*>,0.1,Normal,0
BGL,225,14-06-2005 16:59,171,R25-M0-N3-C:J13-U11,KERNEL,FATAL,machine check: i-fetch......................0,E84,machine check: i-fetch......................<*>,0.1,Normal,0
BGL,226,14-06-2005 17:15,966,R20-M0-ND-C:J15-U11,KERNEL,FATAL,data storage interrupt,E52,data storage interrupt,0.9,Risk,2
BGL,227,14-06-2005 17:16,85,R25-M1-NF-C:J16-U01,KERNEL,FATAL,data storage interrupt,E52,data storage interrupt,0.9,Risk,2
BGL,228,14-06-2005 17:17,35,R21-M0-NC-C:J13-U11,KERNEL,FATAL,data storage interrupt,E52,data storage interrupt,0.9,Risk,2
BGL,229,14-06-2005 17:17,1,R21-M0-N4-C:J05-U11,KERNEL,FATAL,data storage interrupt,E52,data storage interrupt,0.9,Risk,2
BGL,230,14-06-2005 17:17,6,R26-M0-N9-C:J12-U01,KERNEL,FATAL,data address: 0x00000002,E50,data address: <*>,0.1,Normal,0
BGL,231,14-06-2005 17:18,39,R20-M0-N3-C:J06-U01,KERNEL,FATAL,instruction address: 0x00004ed8,E76,instruction address: <*>,0.1,Normal,0
BGL,232,14-06-2005 17:18,41,R27-M1-NA-C:J16-U11,KERNEL,FATAL,exception syndrome register: 0x00800000,E61,exception syndrome register: <*>,0.1,Normal,0
BGL,233,14-06-2005 17:19,31,R26-M0-N4-C:J16-U01,KERNEL,FATAL,exception syndrome register: 0x00800000,E61,exception syndrome register: <*>,0.1,Normal,0
BGL,234,14-06-2005 17:19,1,R26-M0-N0-C:J04-U11,KERNEL,FATAL,exception syndrome register: 0x00800000,E61,exception syndrome register: <*>,0.1,Normal,0
BGL,235,14-06-2005 17:19,12,R26-M1-NC-C:J13-U11,KERNEL,FATAL,exception syndrome register: 0x00800000,E61,exception syndrome register: <*>,0.1,Normal,0
BGL,236,14-06-2005 17:20,75,R26-M0-N5-C:J08-U01,KERNEL,FATAL,program interrupt: illegal instruction......0,E101,program interrupt: illegal instruction......<*>,0.1,Normal,0
BGL,237,14-06-2005 17:21,48,R26-M0-N0-C:J02-U01,KERNEL,FATAL,program interrupt: illegal instruction......0,E101,program interrupt: illegal instruction......<*>,0.1,Normal,0
BGL,238,14-06-2005 17:21,8,R21-M1-N4-C:J10-U01,KERNEL,FATAL,data address: 0x00000002,E50,data address: <*>,0.1,Normal,0
BGL,239,14-06-2005 17:23,106,R25-M1-N3-C:J16-U01,KERNEL,FATAL,exception syndrome register: 0x00800000,E61,exception syndrome register: <*>,0.1,Normal,0
BGL,240,14-06-2005 17:26,173,R20-M1-N8-C:J08-U11,KERNEL,FATAL,machine check: i-fetch......................0,E84,machine check: i-fetch......................<*>,0.1,Normal,0
BGL,241,14-06-2005 17:26,7,R26-M0-NA-C:J04-U11,KERNEL,FATAL,data store interrupt caused by dcbf.........0,E53,data store interrupt caused by dcbf.........<*>,0.1,Normal,0
BGL,242,14-06-2005 17:26,2,R20-M0-N4-C:J15-U01,KERNEL,FATAL,machine check: i-fetch......................0,E84,machine check: i-fetch......................<*>,0.1,Normal,0
BGL,243,14-06-2005 17:26,4,R26-M0-N2-C:J05-U01,KERNEL,FATAL,data store interrupt caused by dcbf.........0,E53,data store interrupt caused by dcbf.........<*>,0.1,Normal,0
BGL,244,14-06-2005 17:27,31,R20-M0-ND-C:J05-U01,KERNEL,FATAL,program interrupt: illegal instruction......0,E101,program interrupt: illegal instruction......<*>,0.1,Normal,0
BGL,245,14-06-2005 17:28,73,R21-M1-N6-C:J03-U11,KERNEL,FATAL,program interrupt: illegal instruction......0,E101,program interrupt: illegal instruction......<*>,0.1,Normal,0
BGL,246,14-06-2005 17:30,126,R25-M1-N6-C:J15-U11,KERNEL,FATAL,program interrupt: privileged instruction...0,E103,program interrupt: privileged instruction...<*>,0.1,Normal,0
BGL,247,14-06-2005 17:30,9,R25-M1-N3-C:J14-U11,KERNEL,FATAL,program interrupt: privileged instruction...0,E103,program interrupt: privileged instruction...<*>,0.1,Normal,0
BGL,248,14-06-2005 17:31,73,R20-M1-NB-C:J03-U11,KERNEL,FATAL,program interrupt: trap instruction.........0,E104,program interrupt: trap instruction.........<*>,0.1,Normal,0
BGL,249,14-06-2005 17:32,66,R27-M0-N3-C:J15-U01,KERNEL,FATAL,program interrupt: imprecise exception......0,E102,program interrupt: imprecise exception......<*>,0.1,Normal,0
BGL,250,14-06-2005 17:36,228,R24-M1-NE-C:J15-U11,KERNEL,FATAL,store operation.............................1,E116,store operation.............................<*>,0.1,Normal,0
BGL,251,14-06-2005 17:37,22,R20-M0-NF-C:J07-U01,KERNEL,FATAL,store operation.............................1,E116,store operation.............................<*>,0.1,Normal,0
BGL,252,14-06-2005 17:37,21,R27-M1-N9-C:J11-U11,KERNEL,FATAL,machine state register: 0x00002000,E85,machine state register: <*>,0.1,Normal,0
BGL,253,14-06-2005 17:41,272,R24-M0-N5-C:J05-U01,KERNEL,FATAL,data store interrupt caused by icbi.........0,E54,data store interrupt caused by icbi.........<*>,0.1,Normal,0
BGL,254,14-06-2005 17:42,36,R26-M0-N4-C:J15-U11,KERNEL,FATAL,"problem state (0=sup,1=usr).......0",E97,"problem state (<*>=sup,<*>=usr).......<*>",0.1,Normal,0
BGL,255,14-06-2005 17:43,35,R21-M1-N4-C:J17-U11,KERNEL,FATAL,data store interrupt caused by icbi.........0,E54,data store interrupt caused by icbi.........<*>,0.1,Normal,0
BGL,256,14-06-2005 17:43,12,R25-M0-N8-C:J16-U11,KERNEL,FATAL,data store interrupt caused by icbi.........0,E54,data store interrupt caused by icbi.........<*>,0.1,Normal,0
BGL,257,14-06-2005 17:43,0,R26-M1-NF-C:J11-U11,KERNEL,FATAL,floating point instr. enabled.....1,E62,floating point instr. enabled.....<*>,0.1,Normal,0
BGL,258,14-06-2005 17:43,6,R27-M0-N2-C:J12-U11,KERNEL,FATAL,floating point instr. enabled.....1,E62,floating point instr. enabled.....<*>,0.1,Normal,0
BGL,259,14-06-2005 17:43,7,R27-M1-NF-C:J03-U11,KERNEL,FATAL,floating point instr. enabled.....1,E62,floating point instr. enabled.....<*>,0.1,Normal,0
BGL,260,14-06-2005 17:44,61,R24-M0-NF-C:J09-U01,KERNEL,FATAL,auxiliary processor.........................0,E15,auxiliary processor.........................<*>,0.1,Normal,0
BGL,261,14-06-2005 17:44,10,R27-M1-ND-C:J09-U01,KERNEL,FATAL,machine check enable..............0,E83,machine check enable..............<*>,0.1,Normal,0
BGL,262,14-06-2005 17:44,13,R26-M1-N4-C:J13-U11,KERNEL,FATAL,machine check enable..............0,E83,machine check enable..............<*>,0.1,Normal,0
BGL,263,14-06-2005 17:45,17,R26-M0-N5-C:J11-U11,KERNEL,FATAL,floating pt ex mode 0 enable......0,E63,floating pt ex mode <*> enable......<*>,0.1,Normal,0
BGL,264,14-06-2005 17:47,144,R24-M0-NA-C:J16-U11,KERNEL,FATAL,program interrupt: unimplemented operation..0,E105,program interrupt: unimplemented operation..<*>,0.1,Normal,0
BGL,265,14-06-2005 17:48,43,R27-M1-N8-C:J09-U11,KERNEL,FATAL,debug interrupt enable............0,E57,debug interrupt enable............<*>,0.1,Normal,0
BGL,266,14-06-2005 17:48,28,R26-M1-N6-C:J05-U01,KERNEL,FATAL,floating pt ex mode 1 enable......0,E63,floating pt ex mode <*> enable......<*>,0.1,Normal,0
BGL,267,14-06-2005 17:49,54,R21-M1-N6-C:J13-U11,KERNEL,FATAL,byte ordering exception.....................0,E16,byte ordering exception.....................<*>,0.1,Normal,0
BGL,268,14-06-2005 17:50,25,R20-M1-N8-C:J15-U11,KERNEL,FATAL,byte ordering exception.....................0,E16,byte ordering exception.....................<*>,0.1,Normal,0
BGL,269,14-06-2005 17:51,60,R27-M1-N9-C:J03-U01,KERNEL,FATAL,data address space................0,E49,data address space................<*>,0.1,Normal,0
BGL,270,14-06-2005 17:51,6,R26-M1-NA-C:J06-U01,KERNEL,FATAL,data address space................0,E49,data address space................<*>,0.1,Normal,0
BGL,271,14-06-2005 17:51,41,R25-M0-N6-C:J14-U11,KERNEL,FATAL,program interrupt: imprecise exception......0,E102,program interrupt: imprecise exception......<*>,0.1,Normal,0
BGL,272,14-06-2005 17:52,12,R26-M0-NF-C:J15-U01,KERNEL,FATAL,core configuration register: 0x00002000,E43,core configuration register: <*>,0.1,Normal,0
BGL,273,14-06-2005 17:52,40,R25-M1-N0-C:J07-U11,KERNEL,FATAL,program interrupt: imprecise exception......0,E102,program interrupt: imprecise exception......<*>,0.1,Normal,0
BGL,274,14-06-2005 17:54,111,R21-M1-N5-C:J05-U11,KERNEL,FATAL,program interrupt: fp cr update.............0,E100,program interrupt: fp cr update.............<*>,0.1,Normal,0
BGL,275,14-06-2005 17:57,144,R26-M1-ND-C:J05-U11,KERNEL,FATAL,guaranteed instruction cache block touch.0,E69,guaranteed instruction cache block touch.<*>,0.1,Normal,0
BGL,276,14-06-2005 17:57,24,R26-M0-N8-C:J03-U01,KERNEL,FATAL,guaranteed instruction cache block touch.0,E69,guaranteed instruction cache block touch.<*>,0.1,Normal,0
BGL,277,14-06-2005 17:57,28,R20-M1-NB-C:J11-U11,KERNEL,FATAL,program interrupt: fp cr field .............0,E99,program interrupt: fp cr field .............<*>,0.1,Normal,0
BGL,278,14-06-2005 17:58,34,R24-M1-N5-C:J09-U01,KERNEL,FATAL,program interrupt: fp cr field .............0,E99,program interrupt: fp cr field .............<*>,0.1,Normal,0
BGL,279,14-06-2005 17:58,8,R24-M0-N2-C:J04-U01,KERNEL,FATAL,program interrupt: fp cr field .............0,E99,program interrupt: fp cr field .............<*>,0.1,Normal,0
BGL,280,14-06-2005 17:58,11,R27-M1-N4-C:J05-U11,KERNEL,FATAL,guaranteed data cache block touch........1,E68,guaranteed data cache block touch........<*>,0.1,Normal,0
BGL,281,14-06-2005 17:58,6,R24-M0-ND-C:J02-U11,KERNEL,FATAL,program interrupt: fp cr field .............0,E99,program interrupt: fp cr field .............<*>,0.1,Normal,0
BGL,282,14-06-2005 17:59,54,R27-M0-N7-C:J02-U01,KERNEL,FATAL,force load/store alignment...............0,E64,force load/store alignment...............<*>,0.1,Normal,0
BGL,283,14-06-2005 18:00,34,R26-M0-N6-C:J14-U11,KERNEL,FATAL,icache prefetch depth....................0,E71,icache prefetch depth....................<*>,0.1,Normal,0
BGL,284,14-06-2005 18:00,35,R24-M0-N2-C:J16-U11,KERNEL,FATAL,machine state register: 0x00002000,E85,machine state register: <*>,0.1,Normal,0
BGL,285,14-06-2005 18:01,13,R21-M1-N2-C:J10-U11,KERNEL,FATAL,machine state register: 0x00002000,E85,machine state register: <*>,0.1,Normal,0
BGL,286,14-06-2005 18:02,52,R27-M0-N1-C:J15-U01,KERNEL,FATAL,icache prefetch threshold................0,E72,icache prefetch threshold................<*>,0.1,Normal,0
BGL,287,14-06-2005 18:02,0,R27-M0-N1-C:J08-U11,KERNEL,FATAL,icache prefetch threshold................0,E72,icache prefetch threshold................<*>,0.1,Normal,0
BGL,288,14-06-2005 18:02,28,R24-M0-NC-C:J12-U11,KERNEL,FATAL,machine state register: 0x00002000,E85,machine state register: <*>,0.1,Normal,0
BGL,289,14-06-2005 18:03,38,R20-M0-N3-C:J06-U11,KERNEL,FATAL,wait state enable.................0,E120,wait state enable.................<*>,0.1,Normal,0
BGL,290,14-06-2005 18:05,149,R24-M0-N7-C:J06-U01,KERNEL,FATAL,critical input interrupt enable...0,E48,critical input interrupt enable...<*>,0.1,Normal,0
BGL,291,14-06-2005 18:09,248,R20-M1-N1-C:J10-U01,KERNEL,FATAL,"problem state (0=sup,1=usr).......0",E97,"problem state (<*>=sup,<*>=usr).......<*>",0.1,Normal,0
BGL,292,14-06-2005 18:10,17,R21-M1-NA-C:J07-U01,KERNEL,FATAL,"problem state (0=sup,1=usr).......0",E97,"problem state (<*>=sup,<*>=usr).......<*>",0.1,Normal,0
BGL,293,14-06-2005 18:12,170,R21-M0-NF-C:J09-U01,KERNEL,FATAL,floating point instr. enabled.....1,E62,floating point instr. enabled.....<*>,0.1,Normal,0
BGL,294,14-06-2005 18:13,38,R27-M0-N9-C:J12-U01,KERNEL,FATAL,special purpose registers:,E115,special purpose registers:,0.1,Normal,0
BGL,295,14-06-2005 18:14,67,R27-M1-N3-C:J04-U11,KERNEL,FATAL,lr:00004ed0 cr:28244842 xer:20000002 ctr:00086000,E79,lr:<*> cr:<*> xer:<*> ctr:<*>,0.1,Normal,0
BGL,296,14-06-2005 18:15,50,R27-M0-N6-C:J02-U11,KERNEL,FATAL,rts internal error,E107,rts internal error,0.1,Normal,0
BGL,297,14-06-2005 18:17,104,R21-M0-N2-C:J17-U11,KERNEL,FATAL,floating pt ex mode 0 enable......0,E63,floating pt ex mode <*> enable......<*>,0.1,Normal,0
BGL,298,14-06-2005 18:17,18,R20-M1-NF-C:J14-U11,KERNEL,FATAL,floating pt ex mode 0 enable......0,E63,floating pt ex mode <*> enable......<*>,0.1,Normal,0
BGL,299,14-06-2005 18:20,203,R20-M1-N0-C:J10-U01,KERNEL,FATAL,debug wait enable.................0,E58,debug wait enable.................<*>,0.1,Normal,0
BGL,300,14-06-2005 18:23,172,R25-M0-N2-C:J04-U11,KERNEL,FATAL,floating pt ex mode 1 enable......0,E63,floating pt ex mode <*> enable......<*>,0.1,Normal,0
BGL,301,14-06-2005 18:26,194,R25-M1-N7-C:J09-U11,KERNEL,FATAL,instruction address space.........0,E75,instruction address space.........<*>,0.1,Normal,0
BGL,302,14-06-2005 18:29,123,R21-M0-N9-C:J08-U01,KERNEL,FATAL,data address space................0,E49,data address space................<*>,0.1,Normal,0
BGL,303,14-06-2005 18:29,9,R25-M1-NF-C:J16-U11,KERNEL,FATAL,data address space................0,E49,data address space................<*>,0.1,Normal,0
BGL,304,14-06-2005 18:29,22,R24-M1-N0-C:J04-U11,KERNEL,FATAL,data address space................0,E49,data address space................<*>,0.1,Normal,0
BGL,305,14-06-2005 18:30,35,R20-M1-N5-C:J13-U01,KERNEL,FATAL,core configuration register: 0x00002000,E43,core configuration register: <*>,0.1,Normal,0
BGL,306,14-06-2005 18:30,1,R20-M1-NA-C:J03-U01,KERNEL,FATAL,core configuration register: 0x00002000,E43,core configuration register: <*>,0.1,Normal,0
BGL,307,14-06-2005 18:30,29,R24-M0-NF-C:J08-U01,KERNEL,FATAL,core configuration register: 0x00002000,E43,core configuration register: <*>,0.1,Normal,0
BGL,308,14-06-2005 18:30,2,R21-M0-ND-C:J17-U11,KERNEL,FATAL,core configuration register: 0x00002000,E43,core configuration register: <*>,0.1,Normal,0
BGL,309,14-06-2005 18:31,23,R21-M0-N7-C:J02-U11,KERNEL,FATAL,core configuration register: 0x00002000,E43,core configuration register: <*>,0.1,Normal,0
BGL,310,14-06-2005 18:31,21,R24-M1-N6-C:J17-U01,KERNEL,FATAL,core configuration register: 0x00002000,E43,core configuration register: <*>,0.1,Normal,0
BGL,311,14-06-2005 18:32,58,R20-M1-NA-C:J04-U01,KERNEL,FATAL,disable store gathering..................0,E59,disable store gathering..................<*>,0.1,Normal,0
BGL,312,14-06-2005 18:33,70,R24-M0-NA-C:J14-U01,KERNEL,FATAL,disable store gathering..................0,E59,disable store gathering..................<*>,0.1,Normal,0
BGL,313,14-06-2005 18:34,31,R25-M1-N8-C:J03-U11,KERNEL,FATAL,disable store gathering..................0,E59,disable store gathering..................<*>,0.1,Normal,0
BGL,314,14-06-2005 21:12,9489,R22-M0-N7-C:J08-U11,KERNEL,INFO,generating core.42,E67,generating core.<*>,0.1,Normal,0
BGL,315,14-06-2005 21:27,922,R07-M0-N6-C:J11-U01,KERNEL,INFO,total of 1 ddr error(s) detected and corrected,E118,total of <*> ddr error(s) detected and corrected,0.1,Normal,0
BGL,316,15-06-2005 00:36,11349,R23-M0-ND-C:J13-U01,KERNEL,INFO,generating core.145,E67,generating core.<*>,0.1,Normal,0
BGL,317,15-06-2005 04:31,14113,R02-M1-N0-C:J12-U11,KERNEL,INFO,instruction cache parity error corrected,E77,instruction cache parity error corrected,0.1,Normal,0
BGL,318,15-06-2005 04:41,587,R02-M1-N0-C:J12-U11,KERNEL,INFO,instruction cache parity error corrected,E77,instruction cache parity error corrected,0.1,Normal,0
BGL,319,15-06-2005 04:51,598,R02-M1-N0-C:J12-U11,KERNEL,INFO,instruction cache parity error corrected,E77,instruction cache parity error corrected,0.1,Normal,0
BGL,320,15-06-2005 04:56,293,R02-M1-N0-C:J12-U11,KERNEL,INFO,instruction cache parity error corrected,E77,instruction cache parity error corrected,0.1,Normal,0
BGL,321,15-06-2005 05:18,1323,R02-M1-N0-C:J12-U11,KERNEL,INFO,instruction cache parity error corrected,E77,instruction cache parity error corrected,0.1,Normal,0
BGL,322,15-06-2005 05:23,323,R02-M1-N0-C:J12-U11,KERNEL,INFO,instruction cache parity error corrected,E77,instruction cache parity error corrected,0.1,Normal,0
BGL,323,15-06-2005 13:57,30796,R21-M1-N1-C:J07-U11,KERNEL,INFO,generating core.1978,E67,generating core.<*>,0.1,Normal,0
BGL,324,15-06-2005 13:57,22,R25-M1-N1-C:J15-U11,KERNEL,INFO,generating core.2040,E67,generating core.<*>,0.1,Normal,0
BGL,325,15-06-2005 14:40,2575,R22-M0-NE-C:J04-U11,KERNEL,INFO,generating core.15,E67,generating core.<*>,0.1,Normal,0
BGL,326,15-06-2005 16:17,5808,R02-M1-N0-C:J12-U11,KERNEL,INFO,instruction cache parity error corrected,E77,instruction cache parity error corrected,0.1,Normal,0
BGL,327,15-06-2005 16:22,304,R02-M1-N0-C:J12-U11,KERNEL,INFO,instruction cache parity error corrected,E77,instruction cache parity error corrected,0.1,Normal,0
BGL,328,15-06-2005 16:23,81,R02-M1-N0-C:J12-U11,KERNEL,INFO,instruction cache parity error corrected,E77,instruction cache parity error corrected,0.1,Normal,0
BGL,329,15-06-2005 16:24,35,R02-M1-N0-C:J12-U11,KERNEL,INFO,instruction cache parity error corrected,E77,instruction cache parity error corrected,0.1,Normal,0
BGL,330,15-06-2005 16:25,43,R02-M1-N0-C:J12-U11,KERNEL,INFO,instruction cache parity error corrected,E77,instruction cache parity error corrected,0.1,Normal,0
BGL,331,15-06-2005 16:25,3,R02-M1-N0-C:J12-U11,KERNEL,INFO,instruction cache parity error corrected,E77,instruction cache parity error corrected,0.1,Normal,0
BGL,332,15-06-2005 16:28,207,R02-M1-N0-C:J12-U11,KERNEL,INFO,instruction cache parity error corrected,E77,instruction cache parity error corrected,0.1,Normal,0
BGL,333,15-06-2005 16:31,163,R34-M1-N9-C:J07-U11,KERNEL,INFO,generating core.16218,E67,generating core.<*>,0.1,Normal,0
BGL,334,15-06-2005 18:28,7035,R02-M1-N0-C:J12-U11,KERNEL,INFO,instruction cache parity error corrected,E77,instruction cache parity error corrected,0.1,Normal,0
BGL,335,16-06-2005 08:03,48879,R02-M1-N1-C:J12-U01,KERNEL,INFO,instruction cache parity error corrected,E77,instruction cache parity error corrected,0.1,Normal,0
BGL,336,16-06-2005 08:49,2772,R34-M0-NF-C:J03-U01,KERNEL,INFO,generating core.8531,E67,generating core.<*>,0.1,Normal,0
BGL,337,16-06-2005 08:49,23,R27-M1-ND-C:J11-U01,KERNEL,INFO,generating core.2961,E67,generating core.<*>,0.1,Normal,0
BGL,338,16-06-2005 08:49,11,R04-M1-N8-C:J09-U11,KERNEL,INFO,generating core.15966,E67,generating core.<*>,0.1,Normal,0
BGL,339,16-06-2005 09:58,4092,R20-M1-N7-C:J08-U11,KERNEL,INFO,generating core.42,E67,generating core.<*>,0.1,Normal,0
BGL,340,16-06-2005 09:58,1,R24-M1-NE-C:J13-U11,KERNEL,INFO,generating core.93,E67,generating core.<*>,0.1,Normal,0
BGL,341,16-06-2005 10:00,158,R21-M1-N4-C:J12-U11,KERNEL,INFO,generating core.2605,E67,generating core.<*>,0.1,Normal,0
BGL,342,16-06-2005 10:00,6,R27-M0-N8-C:J11-U01,KERNEL,INFO,generating core.6037,E67,generating core.<*>,0.1,Normal,0
BGL,343,16-06-2005 10:01,7,R24-M1-N4-C:J07-U01,KERNEL,INFO,generating core.886,E67,generating core.<*>,0.1,Normal,0
BGL,344,16-06-2005 10:01,16,R23-M1-N4-C:J10-U11,KERNEL,INFO,generating core.3053,E67,generating core.<*>,0.1,Normal,0
BGL,345,16-06-2005 10:01,0,R23-M1-N4-C:J08-U01,KERNEL,INFO,generating core.2790,E67,generating core.<*>,0.1,Normal,0
BGL,346,16-06-2005 21:55,42826,R32-M1-N8-I:J18-U01,APP,FATAL,ciod: failed to read message prefix on control stream (CioStream socket to 172.16.96.116:51706,E33,ciod: failed to read message prefix on control stream (CioStream socket to <*>:<*>,0.9,Risk,2
BGL,347,16-06-2005 23:29,5650,R02-M1-N0-C:J12-U11,KERNEL,INFO,instruction cache parity error corrected,E77,instruction cache parity error corrected,0.1,Normal,0
BGL,348,18-06-2005 00:42,90806,R12-M1-NB-C:J15-U01,KERNEL,INFO,generating core.1488,E67,generating core.<*>,0.1,Normal,0
BGL,349,18-06-2005 14:08,48334,R16-M1-N2-C:J17-U01,KERNEL,INFO,"CE sym 2, at 0x0b85f680, mask 0x0e",E18,"CE sym <*>, at <*>, mask <*>",0.1,Normal,0
BGL,350,19-06-2005 03:25,47818,R36-M0-NF-C:J13-U01,KERNEL,INFO,generating core.2186,E67,generating core.<*>,0.1,Normal,0
BGL,351,19-06-2005 07:34,14944,R04-M0-N9-C:J07-U01,KERNEL,INFO,generating core.978,E67,generating core.<*>,0.1,Normal,0
BGL,352,19-06-2005 07:34,19,R05-M1-N3-C:J15-U11,KERNEL,INFO,generating core.2808,E67,generating core.<*>,0.1,Normal,0
BGL,353,19-06-2005 07:34,21,R01-M1-N4-C:J07-U01,KERNEL,INFO,generating core.2486,E67,generating core.<*>,0.1,Normal,0
BGL,354,20-06-2005 18:09,124472,R16-M1-N6-C:J08-U01,KERNEL,INFO,generating core.334,E67,generating core.<*>,0.1,Normal,0
BGL,355,20-06-2005 18:10,34,R17-M1-ND-C:J12-U11,KERNEL,INFO,generating core.5401,E67,generating core.<*>,0.1,Normal,0
BGL,356,20-06-2005 18:10,39,R00-M1-N3-C:J08-U11,KERNEL,INFO,generating core.14418,E67,generating core.<*>,0.1,Normal,0
BGL,357,20-06-2005 18:10,5,R12-M1-N2-C:J09-U11,KERNEL,INFO,generating core.2558,E67,generating core.<*>,0.1,Normal,0
BGL,358,20-06-2005 18:11,55,R11-M0-ND-C:J11-U11,KERNEL,INFO,generating core.9785,E67,generating core.<*>,0.1,Normal,0
BGL,359,20-06-2005 18:13,136,R01-M0-NE-C:J06-U01,KERNEL,INFO,generating core.4614,E67,generating core.<*>,0.1,Normal,0
BGL,360,20-06-2005 18:14,56,R13-M1-N8-C:J05-U11,KERNEL,INFO,generating core.7615,E67,generating core.<*>,0.1,Normal,0
BGL,361,20-06-2005 18:14,2,R10-M0-N8-C:J03-U11,KERNEL,INFO,generating core.15935,E67,generating core.<*>,0.1,Normal,0
BGL,362,20-06-2005 23:23,18540,R14-M1-N0-I:J18-U01,APP,FATAL,"ciod: Error loading /home/draeger/testQboxhang-nozerobytebug-nosleepyescomm: invalid or missing program image, No such file or directory",E28,"ciod: Error loading <*>: invalid or missing program image, No such file or directory",0.1,Normal,0
BGL,363,21-06-2005 02:04,9622,R12-M1-NC-I:J18-U11,APP,FATAL,ciod: Error creating node map from file /p/gb2/cabot/miranda/newmaps/8k_128x64x1_8x4x4.map: No child processes,E23,ciod: Error creating node map from file <*>: No child processes,0.9,Risk,2
BGL,364,21-06-2005 03:31,5211,R16-M1-N2-C:J17-U01,KERNEL,INFO,"CE sym 0, at 0x1b858280, mask 0x40",E18,"CE sym <*>, at <*>, mask <*>",0.1,Normal,0
BGL,365,21-06-2005 18:14,53012,R20-M0-N9-C:J11-U11,KERNEL,INFO,generating core.8089,E67,generating core.<*>,0.1,Normal,0
BGL,366,21-06-2005 18:14,2,R20-M1-N2-C:J17-U01,KERNEL,INFO,generating core.4660,E67,generating core.<*>,0.1,Normal,0
BGL,367,21-06-2005 18:15,29,R24-M1-NB-C:J11-U01,KERNEL,INFO,generating core.721,E67,generating core.<*>,0.1,Normal,0
BGL,368,21-06-2005 18:15,47,R21-M1-N6-C:J02-U01,KERNEL,INFO,generating core.5287,E67,generating core.<*>,0.1,Normal,0
BGL,369,21-06-2005 18:16,28,R20-M1-N8-C:J04-U11,KERNEL,INFO,generating core.783,E67,generating core.<*>,0.1,Normal,0
BGL,370,21-06-2005 19:24,4099,R05-M1-N8-C:J13-U01,KERNEL,INFO,"1 ddr errors(s) detected and corrected on rank 0, symbol 17, bit 1",E2,"<*> ddr errors(s) detected and corrected on rank <*>, symbol <*>, bit <*>",0.1,Normal,0
BGL,371,21-06-2005 19:58,2015,R02-M1-N0-C:J12-U11,KERNEL,INFO,instruction cache parity error corrected,E77,instruction cache parity error corrected,0.1,Normal,0
BGL,372,22-06-2005 01:07,18556,R22-M0-N4-I:J18-U11,APP,FATAL,"ciod: Error loading ./runtime_malloc: invalid or missing program image, No such file or directory",E28,"ciod: Error loading <*>: invalid or missing program image, No such file or directory",0.1,Normal,0
BGL,373,22-06-2005 14:35,48483,R02-M1-N0-C:J12-U11,KERNEL,INFO,instruction cache parity error corrected,E77,instruction cache parity error corrected,0.1,Normal,0
BGL,374,22-06-2005 21:29,24859,R22-M0-NA-C:J02-U11,KERNEL,INFO,199680 double-hummer alignment exceptions,E3,<*> double-hummer alignment exceptions,0.1,Normal,0
BGL,375,22-06-2005 22:20,3016,R20-M0-N3-C:J14-U01,KERNEL,INFO,1969920 double-hummer alignment exceptions,E3,<*> double-hummer alignment exceptions,0.1,Normal,0
BGL,376,22-06-2005 22:28,498,R20-M0-N6-C:J03-U01,KERNEL,INFO,2576000 double-hummer alignment exceptions,E3,<*> double-hummer alignment exceptions,0.1,Normal,0
BGL,377,22-06-2005 22:28,7,R21-M1-N1-C:J08-U11,KERNEL,INFO,2576000 double-hummer alignment exceptions,E3,<*> double-hummer alignment exceptions,0.1,Normal,0
BGL,378,22-06-2005 23:01,1988,R22-M1-NA-C:J04-U11,KERNEL,INFO,6182400 double-hummer alignment exceptions,E3,<*> double-hummer alignment exceptions,0.1,Normal,0
BGL,379,23-06-2005 16:53,64331,R23-M1-N7-C:J02-U01,KERNEL,INFO,6182400 double-hummer alignment exceptions,E3,<*> double-hummer alignment exceptions,0.1,Normal,0
BGL,380,23-06-2005 23:27,23600,R22-M0-N6-C:J12-U11,KERNEL,INFO,6182400 double-hummer alignment exceptions,E3,<*> double-hummer alignment exceptions,0.1,Normal,0
BGL,381,24-06-2005 00:02,2128,R23-M1-N7-C:J14-U01,KERNEL,INFO,3091200 double-hummer alignment exceptions,E3,<*> double-hummer alignment exceptions,0.1,Normal,0
BGL,382,24-06-2005 00:02,5,R23-M1-ND-C:J02-U01,KERNEL,INFO,3091200 double-hummer alignment exceptions,E3,<*> double-hummer alignment exceptions,0.1,Normal,0
BGL,383,24-06-2005 00:13,661,R23-M1-N8-C:J06-U01,KERNEL,INFO,3091200 double-hummer alignment exceptions,E3,<*> double-hummer alignment exceptions,0.1,Normal,0
BGL,384,24-06-2005 15:09,53769,R03-M0-NB-C:J10-U11,KERNEL,INFO,"CE sym 12, at 0x1b786f60, mask 0x04",E18,"CE sym <*>, at <*>, mask <*>",0.1,Normal,0
BGL,385,24-06-2005 18:36,12362,R16-M1-N2-C:J17-U01,KERNEL,INFO,"CE sym 0, at 0x1b8584e0, mask 0x80",E18,"CE sym <*>, at <*>, mask <*>",0.1,Normal,0
BGL,386,25-06-2005 05:38,39743,R36-M0-N5-C:J03-U01,KERNEL,INFO,"CE sym 23, at 0x03f89c00, mask 0x10",E18,"CE sym <*>, at <*>, mask <*>",0.1,Normal,0
BGL,387,25-06-2005 10:02,15863,R22-M0-NF-C:J02-U01,KERNEL,INFO,23431872 double-hummer alignment exceptions,E3,<*> double-hummer alignment exceptions,0.1,Normal,0
BGL,388,25-06-2005 10:34,1880,R31-M1-ND-C:J05-U01,KERNEL,INFO,259966605 double-hummer alignment exceptions,E3,<*> double-hummer alignment exceptions,0.1,Normal,0
BGL,389,25-06-2005 10:34,43,R35-M0-NF-C:J11-U11,KERNEL,INFO,255244071 double-hummer alignment exceptions,E3,<*> double-hummer alignment exceptions,0.1,Normal,0
BGL,390,25-06-2005 10:35,65,R32-M0-N4-C:J02-U01,KERNEL,INFO,259822751 double-hummer alignment exceptions,E3,<*> double-hummer alignment exceptions,0.1,Normal,0
BGL,391,25-06-2005 15:55,19160,R30-M1-N7-C:J12-U01,KERNEL,INFO,generating core.24721,E67,generating core.<*>,0.1,Normal,0
BGL,392,25-06-2005 15:56,77,R20-M1-NB-C:J17-U01,KERNEL,INFO,generating core.4184,E67,generating core.<*>,0.1,Normal,0
BGL,393,25-06-2005 15:58,108,R26-M0-N6-C:J13-U11,KERNEL,INFO,generating core.58109,E67,generating core.<*>,0.1,Normal,0
BGL,394,25-06-2005 15:58,24,R27-M1-N7-C:J10-U01,KERNEL,INFO,generating core.9881,E67,generating core.<*>,0.1,Normal,0
BGL,395,25-06-2005 16:00,118,R21-M0-ND-C:J03-U11,KERNEL,INFO,generating core.19579,E67,generating core.<*>,0.1,Normal,0
BGL,396,25-06-2005 16:01,67,R34-M0-N2-C:J12-U01,KERNEL,INFO,generating core.4501,E67,generating core.<*>,0.1,Normal,0
BGL,397,25-06-2005 16:02,33,R31-M1-NE-C:J06-U11,KERNEL,INFO,generating core.50230,E67,generating core.<*>,0.1,Normal,0
BGL,398,25-06-2005 16:02,4,R30-M1-NA-C:J14-U11,KERNEL,INFO,generating core.62516,E67,generating core.<*>,0.1,Normal,0
BGL,399,25-06-2005 16:03,46,R34-M1-ND-C:J10-U01,KERNEL,INFO,generating core.27921,E67,generating core.<*>,0.1,Normal,0
BGL,400,25-06-2005 16:03,21,R25-M0-N6-C:J08-U11,KERNEL,INFO,generating core.16830,E67,generating core.<*>,0.1,Normal,0
BGL,401,25-06-2005 16:04,40,R21-M1-N7-C:J10-U01,KERNEL,INFO,generating core.9369,E67,generating core.<*>,0.1,Normal,0
BGL,402,25-06-2005 16:06,114,R23-M1-N6-C:J14-U01,KERNEL,INFO,generating core.10140,E67,generating core.<*>,0.1,Normal,0
BGL,403,25-06-2005 16:06,26,R32-M0-NA-C:J13-U11,KERNEL,INFO,generating core.37749,E67,generating core.<*>,0.1,Normal,0
BGL,404,25-06-2005 16:06,9,R35-M0-N6-C:J06-U11,KERNEL,INFO,generating core.9654,E67,generating core.<*>,0.1,Normal,0
BGL,405,25-06-2005 16:06,10,R23-M0-N9-C:J05-U01,KERNEL,INFO,generating core.56155,E67,generating core.<*>,0.1,Normal,0
BGL,406,25-06-2005 16:07,13,R24-M1-N9-C:J06-U11,KERNEL,INFO,generating core.40250,E67,generating core.<*>,0.1,Normal,0
BGL,407,25-06-2005 16:10,194,R15-M1-NB-C:J12-U11,KERNEL,INFO,generating core.45353,E67,generating core.<*>,0.1,Normal,0
BGL,408,25-06-2005 16:10,15,R15-M1-NF-C:J07-U11,KERNEL,INFO,generating core.9578,E67,generating core.<*>,0.1,Normal,0
BGL,409,25-06-2005 16:10,11,R17-M1-N9-C:J16-U01,KERNEL,INFO,generating core.14856,E67,generating core.<*>,0.1,Normal,0
BGL,410,25-06-2005 16:11,63,R00-M1-NA-C:J14-U01,KERNEL,INFO,generating core.62468,E67,generating core.<*>,0.1,Normal,0
BGL,411,25-06-2005 16:12,14,R16-M1-NA-C:J02-U01,KERNEL,INFO,generating core.38415,E67,generating core.<*>,0.1,Normal,0
BGL,412,25-06-2005 16:13,58,R00-M0-N1-C:J09-U11,KERNEL,INFO,generating core.39138,E67,generating core.<*>,0.1,Normal,0
BGL,413,25-06-2005 18:43,9028,R21-M1-N5-C:J08-U01,KERNEL,INFO,generating core.10394,E67,generating core.<*>,0.1,Normal,0
BGL,414,25-06-2005 18:44,32,R05-M0-N7-C:J04-U01,KERNEL,INFO,generating core.41347,E67,generating core.<*>,0.1,Normal,0
BGL,415,25-06-2005 18:44,31,R04-M0-N1-C:J03-U01,KERNEL,INFO,generating core.7619,E67,generating core.<*>,0.1,Normal,0
BGL,416,25-06-2005 18:45,77,R31-M1-N2-C:J07-U01,KERNEL,INFO,generating core.54486,E67,generating core.<*>,0.1,Normal,0
BGL,417,25-06-2005 18:46,12,R33-M1-N2-C:J10-U01,KERNEL,INFO,generating core.22421,E67,generating core.<*>,0.1,Normal,0
BGL,418,25-06-2005 18:47,85,R33-M1-NE-C:J11-U01,KERNEL,INFO,generating core.18261,E67,generating core.<*>,0.1,Normal,0
BGL,419,25-06-2005 18:48,35,R20-M0-N7-C:J15-U11,KERNEL,INFO,generating core.58616,E67,generating core.<*>,0.1,Normal,0
BGL,420,25-06-2005 18:48,25,R27-M1-N9-C:J17-U11,KERNEL,INFO,generating core.47736,E67,generating core.<*>,0.1,Normal,0
BGL,421,25-06-2005 18:49,47,R24-M0-N7-C:J17-U01,KERNEL,INFO,generating core.25048,E67,generating core.<*>,0.1,Normal,0
BGL,422,25-06-2005 18:49,0,R24-M0-N7-C:J10-U01,KERNEL,INFO,generating core.58777,E67,generating core.<*>,0.1,Normal,0
BGL,423,25-06-2005 18:51,124,R33-M0-N1-C:J11-U11,KERNEL,INFO,generating core.49137,E67,generating core.<*>,0.1,Normal,0
BGL,424,25-06-2005 18:51,13,R27-M1-NF-C:J10-U11,KERNEL,INFO,generating core.42553,E67,generating core.<*>,0.1,Normal,0
BGL,425,25-06-2005 19:04,791,R10-M1-NA-C:J13-U11,KERNEL,INFO,generating core.2109,E67,generating core.<*>,0.1,Normal,0
BGL,426,25-06-2005 19:06,95,R14-M1-N6-C:J06-U01,KERNEL,INFO,generating core.718,E67,generating core.<*>,0.1,Normal,0
BGL,427,25-06-2005 19:09,174,R01-M1-NB-C:J14-U01,KERNEL,INFO,generating core.10752,E67,generating core.<*>,0.1,Normal,0
BGL,428,25-06-2005 19:10,85,R06-M0-N7-C:J04-U01,KERNEL,INFO,generating core.323,E67,generating core.<*>,0.1,Normal,0
BGL,429,25-06-2005 21:51,9673,R01-M1-N8-I:J18-U11,APP,FATAL,"ciod: Error loading /home/glosli/src/ddcMD/ddcMD/1.1.13/ddcMDbglV: invalid or missing program image, No such file or directory",E28,"ciod: Error loading <*>: invalid or missing program image, No such file or directory",0.1,Normal,0
BGL,430,26-06-2005 15:25,63197,R01-M1-ND-C:J15-U11,KERNEL,INFO,"CE sym 5, at 0x11042a80, mask 0x04",E18,"CE sym <*>, at <*>, mask <*>",0.1,Normal,0
BGL,431,26-06-2005 16:00,2155,R02-M1-N0-C:J12-U11,KERNEL,INFO,instruction cache parity error corrected,E77,instruction cache parity error corrected,0.1,Normal,0
BGL,432,26-06-2005 16:19,1096,R03-M0-N9-C:J09-U01,KERNEL,INFO,generating core.21112,E67,generating core.<*>,0.1,Normal,0
BGL,433,26-06-2005 16:19,26,R07-M1-N0-C:J15-U11,KERNEL,INFO,program interrupt,E98,program interrupt,0.1,Normal,0
BGL,434,26-06-2005 16:20,67,R36-M1-NC-C:J06-U11,KERNEL,INFO,generating core.28370,E67,generating core.<*>,0.1,Normal,0
BGL,435,26-06-2005 16:24,236,R36-M0-ND-C:J13-U11,KERNEL,INFO,program interrupt: illegal instruction......1,E101,program interrupt: illegal instruction......<*>,0.1,Normal,0
BGL,436,26-06-2005 16:25,65,R01-M1-N0-C:J04-U11,KERNEL,INFO,program interrupt: illegal instruction......1,E101,program interrupt: illegal instruction......<*>,0.1,Normal,0
BGL,437,26-06-2005 16:26,58,R05-M1-N9-C:J14-U11,KERNEL,INFO,program interrupt: privileged instruction...0,E103,program interrupt: privileged instruction...<*>,0.1,Normal,0
BGL,438,26-06-2005 16:31,261,R36-M1-ND-C:J16-U11,KERNEL,INFO,data store interrupt caused by dcbf.........0,E53,data store interrupt caused by dcbf.........<*>,0.1,Normal,0
BGL,439,26-06-2005 16:32,60,R05-M0-NE-C:J05-U01,KERNEL,INFO,data store interrupt caused by icbi.........0,E54,data store interrupt caused by icbi.........<*>,0.1,Normal,0
BGL,440,26-06-2005 16:32,22,R35-M0-NB-C:J16-U01,KERNEL,INFO,data store interrupt caused by icbi.........0,E54,data store interrupt caused by icbi.........<*>,0.1,Normal,0
BGL,441,26-06-2005 16:33,49,R01-M0-N2-C:J08-U01,KERNEL,INFO,auxiliary processor.........................0,E15,auxiliary processor.........................<*>,0.1,Normal,0
BGL,442,26-06-2005 16:33,3,R00-M0-NB-C:J09-U01,KERNEL,INFO,auxiliary processor.........................0,E15,auxiliary processor.........................<*>,0.1,Normal,0
BGL,443,26-06-2005 16:33,6,R06-M0-NE-C:J12-U11,KERNEL,INFO,auxiliary processor.........................0,E15,auxiliary processor.........................<*>,0.1,Normal,0
BGL,444,26-06-2005 16:34,85,R00-M1-N3-C:J11-U01,KERNEL,INFO,program interrupt: unimplemented operation..0,E105,program interrupt: unimplemented operation..<*>,0.1,Normal,0
BGL,445,26-06-2005 16:36,112,R36-M0-N9-C:J12-U01,KERNEL,INFO,program interrupt: imprecise exception......0,E102,program interrupt: imprecise exception......<*>,0.1,Normal,0
BGL,446,26-06-2005 16:37,51,R02-M1-N4-C:J12-U01,KERNEL,INFO,program interrupt: imprecise exception......0,E102,program interrupt: imprecise exception......<*>,0.1,Normal,0
BGL,447,26-06-2005 17:28,3048,R05-M0-N3-C:J11-U11,KERNEL,INFO,generating core.14700,E67,generating core.<*>,0.1,Normal,0
BGL,448,26-06-2005 17:28,35,R05-M0-N7-C:J13-U01,KERNEL,INFO,program interrupt,E98,program interrupt,0.1,Normal,0
BGL,449,26-06-2005 17:29,16,R03-M1-NC-C:J05-U11,KERNEL,INFO,program interrupt,E98,program interrupt,0.1,Normal,0
BGL,450,26-06-2005 17:29,16,R05-M1-N8-C:J15-U11,KERNEL,INFO,instruction address: 0x0062fe04,E76,instruction address: <*>,0.1,Normal,0
BGL,451,26-06-2005 17:30,80,R05-M0-N6-C:J06-U11,KERNEL,INFO,exception syndrome register: 0x08000000,E61,exception syndrome register: <*>,0.1,Normal,0
BGL,452,26-06-2005 17:32,114,R00-M0-N4-C:J02-U01,KERNEL,INFO,program interrupt: illegal instruction......1,E101,program interrupt: illegal instruction......<*>,0.1,Normal,0
BGL,453,26-06-2005 17:33,53,R35-M1-NF-C:J15-U01,KERNEL,INFO,program interrupt: privileged instruction...0,E103,program interrupt: privileged instruction...<*>,0.1,Normal,0
BGL,454,26-06-2005 17:38,264,R05-M0-N5-C:J09-U11,KERNEL,INFO,data store interrupt caused by dcbf.........0,E53,data store interrupt caused by dcbf.........<*>,0.1,Normal,0
BGL,455,26-06-2005 17:38,9,R02-M0-N9-C:J06-U01,KERNEL,INFO,data store interrupt caused by dcbf.........0,E53,data store interrupt caused by dcbf.........<*>,0.1,Normal,0
BGL,456,26-06-2005 17:39,97,R33-M1-N3-C:J16-U11,KERNEL,INFO,auxiliary processor.........................0,E15,auxiliary processor.........................<*>,0.1,Normal,0
BGL,457,27-06-2005 07:59,51603,R16-M1-N2-C:J17-U01,KERNEL,INFO,"CE sym 0, at 0x1b8594e0, mask 0x40",E18,"CE sym <*>, at <*>, mask <*>",0.1,Normal,0
BGL,458,28-06-2005 16:53,118428,R02-M1-NE,DISCOVERY,WARNING,Node card is not fully functional,E90,Node card is not fully functional,0.1,Normal,0
BGL,459,28-06-2005 20:17,12209,R26-M0-NB-C:J07-U01,KERNEL,INFO,"CE sym 10, at 0x08e70580, mask 0x08",E18,"CE sym <*>, at <*>, mask <*>",0.1,Normal,0
BGL,460,30-06-2005 00:30,101599,R05-M1-N3-C:J03-U11,KERNEL,INFO,generating core.1786,E67,generating core.<*>,0.1,Normal,0
BGL,461,30-06-2005 00:32,135,R37-M0-NA-C:J15-U01,KERNEL,INFO,generating core.26918,E67,generating core.<*>,0.1,Normal,0
BGL,462,30-06-2005 00:36,204,R32-M1-ND-C:J04-U01,KERNEL,INFO,generating core.10125,E67,generating core.<*>,0.1,Normal,0
BGL,463,30-06-2005 00:37,73,R15-M1-NB-C:J16-U01,KERNEL,INFO,generating core.4230,E67,generating core.<*>,0.1,Normal,0
BGL,464,30-06-2005 00:39,140,R04-M0-N9-C:J15-U11,KERNEL,INFO,generating core.179,E67,generating core.<*>,0.1,Normal,0
BGL,465,30-06-2005 00:40,37,R05-M1-ND-C:J06-U11,KERNEL,INFO,generating core.1177,E67,generating core.<*>,0.1,Normal,0
BGL,466,30-06-2005 00:41,56,R23-M1-NC-C:J05-U11,KERNEL,INFO,generating core.32693,E67,generating core.<*>,0.1,Normal,0
BGL,467,30-06-2005 00:43,122,R12-M0-N0-C:J13-U01,KERNEL,INFO,generating core.7151,E67,generating core.<*>,0.1,Normal,0
BGL,468,30-06-2005 00:43,21,R16-M0-N0-C:J13-U01,KERNEL,INFO,generating core.7023,E67,generating core.<*>,0.1,Normal,0
BGL,469,30-06-2005 01:13,1773,R36-M1-N1-C:J05-U01,KERNEL,INFO,344040 double-hummer alignment exceptions,E3,<*> double-hummer alignment exceptions,0.1,Normal,0
BGL,470,30-06-2005 01:20,436,R10-M0-N9-C:J05-U01,KERNEL,INFO,344040 double-hummer alignment exceptions,E3,<*> double-hummer alignment exceptions,0.1,Normal,0
BGL,471,30-06-2005 01:25,300,R03-M0-N2-C:J02-U01,KERNEL,INFO,344040 double-hummer alignment exceptions,E3,<*> double-hummer alignment exceptions,0.1,Normal,0
BGL,472,30-06-2005 15:24,50367,R26-M0-NA-C:J17-U11,KERNEL,INFO,generating core.29308,E67,generating core.<*>,0.1,Normal,0
BGL,473,30-06-2005 15:26,125,R26-M1-ND-C:J08-U01,KERNEL,INFO,generating core.2586,E67,generating core.<*>,0.1,Normal,0
BGL,474,30-06-2005 15:27,11,R22-M1-N3-C:J14-U01,KERNEL,INFO,generating core.6040,E67,generating core.<*>,0.1,Normal,0
BGL,475,30-06-2005 15:32,303,R17-M0-NF-C:J16-U01,KERNEL,INFO,generating core.16904,E67,generating core.<*>,0.1,Normal,0
BGL,476,30-06-2005 15:33,75,R16-M0-NF-C:J07-U01,KERNEL,INFO,generating core.26186,E67,generating core.<*>,0.1,Normal,0
BGL,477,30-06-2005 15:33,6,R16-M0-NE-C:J14-U11,KERNEL,INFO,generating core.26156,E67,generating core.<*>,0.1,Normal,0
BGL,478,30-06-2005 15:33,4,R00-M0-ND-C:J17-U01,KERNEL,INFO,generating core.2112,E67,generating core.<*>,0.1,Normal,0
BGL,479,30-06-2005 15:34,73,R11-M0-N9-C:J03-U11,KERNEL,INFO,generating core.23659,E67,generating core.<*>,0.1,Normal,0
BGL,480,30-06-2005 15:36,75,R06-M0-NE-C:J11-U01,KERNEL,INFO,generating core.1605,E67,generating core.<*>,0.1,Normal,0
BGL,481,30-06-2005 15:36,11,R01-M1-NF-C:J05-U11,KERNEL,INFO,generating core.16483,E67,generating core.<*>,0.1,Normal,0
BGL,482,30-06-2005 15:38,141,R04-M0-NF-C:J12-U01,KERNEL,INFO,generating core.257,E67,generating core.<*>,0.1,Normal,0
BGL,483,30-06-2005 15:40,123,R25-M0-NC-C:J04-U11,KERNEL,INFO,generating core.18751,E67,generating core.<*>,0.1,Normal,0
BGL,484,30-06-2005 15:40,4,R21-M0-N0-C:J05-U11,KERNEL,INFO,generating core.22783,E67,generating core.<*>,0.1,Normal,0
BGL,485,30-06-2005 15:41,43,R32-M0-N8-C:J11-U01,KERNEL,INFO,generating core.8021,E67,generating core.<*>,0.1,Normal,0
BGL,486,30-06-2005 15:41,27,R15-M1-N4-C:J09-U11,KERNEL,INFO,generating core.10734,E67,generating core.<*>,0.1,Normal,0
BGL,487,30-06-2005 16:18,2203,R00-M1-NA-C:J13-U11,KERNEL,INFO,generating core.3613,E67,generating core.<*>,0.1,Normal,0
BGL,488,30-06-2005 16:20,109,R06-M1-N2-C:J15-U11,KERNEL,INFO,generating core.1916,E67,generating core.<*>,0.1,Normal,0
BGL,489,30-06-2005 16:22,154,R17-M0-NE-C:J09-U01,KERNEL,INFO,generating core.4246,E67,generating core.<*>,0.1,Normal,0
BGL,490,30-06-2005 16:24,109,R14-M0-N1-C:J12-U01,KERNEL,INFO,generating core.7777,E67,generating core.<*>,0.1,Normal,0
BGL,491,30-06-2005 16:25,56,R11-M0-N0-C:J02-U11,KERNEL,INFO,generating core.5935,E67,generating core.<*>,0.1,Normal,0
BGL,492,30-06-2005 16:26,28,R33-M1-N7-C:J05-U11,KERNEL,INFO,generating core.8691,E67,generating core.<*>,0.1,Normal,0
BGL,493,30-06-2005 16:30,250,R23-M1-ND-C:J16-U01,KERNEL,INFO,generating core.5512,E67,generating core.<*>,0.1,Normal,0
BGL,494,30-06-2005 17:00,1836,R05-M0-N7-C:J04-U01,KERNEL,INFO,generating core.1123,E67,generating core.<*>,0.1,Normal,0
BGL,495,30-06-2005 17:00,2,R05-M0-N3-C:J12-U11,KERNEL,INFO,generating core.1641,E67,generating core.<*>,0.1,Normal,0
BGL,496,30-06-2005 18:15,4469,R16-M1-N2-C:J17-U01,KERNEL,INFO,"CE sym 0, at 0x1b858ca0, mask 0x40",E18,"CE sym <*>, at <*>, mask <*>",0.1,Normal,0
BGL,497,30-06-2005 23:24,18555,R36-M1-N4-I:J18-U01,APP,FATAL,ciod: Error creating node map from file /p/gb2/welcome3/32k_128x256x1_8x4x4.map: Bad file descriptor,E21,ciod: Error creating node map from file <*>: Bad file descriptor,0.1,Normal,0
BGL,498,01-07-2005 00:30,3963,R16-M1-N2-C:J17-U01,KERNEL,INFO,"CE sym 0, at 0x1b858280, mask 0x40",E18,"CE sym <*>, at <*>, mask <*>",0.1,Normal,0
BGL,499,01-07-2005 07:03,23545,R01-M1-ND-C:J03-U01,KERNEL,INFO,"CE sym 22, at 0x049af800, mask 0x02",E18,"CE sym <*>, at <*>, mask <*>",0.1,Normal,0
BGL,500,01-07-2005 09:23,8417,R07-M1-NC-C:J12-U11,KERNEL,INFO,generating core.1165,E67,generating core.<*>,0.1,Normal,0
BGL,501,01-07-2005 11:07,6261,R21-M1-N8-C:J05-U11,KERNEL,INFO,generating core.23615,E67,generating core.<*>,0.1,Normal,0
BGL,502,01-07-2005 11:08,70,R36-M0-N7-C:J11-U01,KERNEL,INFO,generating core.865,E67,generating core.<*>,0.1,Normal,0
BGL,503,01-07-2005 11:09,9,R20-M1-N5-C:J06-U11,KERNEL,INFO,generating core.1626,E67,generating core.<*>,0.1,Normal,0
BGL,504,01-07-2005 11:09,4,R34-M0-N7-C:J08-U11,KERNEL,INFO,generating core.16594,E67,generating core.<*>,0.1,Normal,0
BGL,505,01-07-2005 11:10,80,R26-M0-N5-C:J07-U11,KERNEL,INFO,generating core.30586,E67,generating core.<*>,0.1,Normal,0
BGL,506,01-07-2005 11:10,8,R20-M1-N2-C:J17-U01,KERNEL,INFO,generating core.18540,E67,generating core.<*>,0.1,Normal,0
BGL,507,01-07-2005 11:10,6,R31-M1-N5-C:J11-U01,KERNEL,INFO,generating core.9825,E67,generating core.<*>,0.1,Normal,0
BGL,508,01-07-2005 11:11,44,R21-M1-NB-C:J07-U01,KERNEL,INFO,generating core.6698,E67,generating core.<*>,0.1,Normal,0
BGL,509,01-07-2005 11:14,189,R23-M1-NE-C:J13-U01,KERNEL,INFO,generating core.4525,E67,generating core.<*>,0.1,Normal,0
BGL,510,01-07-2005 11:16,112,R33-M1-N8-C:J17-U11,KERNEL,INFO,generating core.28084,E67,generating core.<*>,0.1,Normal,0
BGL,511,01-07-2005 11:17,30,R23-M1-NC-C:J14-U01,KERNEL,INFO,generating core.6028,E67,generating core.<*>,0.1,Normal,0
BGL,512,01-07-2005 11:22,342,R10-M1-ND-C:J17-U11,KERNEL,INFO,generating core.536,E67,generating core.<*>,0.1,Normal,0
BGL,513,01-07-2005 11:22,11,R10-M0-N2-C:J02-U01,KERNEL,INFO,generating core.15655,E67,generating core.<*>,0.1,Normal,0
BGL,514,01-07-2005 11:23,38,R16-M1-N6-C:J15-U01,KERNEL,INFO,generating core.8628,E67,generating core.<*>,0.1,Normal,0
BGL,515,01-07-2005 11:24,37,R15-M1-N9-C:J07-U11,KERNEL,INFO,generating core.12122,E67,generating core.<*>,0.1,Normal,0
BGL,516,01-07-2005 11:24,3,R17-M1-N7-C:J08-U01,KERNEL,INFO,generating core.2210,E67,generating core.<*>,0.1,Normal,0
BGL,517,01-07-2005 11:24,12,R15-M1-NF-C:J16-U11,KERNEL,INFO,generating core.10312,E67,generating core.<*>,0.1,Normal,0
BGL,518,01-07-2005 11:25,53,R12-M1-N6-C:J16-U01,KERNEL,INFO,generating core.228,E67,generating core.<*>,0.1,Normal,0
BGL,519,01-07-2005 11:25,9,R14-M1-NE-C:J14-U11,KERNEL,INFO,generating core.332,E67,generating core.<*>,0.1,Normal,0
BGL,520,01-07-2005 11:26,43,R14-M0-N2-C:J15-U11,KERNEL,INFO,generating core.15740,E67,generating core.<*>,0.1,Normal,0
BGL,521,01-07-2005 11:26,15,R11-M1-N2-C:J11-U11,KERNEL,INFO,generating core.3389,E67,generating core.<*>,0.1,Normal,0
BGL,522,01-07-2005 15:25,14336,UNKNOWN_LOCATION,DISCOVERY,INFO,Ido chip status changed: FF:F2:9F:16:E2:23:00:0D:60:E9:1D:DC ip=10.0.0.151 v=9 t=4 status=M Fri Jul 01 08:16:53 PDT 2005,E73,Ido chip status changed: <*> ip=<*> v=<*> t=<*> status=M <*>,0.1,Normal,0
BGL,523,01-07-2005 18:05,9611,R37-M1-N4,DISCOVERY,SEVERE,Can not get assembly information for node card,E17,Can not get assembly information for node card,0.1,Normal,0
BGL,524,01-07-2005 23:15,18579,R33-M1-N2-C:J17-U11,KERNEL,INFO,1146800 double-hummer alignment exceptions,E3,<*> double-hummer alignment exceptions,0.1,Normal,0
BGL,525,01-07-2005 23:16,52,R37-M0-NE-C:J10-U01,KERNEL,INFO,1146800 double-hummer alignment exceptions,E3,<*> double-hummer alignment exceptions,0.1,Normal,0
BGL,526,01-07-2005 23:17,109,R33-M0-N6-C:J07-U01,KERNEL,INFO,1146800 double-hummer alignment exceptions,E3,<*> double-hummer alignment exceptions,0.1,Normal,0
BGL,527,01-07-2005 23:18,17,R25-M0-N7-C:J11-U01,KERNEL,INFO,1146800 double-hummer alignment exceptions,E3,<*> double-hummer alignment exceptions,0.1,Normal,0
BGL,528,01-07-2005 23:19,53,R25-M1-N2-C:J08-U01,KERNEL,INFO,1146800 double-hummer alignment exceptions,E3,<*> double-hummer alignment exceptions,0.1,Normal,0
BGL,529,01-07-2005 23:21,124,R27-M1-N8-C:J17-U01,KERNEL,INFO,1146800 double-hummer alignment exceptions,E3,<*> double-hummer alignment exceptions,0.1,Normal,0
BGL,530,01-07-2005 23:21,33,R33-M0-N8-C:J07-U01,KERNEL,INFO,1146800 double-hummer alignment exceptions,E3,<*> double-hummer alignment exceptions,0.1,Normal,0
BGL,531,01-07-2005 23:34,772,R20-M0-N5-C:J15-U01,KERNEL,INFO,1146800 double-hummer alignment exceptions,E3,<*> double-hummer alignment exceptions,0.1,Normal,0
BGL,532,01-07-2005 23:36,106,R30-M1-NE-C:J02-U01,KERNEL,INFO,1146800 double-hummer alignment exceptions,E3,<*> double-hummer alignment exceptions,0.1,Normal,0
BGL,533,01-07-2005 23:37,58,R23-M0-N1-C:J02-U11,KERNEL,INFO,1146800 double-hummer alignment exceptions,E3,<*> double-hummer alignment exceptions,0.1,Normal,0
BGL,534,01-07-2005 23:54,1065,R24-M1-NB-C:J14-U11,KERNEL,INFO,1146800 double-hummer alignment exceptions,E3,<*> double-hummer alignment exceptions,0.1,Normal,0
BGL,535,01-07-2005 23:56,86,R35-M1-N7-C:J04-U01,KERNEL,INFO,1146800 double-hummer alignment exceptions,E3,<*> double-hummer alignment exceptions,0.1,Normal,0
BGL,536,01-07-2005 23:58,125,R32-M1-ND-C:J11-U11,KERNEL,INFO,1146800 double-hummer alignment exceptions,E3,<*> double-hummer alignment exceptions,0.1,Normal,0
BGL,537,01-07-2005 23:58,4,R32-M1-NB-C:J04-U11,KERNEL,INFO,1146800 double-hummer alignment exceptions,E3,<*> double-hummer alignment exceptions,0.1,Normal,0
BGL,538,01-07-2005 23:58,18,R36-M0-N4-C:J15-U01,KERNEL,INFO,1146800 double-hummer alignment exceptions,E3,<*> double-hummer alignment exceptions,0.1,Normal,0
BGL,539,01-07-2005 23:59,22,R24-M1-NC-C:J07-U11,KERNEL,INFO,1146800 double-hummer alignment exceptions,E3,<*> double-hummer alignment exceptions,0.1,Normal,0
BGL,540,02-07-2005 00:10,690,R36-M0-N5-C:J16-U11,KERNEL,INFO,1146800 double-hummer alignment exceptions,E3,<*> double-hummer alignment exceptions,0.1,Normal,0
BGL,541,02-07-2005 00:11,17,R31-M1-N2-C:J14-U01,KERNEL,INFO,1146800 double-hummer alignment exceptions,E3,<*> double-hummer alignment exceptions,0.1,Normal,0
BGL,542,02-07-2005 00:12,107,R24-M0-N3-C:J09-U01,KERNEL,INFO,1146800 double-hummer alignment exceptions,E3,<*> double-hummer alignment exceptions,0.1,Normal,0
BGL,543,02-07-2005 00:15,187,R35-M0-N6-C:J17-U11,KERNEL,INFO,1146800 double-hummer alignment exceptions,E3,<*> double-hummer alignment exceptions,0.1,Normal,0
BGL,544,02-07-2005 00:50,2097,R33-M1-NE-C:J11-U01,KERNEL,INFO,458720 double-hummer alignment exceptions,E3,<*> double-hummer alignment exceptions,0.1,Normal,0
BGL,545,02-07-2005 00:51,51,R24-M1-NB-C:J06-U01,KERNEL,INFO,458720 double-hummer alignment exceptions,E3,<*> double-hummer alignment exceptions,0.1,Normal,0
BGL,546,02-07-2005 00:52,26,R27-M1-N2-C:J03-U01,KERNEL,INFO,458720 double-hummer alignment exceptions,E3,<*> double-hummer alignment exceptions,0.1,Normal,0
BGL,547,02-07-2005 00:52,11,R24-M1-NA-C:J14-U01,KERNEL,INFO,458720 double-hummer alignment exceptions,E3,<*> double-hummer alignment exceptions,0.1,Normal,0
BGL,548,02-07-2005 00:52,28,R34-M0-N9-C:J08-U01,KERNEL,INFO,458720 double-hummer alignment exceptions,E3,<*> double-hummer alignment exceptions,0.1,Normal,0
BGL,549,02-07-2005 00:53,23,R30-M1-NB-C:J17-U11,KERNEL,INFO,458720 double-hummer alignment exceptions,E3,<*> double-hummer alignment exceptions,0.1,Normal,0
BGL,550,02-07-2005 00:53,25,R35-M1-N1-C:J09-U01,KERNEL,INFO,458720 double-hummer alignment exceptions,E3,<*> double-hummer alignment exceptions,0.1,Normal,0
BGL,551,02-07-2005 00:54,40,R23-M0-N6-C:J11-U01,KERNEL,INFO,458720 double-hummer alignment exceptions,E3,<*> double-hummer alignment exceptions,0.1,Normal,0
BGL,552,02-07-2005 01:13,1157,R21-M0-ND-C:J07-U11,KERNEL,INFO,1146800 double-hummer alignment exceptions,E3,<*> double-hummer alignment exceptions,0.1,Normal,0
BGL,553,02-07-2005 01:14,34,R33-M0-N2-C:J10-U01,KERNEL,INFO,1146800 double-hummer alignment exceptions,E3,<*> double-hummer alignment exceptions,0.1,Normal,0
BGL,554,02-07-2005 01:14,19,R30-M1-N9-C:J08-U11,KERNEL,INFO,1146800 double-hummer alignment exceptions,E3,<*> double-hummer alignment exceptions,0.1,Normal,0
BGL,555,02-07-2005 01:14,21,R35-M1-N5-C:J04-U01,KERNEL,INFO,1146800 double-hummer alignment exceptions,E3,<*> double-hummer alignment exceptions,0.1,Normal,0
BGL,556,02-07-2005 01:15,38,R25-M1-N2-C:J10-U01,KERNEL,INFO,1146800 double-hummer alignment exceptions,E3,<*> double-hummer alignment exceptions,0.1,Normal,0
BGL,557,02-07-2005 01:16,49,R32-M0-NF-C:J17-U11,KERNEL,INFO,1146800 double-hummer alignment exceptions,E3,<*> double-hummer alignment exceptions,0.1,Normal,0
BGL,558,02-07-2005 01:18,109,R33-M0-N8-C:J10-U11,KERNEL,INFO,1146800 double-hummer alignment exceptions,E3,<*> double-hummer alignment exceptions,0.1,Normal,0
BGL,559,03-07-2005 00:47,84539,R05-M0-NF-C:J09-U11,KERNEL,INFO,generating core.1114,E67,generating core.<*>,0.1,Normal,0
BGL,560,03-07-2005 00:47,7,R04-M0-N9-C:J17-U01,KERNEL,INFO,generating core.848,E67,generating core.<*>,0.1,Normal,0
BGL,561,03-07-2005 00:47,42,R05-M1-NE-C:J12-U01,KERNEL,INFO,generating core.2117,E67,generating core.<*>,0.1,Normal,0
BGL,562,03-07-2005 00:48,11,R04-M1-NE-C:J11-U11,KERNEL,INFO,generating core.3293,E67,generating core.<*>,0.1,Normal,0
BGL,563,03-07-2005 00:48,37,R05-M0-NC-C:J04-U01,KERNEL,INFO,generating core.1351,E67,generating core.<*>,0.1,Normal,0
BGL,564,04-07-2005 03:16,95253,R36-M0-N6-C:J06-U01,KERNEL,INFO,generating core.17222,E67,generating core.<*>,0.1,Normal,0
BGL,565,04-07-2005 03:16,7,R22-M1-N9-C:J15-U01,KERNEL,INFO,generating core.20392,E67,generating core.<*>,0.1,Normal,0
BGL,566,04-07-2005 03:16,26,R26-M0-NA-C:J08-U11,KERNEL,INFO,generating core.31006,E67,generating core.<*>,0.1,Normal,0
BGL,567,04-07-2005 03:16,12,R20-M1-N1-C:J15-U11,KERNEL,INFO,generating core.20088,E67,generating core.<*>,0.1,Normal,0
BGL,568,04-07-2005 03:17,25,R37-M1-N3-C:J13-U11,KERNEL,INFO,generating core.26993,E67,generating core.<*>,0.1,Normal,0
BGL,569,04-07-2005 03:17,16,R23-M1-N7-C:J08-U11,KERNEL,INFO,generating core.20954,E67,generating core.<*>,0.1,Normal,0
BGL,570,04-07-2005 03:22,319,R23-M1-N5-C:J03-U11,KERNEL,INFO,generating core.6139,E67,generating core.<*>,0.1,Normal,0
BGL,571,04-07-2005 03:23,10,R23-M0-N5-C:J10-U01,KERNEL,INFO,generating core.10185,E67,generating core.<*>,0.1,Normal,0
BGL,572,04-07-2005 03:24,64,R32-M1-N5-C:J16-U11,KERNEL,INFO,generating core.13776,E67,generating core.<*>,0.1,Normal,0
BGL,573,04-07-2005 03:26,110,R24-M1-N8-C:J16-U01,KERNEL,INFO,generating core.19596,E67,generating core.<*>,0.1,Normal,0
BGL,574,04-07-2005 03:26,31,R34-M1-N0-C:J12-U01,KERNEL,INFO,generating core.15557,E67,generating core.<*>,0.1,Normal,0
BGL,575,04-07-2005 04:01,2079,R31-M0-N7-C:J13-U01,KERNEL,INFO,generating core.4193,E67,generating core.<*>,0.1,Normal,0
BGL,576,04-07-2005 04:01,7,R37-M0-N1-C:J05-U11,KERNEL,INFO,generating core.7539,E67,generating core.<*>,0.1,Normal,0
BGL,577,04-07-2005 04:03,122,R21-M1-ND-C:J14-U01,KERNEL,INFO,generating core.22024,E67,generating core.<*>,0.1,Normal,0
BGL,578,04-07-2005 04:04,40,R27-M1-N3-C:J13-U11,KERNEL,INFO,generating core.22905,E67,generating core.<*>,0.1,Normal,0
BGL,579,04-07-2005 04:06,124,R21-M0-N6-C:J04-U11,KERNEL,INFO,generating core.24671,E67,generating core.<*>,0.1,Normal,0
BGL,580,04-07-2005 04:08,138,R22-M1-NC-C:J13-U11,KERNEL,INFO,generating core.17853,E67,generating core.<*>,0.1,Normal,0
BGL,581,04-07-2005 09:31,19373,R33-M1-N7-C:J15-U01,KERNEL,INFO,generating core.25568,E67,generating core.<*>,0.1,Normal,0
BGL,582,04-07-2005 09:33,130,R21-M1-NB-C:J15-U01,KERNEL,INFO,generating core.23080,E67,generating core.<*>,0.1,Normal,0
BGL,583,04-07-2005 09:34,55,R21-M0-ND-C:J02-U01,KERNEL,INFO,generating core.9739,E67,generating core.<*>,0.1,Normal,0
BGL,584,04-07-2005 09:34,38,R31-M0-N9-C:J04-U11,KERNEL,INFO,generating core.7187,E67,generating core.<*>,0.1,Normal,0
BGL,585,04-07-2005 09:35,24,R23-M1-NA-C:J06-U01,KERNEL,INFO,generating core.23438,E67,generating core.<*>,0.1,Normal,0
BGL,586,04-07-2005 09:36,56,R25-M1-N1-C:J10-U01,KERNEL,INFO,generating core.7881,E67,generating core.<*>,0.1,Normal,0
BGL,587,04-07-2005 14:14,16689,R10-M1-N1-C:J09-U01,KERNEL,INFO,generating core.9778,E67,generating core.<*>,0.1,Normal,0
BGL,588,04-07-2005 14:16,119,R12-M0-N1-C:J04-U11,KERNEL,INFO,generating core.7915,E67,generating core.<*>,0.1,Normal,0
BGL,589,04-07-2005 14:18,142,R17-M1-N4-C:J07-U11,KERNEL,INFO,generating core.3006,E67,generating core.<*>,0.1,Normal,0
BGL,590,04-07-2005 14:28,560,R36-M1-NB-C:J05-U01,KERNEL,INFO,generating core.14627,E67,generating core.<*>,0.1,Normal,0
BGL,591,04-07-2005 14:29,109,R26-M1-NA-C:J17-U01,KERNEL,INFO,generating core.2348,E67,generating core.<*>,0.1,Normal,0
BGL,592,04-07-2005 14:31,67,R34-M0-N7-C:J09-U01,KERNEL,INFO,generating core.226,E67,generating core.<*>,0.1,Normal,0
BGL,593,04-07-2005 14:31,2,R34-M0-N5-C:J04-U01,KERNEL,INFO,generating core.1219,E67,generating core.<*>,0.1,Normal,0
BGL,594,04-07-2005 14:31,37,R25-M0-NE-C:J11-U01,KERNEL,INFO,generating core.8877,E67,generating core.<*>,0.1,Normal,0
BGL,595,04-07-2005 14:35,205,R34-M1-N4-C:J09-U11,KERNEL,INFO,generating core.13558,E67,generating core.<*>,0.1,Normal,0
BGL,596,04-07-2005 14:36,88,R02-M1-N8-C:J17-U01,KERNEL,INFO,generating core.404,E67,generating core.<*>,0.1,Normal,0
BGL,597,05-07-2005 19:22,103535,R32-M0-N4-I:J18-U01,KERNEL,INFO,ciod: Missing or invalid fields on line 1 of node map file /home/auselton/bgl/64mps.sequential.mapfile,E39,ciod: Missing or invalid fields on line <*> of node map file /<*>,0.1,Normal,0
BGL,598,06-07-2005 13:59,67051,R27-M1-N1-C:J02-U11,KERNEL,INFO,1 torus receiver z+ input pipe error(s) (dcr 0x02f0) detected and corrected,E10,<*> torus receiver z+ input pipe error(s) (dcr <*>) detected and corrected,0.1,Normal,0
BGL,599,07-07-2005 14:35,88535,R07-M0-N6-C:J03-U01,KERNEL,INFO,generating core.631,E67,generating core.<*>,0.1,Normal,0
BGL,600,07-07-2005 14:36,53,R07-M0-N0-C:J06-U01,KERNEL,INFO,generating core.998,E67,generating core.<*>,0.1,Normal,0
BGL,601,07-07-2005 14:57,1263,R07-M1-N7-C:J10-U11,KERNEL,INFO,generating core.1129,E67,generating core.<*>,0.1,Normal,0
BGL,602,07-07-2005 14:57,17,R06-M0-N1-C:J16-U11,KERNEL,INFO,generating core.424,E67,generating core.<*>,0.1,Normal,0
BGL,603,07-07-2005 21:41,24228,R01-M0-N6-C:J11-U11,KERNEL,INFO,generating core.1213,E67,generating core.<*>,0.1,Normal,0
BGL,604,07-07-2005 21:41,21,R01-M0-ND-C:J11-U11,KERNEL,INFO,generating core.1433,E67,generating core.<*>,0.1,Normal,0
BGL,605,07-07-2005 21:42,39,R01-M1-N8-C:J06-U01,KERNEL,INFO,generating core.2950,E67,generating core.<*>,0.1,Normal,0
BGL,606,07-07-2005 21:46,254,R00-M0-N4-C:J05-U11,KERNEL,INFO,generating core.319,E67,generating core.<*>,0.1,Normal,0
BGL,607,07-07-2005 21:46,1,R00-M0-N4-C:J04-U11,KERNEL,INFO,generating core.303,E67,generating core.<*>,0.1,Normal,0
BGL,608,07-07-2005 21:46,12,R05-M0-N8-C:J06-U11,KERNEL,INFO,generating core.1998,E67,generating core.<*>,0.1,Normal,0
BGL,609,07-07-2005 22:40,3196,R26-M0-N5-C:J12-U01,KERNEL,INFO,632431728 double-hummer alignment exceptions,E3,<*> double-hummer alignment exceptions,0.1,Normal,0
BGL,610,07-07-2005 22:40,56,R37-M0-NF-C:J17-U11,KERNEL,INFO,634368144 double-hummer alignment exceptions,E3,<*> double-hummer alignment exceptions,0.1,Normal,0
BGL,611,07-07-2005 22:43,129,R24-M0-NE-C:J03-U11,KERNEL,INFO,632254896 double-hummer alignment exceptions,E3,<*> double-hummer alignment exceptions,0.1,Normal,0
BGL,612,07-07-2005 22:43,20,R20-M0-N5-C:J16-U01,KERNEL,INFO,633283776 double-hummer alignment exceptions,E3,<*> double-hummer alignment exceptions,0.1,Normal,0
BGL,613,08-07-2005 01:40,10620,R12-M1-NF-C:J13-U01,KERNEL,INFO,generating core.841,E67,generating core.<*>,0.1,Normal,0
BGL,614,08-07-2005 01:41,53,R12-M1-NE-C:J04-U11,KERNEL,INFO,generating core.815,E67,generating core.<*>,0.1,Normal,0
BGL,615,08-07-2005 01:42,75,R04-M1-N7-C:J08-U11,KERNEL,INFO,generating core.57762,E67,generating core.<*>,0.1,Normal,0
BGL,616,08-07-2005 01:43,54,R14-M1-NC-C:J15-U11,KERNEL,INFO,generating core.3436,E67,generating core.<*>,0.1,Normal,0
BGL,617,08-07-2005 02:07,1443,R34-M0-N3-C:J17-U11,KERNEL,INFO,generating core.4592,E67,generating core.<*>,0.1,Normal,0
BGL,618,08-07-2005 02:08,44,R30-M0-N6-C:J12-U01,KERNEL,INFO,generating core.149,E67,generating core.<*>,0.1,Normal,0
BGL,619,08-07-2005 02:09,49,R10-M0-NB-C:J02-U11,KERNEL,INFO,generating core.62507,E67,generating core.<*>,0.1,Normal,0
BGL,620,08-07-2005 02:09,46,R12-M1-NE-C:J02-U01,KERNEL,INFO,generating core.1807,E67,generating core.<*>,0.1,Normal,0
BGL,621,09-07-2005 06:15,101113,R05-M0-N2,DISCOVERY,WARNING,Node card is not fully functional,E90,Node card is not fully functional,0.1,Normal,0
BGL,622,09-07-2005 11:33,19118,R20-M0-N8-I:J18-U01,KERNEL,INFO,ciod: duplicate canonical-rank 31 to logical-rank 0 mapping at line 3 of node map file /p/gb2/pakin1/sweep3d-5x5x400-10mk-3mmi-1024pes-sweep/sweep.map,E20,ciod: duplicate canonical-rank <*> to logical-rank <*> mapping at line <*> of node map file /<*>,0.1,Normal,0
BGL,623,09-07-2005 11:51,1085,R16-M1-NC-I:J18-U11,APP,FATAL,ciod: Error creating node map from file /p/gb2/pakin1/sweep3d-5x5x400-10mk-3mmi-1024pes-xyzt/xyzt.map: Block device required,E22,ciod: Error creating node map from file <*>: Block device required,0.1,Normal,0
BGL,624,09-07-2005 13:54,7373,R16-M1-N2-C:J15-U01,KERNEL,INFO,generating core.9652,E67,generating core.<*>,0.1,Normal,0
BGL,625,09-07-2005 13:54,20,R17-M1-ND-C:J07-U01,KERNEL,INFO,generating core.11154,E67,generating core.<*>,0.1,Normal,0
BGL,626,09-07-2005 15:38,6200,R33-M0-N9-C:J04-U11,KERNEL,INFO,generating core.7571,E67,generating core.<*>,0.1,Normal,0
BGL,627,09-07-2005 15:38,22,R20-M0-N6-C:J16-U01,KERNEL,INFO,generating core.12364,E67,generating core.<*>,0.1,Normal,0
BGL,628,09-07-2005 15:53,910,R22-M0-N5-C:J13-U11,KERNEL,INFO,generating core.13817,E67,generating core.<*>,0.1,Normal,0
BGL,629,09-07-2005 15:55,88,R20-M0-NA-C:J12-U01,KERNEL,INFO,generating core.14349,E67,generating core.<*>,0.1,Normal,0
BGL,630,09-07-2005 15:56,47,R35-M1-N7-C:J10-U01,KERNEL,INFO,generating core.8897,E67,generating core.<*>,0.1,Normal,0
BGL,631,09-07-2005 16:56,3630,R27-M1-N9-C:J06-U01,KERNEL,INFO,generating core.7946,E67,generating core.<*>,0.1,Normal,0
BGL,632,09-07-2005 16:58,84,R21-M0-NB-C:J05-U11,KERNEL,INFO,generating core.10299,E67,generating core.<*>,0.1,Normal,0
BGL,633,09-07-2005 16:58,52,R25-M0-N4-C:J10-U11,KERNEL,INFO,generating core.9949,E67,generating core.<*>,0.1,Normal,0
BGL,634,09-07-2005 16:59,17,R25-M0-N0-C:J15-U01,KERNEL,INFO,generating core.12012,E67,generating core.<*>,0.1,Normal,0
BGL,635,09-07-2005 17:11,754,R14-M1-ND-C:J03-U11,KERNEL,INFO,generating core.9051,E67,generating core.<*>,0.1,Normal,0
BGL,636,09-07-2005 17:14,154,R14-M0-N9-C:J16-U11,KERNEL,INFO,generating core.7752,E67,generating core.<*>,0.1,Normal,0
BGL,637,09-07-2005 17:14,5,R11-M1-N5-C:J12-U11,KERNEL,INFO,generating core.10793,E67,generating core.<*>,0.1,Normal,0
BGL,638,09-07-2005 17:46,1933,R20-M0-NE-C:J05-U01,KERNEL,INFO,generating core.24671,E67,generating core.<*>,0.1,Normal,0
BGL,639,09-07-2005 17:46,4,R31-M0-NF-C:J04-U01,KERNEL,INFO,generating core.40979,E67,generating core.<*>,0.1,Normal,0
BGL,640,09-07-2005 17:47,45,R37-M1-N7-C:J11-U01,KERNEL,INFO,generating core.18129,E67,generating core.<*>,0.1,Normal,0
BGL,641,09-07-2005 17:48,61,R27-M1-N9-C:J09-U11,KERNEL,INFO,generating core.47738,E67,generating core.<*>,0.1,Normal,0
BGL,642,09-07-2005 17:48,33,R21-M1-NE-C:J11-U11,KERNEL,INFO,generating core.42109,E67,generating core.<*>,0.1,Normal,0
BGL,643,09-07-2005 17:49,41,R26-M1-N9-C:J08-U01,KERNEL,INFO,generating core.6682,E67,generating core.<*>,0.1,Normal,0
BGL,644,09-07-2005 17:50,50,R24-M1-N1-C:J15-U11,KERNEL,INFO,generating core.7672,E67,generating core.<*>,0.1,Normal,0
BGL,645,09-07-2005 17:51,36,R31-M0-N9-C:J08-U01,KERNEL,INFO,generating core.47122,E67,generating core.<*>,0.1,Normal,0
BGL,646,09-07-2005 17:51,39,R31-M1-NE-C:J11-U01,KERNEL,INFO,generating core.17493,E67,generating core.<*>,0.1,Normal,0
BGL,647,09-07-2005 18:06,861,R31-M1-N9-C:J15-U11,KERNEL,INFO,generating core.23664,E67,generating core.<*>,0.1,Normal,0
BGL,648,09-07-2005 18:09,212,R03-M1-ND-C:J17-U11,KERNEL,INFO,generating core.19296,E67,generating core.<*>,0.1,Normal,0
BGL,649,09-07-2005 18:09,12,R24-M1-N1-C:J12-U01,KERNEL,INFO,generating core.6553,E67,generating core.<*>,0.1,Normal,0
BGL,650,09-07-2005 18:09,5,R01-M1-N9-C:J14-U01,KERNEL,INFO,generating core.56320,E67,generating core.<*>,0.1,Normal,0
BGL,651,09-07-2005 18:10,12,R36-M0-N5-C:J15-U11,KERNEL,INFO,generating core.3824,E67,generating core.<*>,0.1,Normal,0
BGL,652,09-07-2005 18:10,16,R36-M0-N2-C:J10-U01,KERNEL,INFO,generating core.5781,E67,generating core.<*>,0.1,Normal,0
BGL,653,09-07-2005 18:10,36,R33-M1-N2-C:J02-U01,KERNEL,INFO,generating core.55191,E67,generating core.<*>,0.1,Normal,0
BGL,654,09-07-2005 18:11,51,R20-M1-N2-C:J10-U11,KERNEL,INFO,generating core.38077,E67,generating core.<*>,0.1,Normal,0
BGL,655,09-07-2005 18:12,49,R37-M0-NE-C:J13-U01,KERNEL,INFO,generating core.41557,E67,generating core.<*>,0.1,Normal,0
BGL,656,09-07-2005 18:13,39,R26-M1-N5-C:J02-U11,KERNEL,INFO,generating core.36539,E67,generating core.<*>,0.1,Normal,0
BGL,657,09-07-2005 18:28,891,R27-M0-N4-C:J16-U11,KERNEL,INFO,generating core.51900,E67,generating core.<*>,0.1,Normal,0
BGL,658,09-07-2005 18:30,130,R20-M1-N7-C:J09-U11,KERNEL,INFO,generating core.33018,E67,generating core.<*>,0.1,Normal,0
BGL,659,09-07-2005 18:30,21,R26-M0-N3-C:J13-U11,KERNEL,INFO,generating core.29433,E67,generating core.<*>,0.1,Normal,0
BGL,660,09-07-2005 18:33,163,R24-M1-N5-C:J14-U01,KERNEL,INFO,generating core.36248,E67,generating core.<*>,0.1,Normal,0
BGL,661,09-07-2005 18:34,67,R21-M1-NF-C:J17-U11,KERNEL,INFO,generating core.41080,E67,generating core.<*>,0.1,Normal,0
BGL,662,09-07-2005 18:35,39,R36-M1-NE-C:J08-U01,KERNEL,INFO,generating core.57878,E67,generating core.<*>,0.1,Normal,0
BGL,663,09-07-2005 18:39,284,R30-M0-N6-C:J13-U11,KERNEL,INFO,generating core.245,E67,generating core.<*>,0.1,Normal,0
BGL,664,09-07-2005 18:44,273,R14-M1-ND-C:J04-U01,KERNEL,INFO,generating core.2315,E67,generating core.<*>,0.1,Normal,0
BGL,665,09-07-2005 18:45,82,R12-M0-N3-C:J02-U01,KERNEL,INFO,generating core.30603,E67,generating core.<*>,0.1,Normal,0
BGL,666,09-07-2005 18:46,41,R11-M0-NE-C:J11-U11,KERNEL,INFO,generating core.17517,E67,generating core.<*>,0.1,Normal,0
BGL,667,09-07-2005 18:47,57,R16-M1-ND-C:J13-U01,KERNEL,INFO,generating core.2633,E67,generating core.<*>,0.1,Normal,0
BGL,668,09-07-2005 18:49,95,R01-M1-NF-C:J15-U01,KERNEL,INFO,generating core.50240,E67,generating core.<*>,0.1,Normal,0
BGL,669,09-07-2005 18:49,39,R03-M0-N7-C:J03-U11,KERNEL,INFO,generating core.10211,E67,generating core.<*>,0.1,Normal,0
BGL,670,09-07-2005 18:50,22,R06-M1-NE-C:J04-U01,KERNEL,INFO,generating core.57863,E67,generating core.<*>,0.1,Normal,0
BGL,671,09-07-2005 18:50,39,R07-M1-ND-C:J17-U11,KERNEL,INFO,generating core.51808,E67,generating core.<*>,0.1,Normal,0
BGL,672,09-07-2005 18:51,28,R06-M1-ND-C:J04-U01,KERNEL,INFO,generating core.59907,E67,generating core.<*>,0.1,Normal,0
BGL,673,09-07-2005 18:51,8,R02-M1-NE-C:J08-U11,KERNEL,INFO,generating core.25382,E67,generating core.<*>,0.1,Normal,0
BGL,674,09-07-2005 18:52,57,R05-M0-N6-C:J09-U01,KERNEL,INFO,generating core.8646,E67,generating core.<*>,0.1,Normal,0
BGL,675,09-07-2005 18:53,105,R22-M1-N0-C:J05-U11,KERNEL,INFO,generating core.7167,E67,generating core.<*>,0.1,Normal,0
BGL,676,09-07-2005 18:55,96,R21-M1-N0-C:J13-U11,KERNEL,INFO,generating core.14589,E67,generating core.<*>,0.1,Normal,0
BGL,677,09-07-2005 18:56,54,R20-M1-N4-C:J17-U11,KERNEL,INFO,generating core.2300,E67,generating core.<*>,0.1,Normal,0
BGL,678,09-07-2005 18:56,10,R25-M1-N8-C:J16-U11,KERNEL,INFO,generating core.14652,E67,generating core.<*>,0.1,Normal,0
BGL,679,09-07-2005 18:57,48,R35-M0-N0-C:J05-U01,KERNEL,INFO,generating core.14807,E67,generating core.<*>,0.1,Normal,0
BGL,680,09-07-2005 18:58,37,R10-M0-N8-C:J06-U01,KERNEL,INFO,generating core.31758,E67,generating core.<*>,0.1,Normal,0
BGL,681,09-07-2005 18:59,107,R00-M0-N8-C:J10-U11,KERNEL,INFO,generating core.7205,E67,generating core.<*>,0.1,Normal,0
BGL,682,09-07-2005 19:01,70,R01-M0-NC-C:J04-U01,KERNEL,INFO,generating core.10247,E67,generating core.<*>,0.1,Normal,0
BGL,683,09-07-2005 19:31,1807,R36-M1-NA-C:J06-U01,KERNEL,INFO,generating core.30230,E67,generating core.<*>,0.1,Normal,0
BGL,684,09-07-2005 19:33,163,R20-M1-N5-C:J05-U11,KERNEL,INFO,generating core.2299,E67,generating core.<*>,0.1,Normal,0
BGL,685,09-07-2005 19:36,187,R22-M0-N5-C:J07-U11,KERNEL,INFO,generating core.28666,E67,generating core.<*>,0.1,Normal,0
BGL,686,09-07-2005 19:37,19,R34-M0-N5-C:J12-U11,KERNEL,INFO,generating core.2481,E67,generating core.<*>,0.1,Normal,0
BGL,687,09-07-2005 19:40,203,R21-M0-N5-C:J14-U01,KERNEL,INFO,generating core.52376,E67,generating core.<*>,0.1,Normal,0
BGL,688,09-07-2005 19:40,2,R37-M0-N5-C:J08-U11,KERNEL,INFO,generating core.10930,E67,generating core.<*>,0.1,Normal,0
BGL,689,09-07-2005 19:40,2,R23-M0-N6-C:J06-U11,KERNEL,INFO,generating core.51134,E67,generating core.<*>,0.1,Normal,0
BGL,690,09-07-2005 19:40,5,R30-M0-NB-C:J03-U11,KERNEL,INFO,generating core.5235,E67,generating core.<*>,0.1,Normal,0
BGL,691,09-07-2005 19:41,45,R27-M0-N7-C:J10-U01,KERNEL,INFO,generating core.50841,E67,generating core.<*>,0.1,Normal,0
BGL,692,09-07-2005 19:43,141,R35-M0-N9-C:J10-U11,KERNEL,INFO,generating core.48433,E67,generating core.<*>,0.1,Normal,0
BGL,693,09-07-2005 19:44,12,R10-M1-N5-C:J04-U01,KERNEL,INFO,generating core.34955,E67,generating core.<*>,0.1,Normal,0
BGL,694,09-07-2005 19:45,100,R15-M1-NB-C:J15-U01,KERNEL,INFO,generating core.46408,E67,generating core.<*>,0.1,Normal,0
BGL,695,09-07-2005 19:46,64,R00-M0-ND-C:J14-U11,KERNEL,INFO,generating core.35872,E67,generating core.<*>,0.1,Normal,0
BGL,696,09-07-2005 19:47,10,R00-M0-N6-C:J12-U01,KERNEL,INFO,generating core.133,E67,generating core.<*>,0.1,Normal,0
BGL,697,09-07-2005 19:47,31,R16-M1-NA-C:J08-U01,KERNEL,INFO,generating core.4622,E67,generating core.<*>,0.1,Normal,0
BGL,698,09-07-2005 19:49,90,R12-M0-N6-C:J05-U11,KERNEL,INFO,generating core.58351,E67,generating core.<*>,0.1,Normal,0
BGL,699,09-07-2005 19:49,44,R03-M0-N6-C:J09-U01,KERNEL,INFO,generating core.9158,E67,generating core.<*>,0.1,Normal,0
BGL,700,09-07-2005 19:50,21,R13-M0-NB-C:J15-U11,KERNEL,INFO,generating core.22376,E67,generating core.<*>,0.1,Normal,0
BGL,701,09-07-2005 19:50,25,R11-M1-NB-C:J12-U11,KERNEL,INFO,generating core.12329,E67,generating core.<*>,0.1,Normal,0
BGL,702,09-07-2005 19:51,43,R02-M0-N5-C:J03-U01,KERNEL,INFO,generating core.4035,E67,generating core.<*>,0.1,Normal,0
BGL,703,09-07-2005 19:51,8,R01-M0-N9-C:J03-U11,KERNEL,INFO,generating core.15459,E67,generating core.<*>,0.1,Normal,0
BGL,704,09-07-2005 20:05,826,R21-M0-N9-C:J17-U01,KERNEL,INFO,generating core.55384,E67,generating core.<*>,0.1,Normal,0
BGL,705,09-07-2005 20:05,10,R20-M1-N2-C:J07-U01,KERNEL,INFO,generating core.5342,E67,generating core.<*>,0.1,Normal,0
BGL,706,09-07-2005 20:05,35,R25-M1-N2-C:J03-U01,KERNEL,INFO,generating core.46559,E67,generating core.<*>,0.1,Normal,0
BGL,707,09-07-2005 20:06,20,R00-M1-NE-C:J14-U01,KERNEL,INFO,generating core.25604,E67,generating core.<*>,0.1,Normal,0
BGL,708,09-07-2005 20:07,53,R36-M1-N4-C:J15-U11,KERNEL,INFO,generating core.61172,E67,generating core.<*>,0.1,Normal,0
BGL,709,09-07-2005 20:09,135,R36-M1-N6-C:J04-U11,KERNEL,INFO,generating core.25271,E67,generating core.<*>,0.1,Normal,0
BGL,710,09-07-2005 20:09,22,R20-M1-N6-C:J03-U01,KERNEL,INFO,generating core.34015,E67,generating core.<*>,0.1,Normal,0
BGL,711,09-07-2005 20:09,15,R26-M0-NA-C:J07-U01,KERNEL,INFO,generating core.63070,E67,generating core.<*>,0.1,Normal,0
BGL,712,09-07-2005 20:12,176,R24-M0-N1-C:J17-U01,KERNEL,INFO,generating core.31192,E67,generating core.<*>,0.1,Normal,0
BGL,713,09-07-2005 20:14,70,R24-M1-N1-C:J14-U01,KERNEL,INFO,generating core.40344,E67,generating core.<*>,0.1,Normal,0
BGL,714,09-07-2005 20:14,1,R22-M0-N2-C:J09-U11,KERNEL,INFO,generating core.62462,E67,generating core.<*>,0.1,Normal,0
BGL,715,09-07-2005 20:14,12,R36-M0-N9-C:J15-U01,KERNEL,INFO,generating core.40528,E67,generating core.<*>,0.1,Normal,0
BGL,716,09-07-2005 20:16,147,R21-M1-N7-C:J07-U11,KERNEL,INFO,generating core.42234,E67,generating core.<*>,0.1,Normal,0
BGL,717,09-07-2005 20:17,16,R27-M0-N1-C:J05-U01,KERNEL,INFO,generating core.23259,E67,generating core.<*>,0.1,Normal,0
BGL,718,09-07-2005 20:17,0,R27-M0-N1-C:J07-U11,KERNEL,INFO,generating core.24314,E67,generating core.<*>,0.1,Normal,0
BGL,719,09-07-2005 20:18,64,R30-M0-NA-C:J17-U01,KERNEL,INFO,generating core.4180,E67,generating core.<*>,0.1,Normal,0
BGL,720,09-07-2005 20:18,16,R23-M0-N1-C:J07-U01,KERNEL,INFO,generating core.24538,E67,generating core.<*>,0.1,Normal,0
BGL,721,09-07-2005 20:19,46,R24-M0-N6-C:J07-U01,KERNEL,INFO,generating core.26078,E67,generating core.<*>,0.1,Normal,0
BGL,722,09-07-2005 20:19,3,R32-M1-N3-C:J07-U11,KERNEL,INFO,generating core.30706,E67,generating core.<*>,0.1,Normal,0
BGL,723,09-07-2005 20:19,8,R32-M0-N1-C:J03-U01,KERNEL,INFO,generating core.8147,E67,generating core.<*>,0.1,Normal,0
BGL,724,09-07-2005 20:20,45,R10-M0-NE-C:J04-U11,KERNEL,INFO,generating core.57391,E67,generating core.<*>,0.1,Normal,0
BGL,725,09-07-2005 20:22,146,R17-M1-ND-C:J14-U01,KERNEL,INFO,generating core.11784,E67,generating core.<*>,0.1,Normal,0
BGL,726,09-07-2005 20:23,51,R16-M0-NB-C:J04-U01,KERNEL,INFO,generating core.61963,E67,generating core.<*>,0.1,Normal,0
BGL,727,09-07-2005 20:23,19,R14-M1-N7-C:J04-U01,KERNEL,INFO,generating core.33163,E67,generating core.<*>,0.1,Normal,0
BGL,728,09-07-2005 20:23,16,R06-M1-NB-C:J03-U01,KERNEL,INFO,generating core.30275,E67,generating core.<*>,0.1,Normal,0
BGL,729,09-07-2005 20:24,25,R15-M1-N1-C:J10-U01,KERNEL,INFO,generating core.15753,E67,generating core.<*>,0.1,Normal,0
BGL,730,09-07-2005 20:25,41,R00-M0-N1-C:J07-U01,KERNEL,INFO,generating core.7362,E67,generating core.<*>,0.1,Normal,0
BGL,731,09-07-2005 23:52,12427,R27-M0-N6-C:J05-U11,KERNEL,INFO,generating core.8575,E67,generating core.<*>,0.1,Normal,0
BGL,732,09-07-2005 23:52,15,R21-M0-ND-C:J15-U11,KERNEL,INFO,generating core.9784,E67,generating core.<*>,0.1,Normal,0
BGL,733,09-07-2005 23:53,75,R35-M1-N9-C:J10-U11,KERNEL,INFO,generating core.11921,E67,generating core.<*>,0.1,Normal,0
BGL,734,09-07-2005 23:54,43,R31-M1-N0-C:J03-U01,KERNEL,INFO,generating core.11879,E67,generating core.<*>,0.1,Normal,0
BGL,735,10-07-2005 00:31,2219,R26-M0-NF-C:J02-U01,KERNEL,INFO,generating core.13067,E67,generating core.<*>,0.1,Normal,0
BGL,736,10-07-2005 00:33,154,R26-M0-N7-C:J02-U01,KERNEL,INFO,generating core.13131,E67,generating core.<*>,0.1,Normal,0
BGL,737,10-07-2005 00:34,44,R34-M1-N4-C:J03-U11,KERNEL,INFO,generating core.14071,E67,generating core.<*>,0.1,Normal,0
BGL,738,10-07-2005 00:48,849,R37-M1-N7-C:J17-U01,KERNEL,INFO,generating core.8544,E67,generating core.<*>,0.1,Normal,0
BGL,739,10-07-2005 00:48,1,R37-M1-N7-C:J04-U11,KERNEL,INFO,generating core.8531,E67,generating core.<*>,0.1,Normal,0
BGL,740,10-07-2005 00:49,30,R20-M0-N5-C:J07-U11,KERNEL,INFO,generating core.13946,E67,generating core.<*>,0.1,Normal,0
BGL,741,10-07-2005 00:51,147,R24-M0-N0-C:J02-U11,KERNEL,INFO,generating core.16095,E67,generating core.<*>,0.1,Normal,0
BGL,742,10-07-2005 00:52,32,R21-M1-N8-C:J04-U01,KERNEL,INFO,generating core.7183,E67,generating core.<*>,0.1,Normal,0
BGL,743,10-07-2005 00:54,127,R06-M1-N8-C:J14-U01,KERNEL,INFO,generating core.1988,E67,generating core.<*>,0.1,Normal,0
BGL,744,10-07-2005 00:57,203,R01-M1-N5-C:J04-U11,KERNEL,INFO,generating core.2347,E67,generating core.<*>,0.1,Normal,0
BGL,745,10-07-2005 01:03,338,R05-M1-N2-C:J06-U01,KERNEL,INFO,generating core.2790,E67,generating core.<*>,0.1,Normal,0
BGL,746,10-07-2005 01:03,6,R01-M1-NA-C:J12-U11,KERNEL,INFO,generating core.2573,E67,generating core.<*>,0.1,Normal,0
BGL,747,10-07-2005 01:08,307,R00-M1-N9-C:J11-U01,KERNEL,INFO,generating core.3985,E67,generating core.<*>,0.1,Normal,0
BGL,748,10-07-2005 01:19,645,R26-M0-ND-C:J16-U11,KERNEL,INFO,generating core.13592,E67,generating core.<*>,0.1,Normal,0
BGL,749,10-07-2005 01:19,23,R37-M1-ND-C:J03-U01,KERNEL,INFO,generating core.10019,E67,generating core.<*>,0.1,Normal,0
BGL,750,10-07-2005 01:20,18,R21-M0-N3-C:J06-U11,KERNEL,INFO,generating core.10842,E67,generating core.<*>,0.1,Normal,0
BGL,751,10-07-2005 01:21,99,R23-M1-N1-C:J06-U01,KERNEL,INFO,generating core.8138,E67,generating core.<*>,0.1,Normal,0
BGL,752,10-07-2005 03:56,9297,R17-M0-NF-C:J13-U11,KERNEL,INFO,1365301360 double-hummer alignment exceptions,E3,<*> double-hummer alignment exceptions,0.1,Normal,0
BGL,753,10-07-2005 03:58,120,R14-M0-NB-C:J13-U11,KERNEL,INFO,1315337824 double-hummer alignment exceptions,E3,<*> double-hummer alignment exceptions,0.1,Normal,0
BGL,754,10-07-2005 03:58,3,R14-M0-N9-C:J14-U01,KERNEL,INFO,1401390016 double-hummer alignment exceptions,E3,<*> double-hummer alignment exceptions,0.1,Normal,0
BGL,755,10-07-2005 03:59,30,R32-M1-N9-C:J10-U11,KERNEL,INFO,generating core.32657,E67,generating core.<*>,0.1,Normal,0
BGL,756,10-07-2005 03:59,31,R35-M1-N3-C:J04-U11,KERNEL,INFO,generating core.26835,E67,generating core.<*>,0.1,Normal,0
BGL,757,10-07-2005 04:01,96,R31-M1-N1-C:J06-U11,KERNEL,INFO,generating core.28242,E67,generating core.<*>,0.1,Normal,0
BGL,758,10-07-2005 04:01,28,R23-M1-N7-C:J09-U01,KERNEL,INFO,generating core.20970,E67,generating core.<*>,0.1,Normal,0
BGL,759,10-07-2005 04:02,13,R30-M0-N3-C:J08-U11,KERNEL,INFO,generating core.18514,E67,generating core.<*>,0.1,Normal,0
BGL,760,10-07-2005 04:02,14,R26-M1-N3-C:J11-U11,KERNEL,INFO,generating core.19321,E67,generating core.<*>,0.1,Normal,0
BGL,761,10-07-2005 04:02,3,R22-M0-ND-C:J13-U11,KERNEL,INFO,generating core.13753,E67,generating core.<*>,0.1,Normal,0
BGL,762,10-07-2005 04:04,136,R33-M0-N2-C:J07-U11,KERNEL,INFO,generating core.23542,E67,generating core.<*>,0.1,Normal,0
BGL,763,10-07-2005 04:05,37,R34-M1-N6-C:J09-U11,KERNEL,INFO,generating core.28918,E67,generating core.<*>,0.1,Normal,0
BGL,764,10-07-2005 04:07,129,R25-M1-NF-C:J10-U11,KERNEL,INFO,generating core.21145,E67,generating core.<*>,0.1,Normal,0
BGL,765,10-07-2005 04:08,91,R35-M1-NF-C:J14-U01,KERNEL,INFO,generating core.8832,E67,generating core.<*>,0.1,Normal,0
BGL,766,10-07-2005 04:09,55,R20-M1-N8-C:J03-U01,KERNEL,INFO,generating core.20015,E67,generating core.<*>,0.1,Normal,0
BGL,767,10-07-2005 04:10,24,R27-M0-N8-C:J17-U01,KERNEL,INFO,generating core.11564,E67,generating core.<*>,0.1,Normal,0
BGL,768,10-07-2005 04:11,81,R30-M0-NC-C:J10-U11,KERNEL,INFO,generating core.1557,E67,generating core.<*>,0.1,Normal,0
BGL,769,10-07-2005 04:13,148,R11-M0-N2-C:J04-U11,KERNEL,INFO,generating core.5167,E67,generating core.<*>,0.1,Normal,0
BGL,770,10-07-2005 04:14,19,R11-M1-N2-C:J04-U01,KERNEL,INFO,generating core.3111,E67,generating core.<*>,0.1,Normal,0
BGL,771,10-07-2005 04:14,30,R10-M0-NB-C:J13-U11,KERNEL,INFO,generating core.7193,E67,generating core.<*>,0.1,Normal,0
BGL,772,10-07-2005 04:15,54,R13-M0-N0-C:J12-U01,KERNEL,INFO,generating core.5861,E67,generating core.<*>,0.1,Normal,0
BGL,773,10-07-2005 04:17,81,R30-M1-N1-C:J12-U01,KERNEL,INFO,generating core.15425,E67,generating core.<*>,0.1,Normal,0
BGL,774,10-07-2005 04:17,49,R30-M0-NF-C:J15-U11,KERNEL,INFO,generating core.560,E67,generating core.<*>,0.1,Normal,0
BGL,775,10-07-2005 04:18,28,R35-M0-ND-C:J14-U01,KERNEL,INFO,generating core.5760,E67,generating core.<*>,0.1,Normal,0
BGL,776,10-07-2005 04:18,39,R22-M0-ND-C:J17-U11,KERNEL,INFO,generating core.13752,E67,generating core.<*>,0.1,Normal,0
BGL,777,10-07-2005 04:19,7,R21-M0-N2-C:J15-U01,KERNEL,INFO,generating core.10860,E67,generating core.<*>,0.1,Normal,0
BGL,778,10-07-2005 04:19,4,R24-M0-N7-C:J17-U11,KERNEL,INFO,generating core.12536,E67,generating core.<*>,0.1,Normal,0
BGL,779,10-07-2005 04:19,14,R36-M0-N9-C:J17-U01,KERNEL,INFO,generating core.19744,E67,generating core.<*>,0.1,Normal,0
BGL,780,10-07-2005 04:19,16,R31-M1-N7-C:J03-U01,KERNEL,INFO,generating core.8803,E67,generating core.<*>,0.1,Normal,0
BGL,781,10-07-2005 04:20,79,R21-M0-N0-C:J06-U01,KERNEL,INFO,generating core.28238,E67,generating core.<*>,0.1,Normal,0
BGL,782,10-07-2005 04:21,50,R36-M1-N7-C:J05-U01,KERNEL,INFO,generating core.12643,E67,generating core.<*>,0.1,Normal,0
BGL,783,10-07-2005 04:22,24,R20-M0-N6-C:J03-U11,KERNEL,INFO,generating core.12927,E67,generating core.<*>,0.1,Normal,0
BGL,784,10-07-2005 04:22,16,R37-M0-NA-C:J10-U01,KERNEL,INFO,generating core.6917,E67,generating core.<*>,0.1,Normal,0
BGL,785,10-07-2005 04:22,29,R27-M1-N7-C:J11-U01,KERNEL,INFO,generating core.21353,E67,generating core.<*>,0.1,Normal,0
BGL,786,10-07-2005 04:23,6,R26-M1-N6-C:J15-U11,KERNEL,INFO,generating core.17276,E67,generating core.<*>,0.1,Normal,0
BGL,787,10-07-2005 04:23,49,R27-M0-N3-C:J04-U01,KERNEL,INFO,generating core.26955,E67,generating core.<*>,0.1,Normal,0
BGL,788,10-07-2005 04:23,4,R27-M0-N2-C:J03-U11,KERNEL,INFO,generating core.11135,E67,generating core.<*>,0.1,Normal,0
BGL,789,10-07-2005 04:24,31,R31-M0-NA-C:J03-U11,KERNEL,INFO,generating core.6711,E67,generating core.<*>,0.1,Normal,0
BGL,790,10-07-2005 04:24,30,R27-M1-ND-C:J02-U01,KERNEL,INFO,generating core.22283,E67,generating core.<*>,0.1,Normal,0
BGL,791,10-07-2005 04:25,11,R35-M0-NE-C:J03-U11,KERNEL,INFO,generating core.21175,E67,generating core.<*>,0.1,Normal,0
BGL,792,10-07-2005 04:25,19,R25-M0-N9-C:J11-U01,KERNEL,INFO,generating core.28329,E67,generating core.<*>,0.1,Normal,0
BGL,793,10-07-2005 04:27,147,R22-M1-N8-C:J02-U01,KERNEL,INFO,generating core.20367,E67,generating core.<*>,0.1,Normal,0
BGL,794,10-07-2005 04:28,30,R27-M1-N8-C:J08-U11,KERNEL,INFO,generating core.23838,E67,generating core.<*>,0.1,Normal,0
BGL,795,10-07-2005 04:28,5,R22-M0-N8-C:J15-U01,KERNEL,INFO,generating core.16300,E67,generating core.<*>,0.1,Normal,0
BGL,796,10-07-2005 04:29,84,R33-M0-N0-C:J04-U01,KERNEL,INFO,generating core.7623,E67,generating core.<*>,0.1,Normal,0
BGL,797,10-07-2005 04:30,47,R01-M0-N0-C:J10-U01,KERNEL,INFO,generating core.1957,E67,generating core.<*>,0.1,Normal,0
BGL,798,10-07-2005 04:36,328,R04-M1-NE-C:J15-U11,KERNEL,INFO,generating core.3292,E67,generating core.<*>,0.1,Normal,0
BGL,799,10-07-2005 04:49,773,R00-M1-N7-C:J11-U01,KERNEL,INFO,generating core.3249,E67,generating core.<*>,0.1,Normal,0
BGL,800,10-07-2005 04:49,5,R01-M1-N2-C:J08-U11,KERNEL,INFO,generating core.2606,E67,generating core.<*>,0.1,Normal,0
BGL,801,10-07-2005 05:16,1619,R01-M1-N7-C:J11-U11,KERNEL,INFO,generating core.2233,E67,generating core.<*>,0.1,Normal,0
BGL,802,10-07-2005 05:16,24,R04-M1-N0-C:J05-U01,KERNEL,INFO,generating core.3959,E67,generating core.<*>,0.1,Normal,0
BGL,803,10-07-2005 05:23,409,R05-M1-N9-C:J16-U01,KERNEL,INFO,generating core.2880,E67,generating core.<*>,0.1,Normal,0
BGL,804,10-07-2005 05:23,23,R04-M1-NB-C:J15-U01,KERNEL,INFO,generating core.3792,E67,generating core.<*>,0.1,Normal,0
BGL,805,10-07-2005 05:40,983,R01-M1-N9-C:J03-U11,KERNEL,INFO,generating core.2971,E67,generating core.<*>,0.1,Normal,0
BGL,806,10-07-2005 06:10,1817,R04-M1-NE-C:J10-U01,KERNEL,INFO,generating core.3269,E67,generating core.<*>,0.1,Normal,0
BGL,807,10-07-2005 14:41,30692,R27-M1-N9-C:J15-U11,KERNEL,INFO,generating core.24376,E67,generating core.<*>,0.1,Normal,0
BGL,808,10-07-2005 14:42,44,R24-M0-N3-C:J02-U01,KERNEL,INFO,generating core.31435,E67,generating core.<*>,0.1,Normal,0
BGL,809,10-07-2005 14:42,13,R26-M1-N9-C:J02-U01,KERNEL,INFO,generating core.3851,E67,generating core.<*>,0.1,Normal,0
BGL,810,10-07-2005 14:43,51,R36-M0-N9-C:J11-U01,KERNEL,INFO,generating core.20257,E67,generating core.<*>,0.1,Normal,0
BGL,811,10-07-2005 14:44,55,R30-M1-N9-C:J10-U01,KERNEL,INFO,generating core.32257,E67,generating core.<*>,0.1,Normal,0
BGL,812,10-07-2005 14:44,1,R23-M1-NA-C:J14-U11,KERNEL,INFO,generating core.7068,E67,generating core.<*>,0.1,Normal,0
BGL,813,10-07-2005 14:46,120,R25-M1-N7-C:J13-U01,KERNEL,INFO,generating core.4329,E67,generating core.<*>,0.1,Normal,0
BGL,814,10-07-2005 14:46,3,R24-M1-N7-C:J16-U11,KERNEL,INFO,generating core.16600,E67,generating core.<*>,0.1,Normal,0
BGL,815,10-07-2005 14:47,25,R37-M0-N2-C:J05-U11,KERNEL,INFO,generating core.6519,E67,generating core.<*>,0.1,Normal,0
BGL,816,10-07-2005 14:48,57,R32-M1-N3-C:J10-U11,KERNEL,INFO,generating core.15313,E67,generating core.<*>,0.1,Normal,0
BGL,817,10-07-2005 14:48,18,R24-M1-N6-C:J05-U01,KERNEL,INFO,generating core.16623,E67,generating core.<*>,0.1,Normal,0
BGL,818,10-07-2005 14:48,26,R25-M0-NA-C:J13-U11,KERNEL,INFO,generating core.10429,E67,generating core.<*>,0.1,Normal,0
BGL,819,10-07-2005 14:50,97,R36-M1-N0-C:J17-U11,KERNEL,INFO,generating core.32116,E67,generating core.<*>,0.1,Normal,0
BGL,820,10-07-2005 14:50,23,R30-M1-N8-C:J15-U11,KERNEL,INFO,generating core.15924,E67,generating core.<*>,0.1,Normal,0
BGL,821,11-07-2005 14:12,84127,R30-M0-NB-C:J09-U01,KERNEL,INFO,"CE sym 2, at 0x0d09f1c0, mask 0x80",E18,"CE sym <*>, at <*>, mask <*>",0.1,Normal,0
BGL,822,11-07-2005 19:54,20518,R22-M0-N0-I:J18-U11,APP,FATAL,"ciod: Error loading /home/greeno/raptor.new.dev.3d.BGL.CXX_XL.MPI.ex: invalid or missing program image, No such file or directory",E28,"ciod: Error loading <*>: invalid or missing program image, No such file or directory",0.1,Normal,0
BGL,823,11-07-2005 21:03,4126,R01-M0-N1-C:J09-U11,KERNEL,FATAL,rts panic! - stopping execution,E108,rts panic! - stopping execution,0.9,Risk,2
BGL,824,11-07-2005 21:03,2,R04-M0-N1-C:J02-U01,KERNEL,FATAL,rts panic! - stopping execution,E108,rts panic! - stopping execution,0.9,Risk,2
BGL,825,12-07-2005 12:41,56269,R37-M1-N6-C:J03-U11,KERNEL,INFO,generating core.9079,E67,generating core.<*>,0.1,Normal,0
BGL,826,12-07-2005 12:43,129,R27-M1-NB-C:J12-U11,KERNEL,INFO,generating core.6425,E67,generating core.<*>,0.1,Normal,0
BGL,827,12-07-2005 12:43,22,R26-M1-N1-C:J16-U01,KERNEL,INFO,generating core.3400,E67,generating core.<*>,0.1,Normal,0
BGL,828,12-07-2005 12:44,19,R31-M0-NA-C:J03-U11,KERNEL,INFO,generating core.6711,E67,generating core.<*>,0.1,Normal,0
BGL,829,12-07-2005 12:44,8,R34-M0-N2-C:J04-U11,KERNEL,INFO,generating core.2263,E67,generating core.<*>,0.1,Normal,0
BGL,830,12-07-2005 12:45,45,R25-M0-ND-C:J09-U01,KERNEL,INFO,generating core.9386,E67,generating core.<*>,0.1,Normal,0
BGL,831,12-07-2005 12:47,141,R22-M1-N0-C:J10-U11,KERNEL,INFO,generating core.4061,E67,generating core.<*>,0.1,Normal,0
BGL,832,12-07-2005 12:48,60,R34-M1-N4-C:J07-U11,KERNEL,INFO,generating core.14070,E67,generating core.<*>,0.1,Normal,0
BGL,833,12-07-2005 12:48,0,R34-M1-N4-C:J10-U01,KERNEL,INFO,generating core.14021,E67,generating core.<*>,0.1,Normal,0
BGL,834,12-07-2005 12:53,310,R16-M1-N1-C:J05-U01,KERNEL,INFO,generating core.1715,E67,generating core.<*>,0.1,Normal,0
BGL,835,12-07-2005 12:53,11,R17-M0-NF-C:J10-U11,KERNEL,INFO,generating core.4489,E67,generating core.<*>,0.1,Normal,0
BGL,836,12-07-2005 12:55,124,R11-M1-N6-C:J16-U11,KERNEL,INFO,generating core.2092,E67,generating core.<*>,0.1,Normal,0
BGL,837,12-07-2005 12:56,31,R15-M0-N8-C:J02-U11,KERNEL,INFO,generating core.5967,E67,generating core.<*>,0.1,Normal,0
BGL,838,13-07-2005 07:07,65475,R11-M1-N3-C:J07-U11,KERNEL,INFO,total of 1 ddr error(s) detected and corrected,E118,total of <*> ddr error(s) detected and corrected,0.1,Normal,0
BGL,839,13-07-2005 10:58,13818,R33-M1-NE-C:J07-U01,KERNEL,INFO,118661512 double-hummer alignment exceptions,E3,<*> double-hummer alignment exceptions,0.1,Normal,0
BGL,840,13-07-2005 10:58,29,R24-M0-N1-C:J03-U01,KERNEL,INFO,112099344 double-hummer alignment exceptions,E3,<*> double-hummer alignment exceptions,0.1,Normal,0
BGL,841,13-07-2005 10:58,13,R22-M1-N3-C:J02-U01,KERNEL,INFO,113170696 double-hummer alignment exceptions,E3,<*> double-hummer alignment exceptions,0.1,Normal,0
BGL,842,13-07-2005 10:58,3,R26-M1-N1-C:J11-U01,KERNEL,INFO,117400328 double-hummer alignment exceptions,E3,<*> double-hummer alignment exceptions,0.1,Normal,0
BGL,843,13-07-2005 10:59,51,R30-M1-N2-C:J11-U11,KERNEL,INFO,112762744 double-hummer alignment exceptions,E3,<*> double-hummer alignment exceptions,0.1,Normal,0
BGL,844,13-07-2005 10:59,20,R23-M1-N6-C:J14-U11,KERNEL,INFO,116130784 double-hummer alignment exceptions,E3,<*> double-hummer alignment exceptions,0.1,Normal,0
BGL,845,13-07-2005 11:00,53,R11-M1-NE-C:J06-U01,KERNEL,INFO,114147592 double-hummer alignment exceptions,E3,<*> double-hummer alignment exceptions,0.1,Normal,0
BGL,846,13-07-2005 11:00,2,R00-M1-N9-C:J16-U01,KERNEL,INFO,113622512 double-hummer alignment exceptions,E3,<*> double-hummer alignment exceptions,0.1,Normal,0
BGL,847,13-07-2005 11:01,13,R13-M0-N7-C:J09-U01,KERNEL,INFO,114059360 double-hummer alignment exceptions,E3,<*> double-hummer alignment exceptions,0.1,Normal,0
BGL,848,13-07-2005 11:02,76,R03-M0-N7-C:J12-U01,KERNEL,INFO,114091808 double-hummer alignment exceptions,E3,<*> double-hummer alignment exceptions,0.1,Normal,0
BGL,849,13-07-2005 11:02,29,R01-M0-NE-C:J05-U11,KERNEL,INFO,115325776 double-hummer alignment exceptions,E3,<*> double-hummer alignment exceptions,0.1,Normal,0
BGL,850,13-07-2005 11:03,24,R36-M0-N4-C:J04-U01,KERNEL,INFO,113982272 double-hummer alignment exceptions,E3,<*> double-hummer alignment exceptions,0.1,Normal,0
BGL,851,13-07-2005 11:03,0,R22-M1-N8-C:J09-U01,KERNEL,INFO,113355952 double-hummer alignment exceptions,E3,<*> double-hummer alignment exceptions,0.1,Normal,0
BGL,852,13-07-2005 11:03,34,R34-M0-N0-C:J17-U11,KERNEL,INFO,115193048 double-hummer alignment exceptions,E3,<*> double-hummer alignment exceptions,0.1,Normal,0
BGL,853,13-07-2005 11:05,101,R26-M0-N3-C:J08-U01,KERNEL,INFO,111990296 double-hummer alignment exceptions,E3,<*> double-hummer alignment exceptions,0.1,Normal,0
BGL,854,13-07-2005 11:06,46,R21-M0-N2-C:J07-U01,KERNEL,INFO,112625368 double-hummer alignment exceptions,E3,<*> double-hummer alignment exceptions,0.1,Normal,0
BGL,855,13-07-2005 11:08,109,R30-M1-N6-C:J14-U11,KERNEL,INFO,116249832 double-hummer alignment exceptions,E3,<*> double-hummer alignment exceptions,0.1,Normal,0
BGL,856,13-07-2005 11:08,15,R23-M0-N3-C:J12-U11,KERNEL,INFO,112481672 double-hummer alignment exceptions,E3,<*> double-hummer alignment exceptions,0.1,Normal,0
BGL,857,13-07-2005 11:09,56,R11-M1-N3-C:J10-U11,KERNEL,INFO,116332728 double-hummer alignment exceptions,E3,<*> double-hummer alignment exceptions,0.1,Normal,0
BGL,858,13-07-2005 12:02,3224,R36-M0-N7-C:J04-U11,KERNEL,INFO,generating core.691,E67,generating core.<*>,0.1,Normal,0
BGL,859,13-07-2005 12:05,123,R31-M1-N5-C:J02-U11,KERNEL,INFO,generating core.52403,E67,generating core.<*>,0.1,Normal,0
BGL,860,13-07-2005 12:06,59,R37-M0-NB-C:J05-U01,KERNEL,INFO,generating core.12883,E67,generating core.<*>,0.1,Normal,0
BGL,861,13-07-2005 12:06,6,R20-M1-NA-C:J04-U11,KERNEL,INFO,generating core.4159,E67,generating core.<*>,0.1,Normal,0
BGL,862,13-07-2005 12:06,10,R22-M1-N2-C:J08-U11,KERNEL,INFO,generating core.5054,E67,generating core.<*>,0.1,Normal,0
BGL,863,13-07-2005 12:06,22,R27-M0-N6-C:J09-U11,KERNEL,INFO,generating core.17150,E67,generating core.<*>,0.1,Normal,0
BGL,864,13-07-2005 12:08,139,R31-M0-N1-C:J09-U01,KERNEL,INFO,generating core.47314,E67,generating core.<*>,0.1,Normal,0
BGL,865,13-07-2005 12:09,32,R34-M0-N3-C:J14-U01,KERNEL,INFO,generating core.5520,E67,generating core.<*>,0.1,Normal,0
BGL,866,13-07-2005 12:10,43,R25-M0-N7-C:J10-U01,KERNEL,INFO,generating core.17817,E67,generating core.<*>,0.1,Normal,0
BGL,867,13-07-2005 12:12,155,R30-M0-ND-C:J09-U01,KERNEL,INFO,generating core.34898,E67,generating core.<*>,0.1,Normal,0
BGL,868,13-07-2005 12:12,10,R23-M1-N2-C:J02-U01,KERNEL,INFO,generating core.47007,E67,generating core.<*>,0.1,Normal,0
BGL,869,13-07-2005 12:13,2,R23-M0-N7-C:J02-U11,KERNEL,INFO,generating core.18363,E67,generating core.<*>,0.1,Normal,0
BGL,870,13-07-2005 12:13,24,R23-M0-N2-C:J07-U01,KERNEL,INFO,generating core.22494,E67,generating core.<*>,0.1,Normal,0
BGL,871,13-07-2005 15:22,11365,R32-M1-N8-C:J05-U01,KERNEL,INFO,"CE sym 16, at 0x0456cd40, mask 0x04",E18,"CE sym <*>, at <*>, mask <*>",0.1,Normal,0
BGL,872,14-07-2005 02:27,39859,R23-M0-N5-C:J04-U01,KERNEL,INFO,generating core.26059,E67,generating core.<*>,0.1,Normal,0
BGL,873,14-07-2005 02:29,136,R20-M1-N4-C:J02-U01,KERNEL,INFO,generating core.17999,E67,generating core.<*>,0.1,Normal,0
BGL,874,14-07-2005 02:30,43,R22-M0-N4-C:J02-U01,KERNEL,INFO,generating core.30671,E67,generating core.<*>,0.1,Normal,0
BGL,875,14-07-2005 02:30,47,R20-M1-NB-C:J15-U01,KERNEL,INFO,generating core.2600,E67,generating core.<*>,0.1,Normal,0
BGL,876,14-07-2005 02:31,20,R26-M0-N3-C:J14-U11,KERNEL,INFO,generating core.15192,E67,generating core.<*>,0.1,Normal,0
BGL,877,14-07-2005 02:31,21,R31-M1-N5-C:J15-U11,KERNEL,INFO,generating core.26224,E67,generating core.<*>,0.1,Normal,0
BGL,878,14-07-2005 02:31,0,R31-M1-N5-C:J17-U11,KERNEL,INFO,generating core.25712,E67,generating core.<*>,0.1,Normal,0
BGL,879,14-07-2005 02:31,11,R37-M0-NA-C:J04-U11,KERNEL,INFO,generating core.22807,E67,generating core.<*>,0.1,Normal,0
BGL,880,14-07-2005 02:35,225,R00-M0-NC-C:J17-U11,KERNEL,INFO,generating core.284,E67,generating core.<*>,0.1,Normal,0
BGL,881,14-07-2005 02:36,34,R01-M0-NC-C:J12-U01,KERNEL,INFO,generating core.5381,E67,generating core.<*>,0.1,Normal,0
BGL,882,14-07-2005 02:37,90,R23-M0-NB-C:J05-U01,KERNEL,INFO,generating core.27051,E67,generating core.<*>,0.1,Normal,0
BGL,883,14-07-2005 02:37,22,R24-M0-N6-C:J15-U01,KERNEL,INFO,generating core.29420,E67,generating core.<*>,0.1,Normal,0
BGL,884,14-07-2005 02:38,30,R35-M1-NE-C:J09-U11,KERNEL,INFO,generating core.8374,E67,generating core.<*>,0.1,Normal,0
BGL,885,14-07-2005 02:39,50,R20-M0-N0-C:J06-U11,KERNEL,INFO,generating core.15966,E67,generating core.<*>,0.1,Normal,0
BGL,886,14-07-2005 02:45,343,R00-M1-N2-C:J02-U11,KERNEL,INFO,generating core.7855,E67,generating core.<*>,0.1,Normal,0
BGL,887,14-07-2005 02:45,38,R05-M1-N7-C:J15-U11,KERNEL,INFO,generating core.2296,E67,generating core.<*>,0.1,Normal,0
BGL,888,14-07-2005 02:45,3,R05-M0-NE-C:J04-U11,KERNEL,INFO,generating core.1103,E67,generating core.<*>,0.1,Normal,0
BGL,889,14-07-2005 02:46,28,R05-M0-N9-C:J07-U11,KERNEL,INFO,generating core.2010,E67,generating core.<*>,0.1,Normal,0
BGL,890,14-07-2005 02:46,17,R04-M1-N6-C:J12-U11,KERNEL,INFO,generating core.3181,E67,generating core.<*>,0.1,Normal,0
BGL,891,14-07-2005 03:14,1681,R26-M0-N9-C:J08-U01,KERNEL,INFO,generating core.32010,E67,generating core.<*>,0.1,Normal,0
BGL,892,14-07-2005 03:15,42,R33-M1-ND-C:J05-U11,KERNEL,INFO,generating core.9651,E67,generating core.<*>,0.1,Normal,0
BGL,893,14-07-2005 03:15,6,R27-M0-N5-C:J10-U01,KERNEL,INFO,generating core.10057,E67,generating core.<*>,0.1,Normal,0
BGL,894,14-07-2005 03:15,11,R37-M0-ND-C:J03-U11,KERNEL,INFO,generating core.5939,E67,generating core.<*>,0.1,Normal,0
BGL,895,14-07-2005 03:17,96,R24-M0-NF-C:J15-U11,KERNEL,INFO,generating core.12984,E67,generating core.<*>,0.1,Normal,0
BGL,896,14-07-2005 03:17,6,R20-M1-ND-C:J05-U11,KERNEL,INFO,generating core.17467,E67,generating core.<*>,0.1,Normal,0
BGL,897,14-07-2005 03:18,81,R34-M1-NE-C:J03-U11,KERNEL,INFO,generating core.29367,E67,generating core.<*>,0.1,Normal,0
BGL,898,14-07-2005 03:18,2,R30-M1-NA-C:J14-U01,KERNEL,INFO,generating core.14852,E67,generating core.<*>,0.1,Normal,0
BGL,899,14-07-2005 03:19,30,R25-M1-N6-C:J07-U11,KERNEL,INFO,generating core.4862,E67,generating core.<*>,0.1,Normal,0
BGL,900,14-07-2005 03:19,16,R25-M0-NB-C:J03-U11,KERNEL,INFO,generating core.27323,E67,generating core.<*>,0.1,Normal,0
BGL,901,14-07-2005 03:19,19,R31-M1-NA-C:J08-U11,KERNEL,INFO,generating core.26646,E67,generating core.<*>,0.1,Normal,0
BGL,902,14-07-2005 03:23,214,R37-M0-NC-C:J17-U11,KERNEL,INFO,generating core.5428,E67,generating core.<*>,0.1,Normal,0
BGL,903,14-07-2005 03:23,20,R33-M1-N8-C:J15-U11,KERNEL,INFO,generating core.12212,E67,generating core.<*>,0.1,Normal,0
BGL,904,14-07-2005 03:23,15,R26-M1-N8-C:J04-U01,KERNEL,INFO,generating core.3343,E67,generating core.<*>,0.1,Normal,0
BGL,905,14-07-2005 03:24,58,R32-M0-N0-C:J09-U01,KERNEL,INFO,generating core.19942,E67,generating core.<*>,0.1,Normal,0
BGL,906,14-07-2005 03:25,35,R32-M0-NC-C:J14-U11,KERNEL,INFO,generating core.18324,E67,generating core.<*>,0.1,Normal,0
BGL,907,14-07-2005 03:25,8,R32-M0-N8-C:J09-U11,KERNEL,INFO,generating core.3510,E67,generating core.<*>,0.1,Normal,0
BGL,908,14-07-2005 03:30,323,R22-M1-ND-C:J05-U11,KERNEL,INFO,generating core.17851,E67,generating core.<*>,0.1,Normal,0
BGL,909,14-07-2005 03:31,51,R22-M0-ND-C:J15-U01,KERNEL,INFO,generating core.30632,E67,generating core.<*>,0.1,Normal,0
BGL,910,14-07-2005 03:32,28,R21-M0-N2-C:J05-U01,KERNEL,INFO,generating core.26735,E67,generating core.<*>,0.1,Normal,0
BGL,911,14-07-2005 03:33,90,R36-M0-NB-C:J12-U01,KERNEL,INFO,generating core.18689,E67,generating core.<*>,0.1,Normal,0
BGL,912,14-07-2005 03:33,9,R31-M1-N9-C:J09-U11,KERNEL,INFO,generating core.27698,E67,generating core.<*>,0.1,Normal,0
BGL,913,14-07-2005 03:34,27,R33-M1-NA-C:J12-U11,KERNEL,INFO,generating core.10645,E67,generating core.<*>,0.1,Normal,0
BGL,914,14-07-2005 03:35,50,R33-M0-NF-C:J10-U11,KERNEL,INFO,generating core.5009,E67,generating core.<*>,0.1,Normal,0
BGL,915,14-07-2005 03:36,68,R25-M1-ND-C:J10-U11,KERNEL,INFO,generating core.5785,E67,generating core.<*>,0.1,Normal,0
BGL,916,14-07-2005 03:37,48,R23-M1-NF-C:J12-U11,KERNEL,INFO,generating core.4505,E67,generating core.<*>,0.1,Normal,0
BGL,917,14-07-2005 03:37,11,R23-M0-NB-C:J11-U11,KERNEL,INFO,generating core.27577,E67,generating core.<*>,0.1,Normal,0
BGL,918,14-07-2005 03:37,31,R32-M1-N1-C:J03-U11,KERNEL,INFO,generating core.32755,E67,generating core.<*>,0.1,Normal,0
BGL,919,14-07-2005 03:38,20,R32-M1-N5-C:J02-U11,KERNEL,INFO,generating core.30675,E67,generating core.<*>,0.1,Normal,0
BGL,920,14-07-2005 03:38,24,R35-M1-N0-C:J13-U01,KERNEL,INFO,generating core.11493,E67,generating core.<*>,0.1,Normal,0
BGL,921,14-07-2005 03:38,31,R31-M0-NC-C:J03-U01,KERNEL,INFO,generating core.5671,E67,generating core.<*>,0.1,Normal,0
BGL,922,14-07-2005 03:39,14,R37-M1-N8-C:J08-U11,KERNEL,INFO,generating core.27926,E67,generating core.<*>,0.1,Normal,0
BGL,923,14-07-2005 03:39,29,R20-M0-N0-C:J02-U11,KERNEL,INFO,generating core.15967,E67,generating core.<*>,0.1,Normal,0
BGL,924,14-07-2005 03:39,16,R21-M1-N0-C:J15-U01,KERNEL,INFO,generating core.24172,E67,generating core.<*>,0.1,Normal,0
BGL,925,14-07-2005 03:40,16,R30-M1-NC-C:J17-U01,KERNEL,INFO,generating core.29732,E67,generating core.<*>,0.1,Normal,0
BGL,926,14-07-2005 03:40,36,R30-M0-N4-C:J09-U11,KERNEL,INFO,generating core.17526,E67,generating core.<*>,0.1,Normal,0
BGL,927,14-07-2005 03:58,1086,R20-M1-N9-C:J12-U11,KERNEL,INFO,generating core.19481,E67,generating core.<*>,0.1,Normal,0
BGL,928,14-07-2005 03:59,11,R37-M0-N1-C:J12-U01,KERNEL,INFO,generating core.23873,E67,generating core.<*>,0.1,Normal,0
BGL,929,14-07-2005 03:59,35,R26-M0-NB-C:J04-U01,KERNEL,INFO,generating core.14603,E67,generating core.<*>,0.1,Normal,0
BGL,930,14-07-2005 04:00,75,R26-M0-N1-C:J13-U11,KERNEL,INFO,generating core.15737,E67,generating core.<*>,0.1,Normal,0
BGL,931,14-07-2005 04:03,162,R21-M1-N2-C:J02-U01,KERNEL,INFO,generating core.23119,E67,generating core.<*>,0.1,Normal,0
BGL,932,14-07-2005 04:03,7,R22-M0-N3-C:J17-U01,KERNEL,INFO,generating core.14824,E67,generating core.<*>,0.1,Normal,0
BGL,933,14-07-2005 04:04,29,R36-M1-N9-C:J17-U01,KERNEL,INFO,generating core.15648,E67,generating core.<*>,0.1,Normal,0
BGL,934,14-07-2005 04:04,3,R33-M0-N2-C:J15-U11,KERNEL,INFO,generating core.7156,E67,generating core.<*>,0.1,Normal,0
BGL,935,14-07-2005 04:05,59,R33-M0-NA-C:J05-U11,KERNEL,INFO,generating core.22967,E67,generating core.<*>,0.1,Normal,0
BGL,936,14-07-2005 04:05,12,R06-M1-N8-C:J16-U11,KERNEL,INFO,generating core.3980,E67,generating core.<*>,0.1,Normal,0
BGL,937,14-07-2005 04:05,19,R35-M1-N1-C:J12-U11,KERNEL,INFO,generating core.11473,E67,generating core.<*>,0.1,Normal,0
BGL,938,14-07-2005 04:05,7,R34-M1-N7-C:J03-U11,KERNEL,INFO,generating core.13043,E67,generating core.<*>,0.1,Normal,0
BGL,939,14-07-2005 04:06,17,R27-M0-N1-C:J05-U01,KERNEL,INFO,generating core.28011,E67,generating core.<*>,0.1,Normal,0
BGL,940,14-07-2005 04:06,1,R21-M0-NA-C:J11-U11,KERNEL,INFO,generating core.27197,E67,generating core.<*>,0.1,Normal,0
BGL,941,14-07-2005 04:06,3,R21-M0-N9-C:J17-U11,KERNEL,INFO,generating core.27704,E67,generating core.<*>,0.1,Normal,0
BGL,942,14-07-2005 04:06,27,R21-M0-N5-C:J13-U11,KERNEL,INFO,generating core.9337,E67,generating core.<*>,0.1,Normal,0
BGL,943,14-07-2005 04:07,21,R37-M0-N2-C:J09-U01,KERNEL,INFO,generating core.22886,E67,generating core.<*>,0.1,Normal,0
BGL,944,14-07-2005 04:08,116,R37-M0-NC-C:J11-U11,KERNEL,INFO,generating core.22325,E67,generating core.<*>,0.1,Normal,0
BGL,945,14-07-2005 04:10,110,R23-M1-N8-C:J09-U11,KERNEL,INFO,generating core.23998,E67,generating core.<*>,0.1,Normal,0
BGL,946,14-07-2005 23:20,68974,R01-M0-N0-I:J18-U11,APP,FATAL,ciod: Error creating node map from file /home/pakin1/sweep3d-2.2b/results/random1-8x32x32x2.map: Permission denied,E24,ciod: Error creating node map from file <*>: Permission denied,0.1,Normal,0
BGL,947,15-07-2005 06:18,25077,R23-M0-N0-I:J18-U01,KERNEL,INFO,ciod: Z coordinate 32 exceeds physical dimension 32 at line 33 of node map file /p/gb2/pakin1/contention-32768cpes-torus/xyzt-1x1x32768x1.map,E42,ciod: Z coordinate <*> exceeds physical dimension <*> at line <*> of node map file /<*>,0.1,Normal,0
BGL,948,15-07-2005 15:41,33762,R00-M0-NA-C:J04-U01,KERNEL,INFO,generating core.4615,E67,generating core.<*>,0.1,Normal,0
BGL,949,15-07-2005 15:41,9,R01-M0-NB-C:J07-U01,KERNEL,INFO,generating core.1682,E67,generating core.<*>,0.1,Normal,0
BGL,950,15-07-2005 15:41,5,R00-M0-N9-C:J14-U01,KERNEL,INFO,generating core.896,E67,generating core.<*>,0.1,Normal,0
BGL,951,15-07-2005 15:41,40,R04-M0-NB-C:J04-U01,KERNEL,INFO,generating core.4675,E67,generating core.<*>,0.1,Normal,0
BGL,952,15-07-2005 15:42,9,R04-M0-NE-C:J17-U01,KERNEL,INFO,generating core.84,E67,generating core.<*>,0.1,Normal,0
BGL,953,15-07-2005 18:14,9147,R07-M1-ND-C:J02-U11,KERNEL,INFO,generating core.1227,E67,generating core.<*>,0.1,Normal,0
BGL,954,16-07-2005 03:30,33388,R33-M0-N6-C:J13-U11,KERNEL,INFO,"1 ddr errors(s) detected and corrected on rank 0, symbol 33, bit 7",E2,"<*> ddr errors(s) detected and corrected on rank <*>, symbol <*>, bit <*>",0.1,Normal,0
BGL,955,16-07-2005 06:03,9147,R36-M1-ND-C:J04-U11,KERNEL,INFO,generating core.59955,E67,generating core.<*>,0.1,Normal,0
BGL,956,16-07-2005 06:04,80,R20-M1-N2-C:J03-U11,KERNEL,INFO,generating core.38143,E67,generating core.<*>,0.1,Normal,0
BGL,957,16-07-2005 06:05,27,R37-M0-N6-C:J09-U11,KERNEL,INFO,generating core.41718,E67,generating core.<*>,0.1,Normal,0
BGL,958,16-07-2005 06:08,212,R36-M1-N2-C:J05-U11,KERNEL,INFO,generating core.29431,E67,generating core.<*>,0.1,Normal,0
BGL,959,16-07-2005 06:08,4,R36-M0-NE-C:J05-U11,KERNEL,INFO,generating core.33399,E67,generating core.<*>,0.1,Normal,0
BGL,960,16-07-2005 06:09,15,R31-M0-ND-C:J03-U11,KERNEL,INFO,generating core.11379,E67,generating core.<*>,0.1,Normal,0
BGL,961,16-07-2005 06:09,20,R34-M0-N5-C:J03-U11,KERNEL,INFO,generating core.36339,E67,generating core.<*>,0.1,Normal,0
BGL,962,16-07-2005 06:10,88,R33-M0-NF-C:J11-U01,KERNEL,INFO,generating core.42833,E67,generating core.<*>,0.1,Normal,0
BGL,963,16-07-2005 06:11,11,R31-M1-NB-C:J05-U11,KERNEL,INFO,generating core.20595,E67,generating core.<*>,0.1,Normal,0
BGL,964,16-07-2005 06:11,45,R21-M0-N7-C:J14-U01,KERNEL,INFO,generating core.17560,E67,generating core.<*>,0.1,Normal,0
BGL,965,16-07-2005 06:11,6,R23-M0-NE-C:J16-U11,KERNEL,INFO,generating core.17212,E67,generating core.<*>,0.1,Normal,0
BGL,966,16-07-2005 06:27,932,R36-M1-NF-C:J02-U01,KERNEL,INFO,generating core.26131,E67,generating core.<*>,0.1,Normal,0
BGL,967,16-07-2005 06:29,96,R37-M0-N3-C:J13-U01,KERNEL,INFO,generating core.45777,E67,generating core.<*>,0.1,Normal,0
BGL,968,16-07-2005 06:31,137,R24-M0-N2-C:J15-U01,KERNEL,INFO,generating core.62940,E67,generating core.<*>,0.1,Normal,0
BGL,969,16-07-2005 06:31,17,R20-M0-N5-C:J03-U01,KERNEL,INFO,generating core.27867,E67,generating core.<*>,0.1,Normal,0
BGL,970,16-07-2005 06:32,36,R27-M0-NB-C:J16-U01,KERNEL,INFO,generating core.21016,E67,generating core.<*>,0.1,Normal,0
BGL,971,16-07-2005 06:33,62,R34-M0-N7-C:J13-U01,KERNEL,INFO,generating core.465,E67,generating core.<*>,0.1,Normal,0
BGL,972,16-07-2005 06:35,160,R21-M0-N9-C:J16-U11,KERNEL,INFO,generating core.55352,E67,generating core.<*>,0.1,Normal,0
BGL,973,16-07-2005 06:36,44,R37-M0-N5-C:J02-U11,KERNEL,INFO,generating core.44723,E67,generating core.<*>,0.1,Normal,0
BGL,974,16-07-2005 06:38,113,R32-M0-N5-C:J02-U11,KERNEL,INFO,generating core.36787,E67,generating core.<*>,0.1,Normal,0
BGL,975,16-07-2005 06:39,57,R10-M0-N2-C:J03-U01,KERNEL,INFO,generating core.29903,E67,generating core.<*>,0.1,Normal,0
BGL,976,16-07-2005 06:39,8,R12-M1-N7-C:J08-U11,KERNEL,INFO,generating core.33706,E67,generating core.<*>,0.1,Normal,0
BGL,977,16-07-2005 06:40,65,R17-M1-N6-C:J04-U11,KERNEL,INFO,generating core.8879,E67,generating core.<*>,0.1,Normal,0
BGL,978,16-07-2005 06:40,6,R15-M0-NF-C:J11-U01,KERNEL,INFO,generating core.50505,E67,generating core.<*>,0.1,Normal,0
BGL,979,16-07-2005 06:41,15,R10-M0-N3-C:J03-U01,KERNEL,INFO,generating core.29899,E67,generating core.<*>,0.1,Normal,0
BGL,980,16-07-2005 06:41,18,R15-M1-N3-C:J15-U01,KERNEL,INFO,generating core.46536,E67,generating core.<*>,0.1,Normal,0
BGL,981,16-07-2005 06:45,255,R13-M0-NE-C:J14-U11,KERNEL,INFO,generating core.50988,E67,generating core.<*>,0.1,Normal,0
BGL,982,16-07-2005 06:46,30,R03-M1-NB-C:J10-U01,KERNEL,INFO,generating core.22273,E67,generating core.<*>,0.1,Normal,0
BGL,983,16-07-2005 06:46,17,R11-M1-NA-C:J11-U01,KERNEL,INFO,generating core.46157,E67,generating core.<*>,0.1,Normal,0
BGL,984,16-07-2005 06:47,78,R06-M1-N7-C:J06-U11,KERNEL,INFO,generating core.59042,E67,generating core.<*>,0.1,Normal,0
BGL,985,16-07-2005 06:49,82,R02-M1-NA-C:J05-U11,KERNEL,INFO,generating core.29543,E67,generating core.<*>,0.1,Normal,0
BGL,986,16-07-2005 06:49,28,R07-M1-NA-C:J03-U11,KERNEL,INFO,generating core.22119,E67,generating core.<*>,0.1,Normal,0
BGL,987,16-07-2005 06:49,12,R02-M0-NA-C:J16-U11,KERNEL,INFO,generating core.4900,E67,generating core.<*>,0.1,Normal,0
BGL,988,17-07-2005 10:57,101250,R36-M1-NB-C:J14-U11,KERNEL,INFO,generating core.30256,E67,generating core.<*>,0.1,Normal,0
BGL,989,17-07-2005 10:57,19,R36-M1-N1-C:J08-U01,KERNEL,INFO,generating core.64146,E67,generating core.<*>,0.1,Normal,0
BGL,990,17-07-2005 10:58,31,R22-M0-N7-C:J17-U01,KERNEL,INFO,generating core.58328,E67,generating core.<*>,0.1,Normal,0
BGL,991,17-07-2005 10:59,80,R33-M1-ND-C:J10-U01,KERNEL,INFO,generating core.20241,E67,generating core.<*>,0.1,Normal,0
BGL,992,17-07-2005 10:59,16,R33-M1-N9-C:J10-U01,KERNEL,INFO,generating core.24337,E67,generating core.<*>,0.1,Normal,0
BGL,993,17-07-2005 10:59,19,R37-M1-NA-C:J12-U11,KERNEL,INFO,generating core.21045,E67,generating core.<*>,0.1,Normal,0
BGL,994,17-07-2005 11:00,27,R21-M1-N1-C:J16-U01,KERNEL,INFO,generating core.47256,E67,generating core.<*>,0.1,Normal,0
BGL,995,17-07-2005 11:00,15,R21-M1-NA-C:J05-U11,KERNEL,INFO,generating core.45183,E67,generating core.<*>,0.1,Normal,0
BGL,996,17-07-2005 11:00,12,R27-M1-NA-C:J06-U11,KERNEL,INFO,generating core.46654,E67,generating core.<*>,0.1,Normal,0
BGL,997,17-07-2005 11:02,99,R23-M0-NA-C:J09-U11,KERNEL,INFO,generating core.21374,E67,generating core.<*>,0.1,Normal,0
BGL,998,17-07-2005 11:03,87,R23-M1-NB-C:J16-U11,KERNEL,INFO,generating core.45880,E67,generating core.<*>,0.1,Normal,0
BGL,999,17-07-2005 11:04,20,R31-M1-N3-C:J05-U01,KERNEL,INFO,generating core.20691,E67,generating core.<*>,0.1,Normal,0
BGL,1000,17-07-2005 11:04,21,R33-M0-NA-C:J05-U11,KERNEL,INFO,generating core.45943,E67,generating core.<*>,0.1,Normal,0
BGL,1001,17-07-2005 11:06,113,R25-M1-NB-C:J11-U01,KERNEL,INFO,generating core.46425,E67,generating core.<*>,0.1,Normal,0
BGL,1002,17-07-2005 11:10,212,R13-M1-ND-C:J13-U11,KERNEL,INFO,generating core.11113,E67,generating core.<*>,0.1,Normal,0
BGL,1003,17-07-2005 11:10,5,R16-M1-NB-C:J07-U11,KERNEL,INFO,generating core.5738,E67,generating core.<*>,0.1,Normal,0
BGL,1004,17-07-2005 11:11,70,R10-M1-N6-C:J13-U11,KERNEL,INFO,generating core.237,E67,generating core.<*>,0.1,Normal,0
BGL,1005,17-07-2005 11:12,53,R17-M1-N9-C:J09-U01,KERNEL,INFO,generating core.47690,E67,generating core.<*>,0.1,Normal,0
BGL,1006,17-07-2005 11:13,57,R12-M0-NF-C:J16-U01,KERNEL,INFO,generating core.58120,E67,generating core.<*>,0.1,Normal,0
BGL,1007,17-07-2005 11:16,203,R11-M1-NA-C:J05-U11,KERNEL,INFO,generating core.45167,E67,generating core.<*>,0.1,Normal,0
BGL,1008,17-07-2005 11:17,47,R01-M1-N6-C:J07-U11,KERNEL,INFO,generating core.17638,E67,generating core.<*>,0.1,Normal,0
BGL,1009,17-07-2005 11:18,98,R07-M1-ND-C:J11-U11,KERNEL,INFO,generating core.52833,E67,generating core.<*>,0.1,Normal,0
BGL,1010,17-07-2005 11:19,25,R07-M1-N1-C:J10-U01,KERNEL,INFO,generating core.56961,E67,generating core.<*>,0.1,Normal,0
BGL,1011,17-07-2005 11:20,58,R01-M0-ND-C:J16-U01,KERNEL,INFO,generating core.43008,E67,generating core.<*>,0.1,Normal,0
BGL,1012,17-07-2005 11:21,63,R04-M1-NB-C:J13-U11,KERNEL,INFO,generating core.29025,E67,generating core.<*>,0.1,Normal,0
BGL,1013,17-07-2005 11:21,21,R06-M0-N9-C:J06-U01,KERNEL,INFO,generating core.7682,E67,generating core.<*>,0.1,Normal,0
BGL,1014,17-07-2005 11:22,30,R31-M0-N0-C:J04-U11,KERNEL,INFO,generating core.14519,E67,generating core.<*>,0.1,Normal,0
BGL,1015,17-07-2005 11:24,158,R21-M0-N4-C:J13-U01,KERNEL,INFO,generating core.51421,E67,generating core.<*>,0.1,Normal,0
BGL,1016,17-07-2005 11:26,69,R10-M0-NC-C:J09-U11,KERNEL,INFO,generating core.26734,E67,generating core.<*>,0.1,Normal,0
BGL,1017,17-07-2005 11:26,48,R14-M1-N0-C:J09-U11,KERNEL,INFO,generating core.39406,E67,generating core.<*>,0.1,Normal,0
BGL,1018,17-07-2005 11:26,4,R00-M1-N0-C:J08-U11,KERNEL,INFO,generating core.30886,E67,generating core.<*>,0.1,Normal,0
BGL,1019,17-07-2005 11:28,108,R17-M1-N4-C:J14-U01,KERNEL,INFO,generating core.11916,E67,generating core.<*>,0.1,Normal,0
BGL,1020,18-07-2005 17:16,107273,R37-M1-NE-C:J02-U11,KERNEL,INFO,generating core.25367,E67,generating core.<*>,0.1,Normal,0
BGL,1021,18-07-2005 17:18,103,R21-M1-N2-C:J07-U01,KERNEL,INFO,generating core.23150,E67,generating core.<*>,0.1,Normal,0
BGL,1022,18-07-2005 17:18,13,R22-M0-N2-C:J12-U11,KERNEL,INFO,generating core.31197,E67,generating core.<*>,0.1,Normal,0
BGL,1023,18-07-2005 17:20,100,R30-M1-NE-C:J02-U11,KERNEL,INFO,generating core.29207,E67,generating core.<*>,0.1,Normal,0
BGL,1024,18-07-2005 17:21,71,R23-M0-N2-C:J15-U01,KERNEL,INFO,generating core.11244,E67,generating core.<*>,0.1,Normal,0
BGL,1025,18-07-2005 17:22,82,R36-M1-N8-C:J06-U01,KERNEL,INFO,generating core.16134,E67,generating core.<*>,0.1,Normal,0
BGL,1026,18-07-2005 17:22,1,R26-M0-NC-C:J07-U11,KERNEL,INFO,generating core.14142,E67,generating core.<*>,0.1,Normal,0
BGL,1027,18-07-2005 17:23,27,R27-M0-N0-C:J12-U11,KERNEL,INFO,generating core.27997,E67,generating core.<*>,0.1,Normal,0
BGL,1028,18-07-2005 17:23,37,R34-M1-N8-C:J07-U01,KERNEL,INFO,generating core.16038,E67,generating core.<*>,0.1,Normal,0
BGL,1029,18-07-2005 17:24,33,R23-M1-N0-C:J05-U01,KERNEL,INFO,generating core.7663,E67,generating core.<*>,0.1,Normal,0
BGL,1030,18-07-2005 22:53,19746,R20-M1-N8-C:J12-U01,KERNEL,FATAL,"rts: kernel terminated for reason 1001rts: bad message header: invalid cpu, type=42315, cpu=105, index=1207960804, total=2691015",E112,"rts: kernel terminated for reason <*>: bad message header: invalid cpu, type=<*>, cpu=<*>, index=<*>, total=<*>",0.9,Risk,2
BGL,1031,18-07-2005 23:02,540,R00-M1-N5-C:J03-U11,KERNEL,FATAL,debug wait enable.................0,E58,debug wait enable.................<*>,0.1,Normal,0
BGL,1032,19-07-2005 01:20,8307,R02-M1-N5-C:J17-U01,KERNEL,INFO,generating core.176,E67,generating core.<*>,0.1,Normal,0
BGL,1033,20-07-2005 23:01,164416,R33-M1-N3-C:J02-U01,KERNEL,INFO,8 floating point alignment exceptions,E4,<*> floating point alignment exceptions,0.1,Normal,0
BGL,1034,20-07-2005 23:03,127,R24-M0-NB-C:J06-U11,KERNEL,INFO,8 floating point alignment exceptions,E4,<*> floating point alignment exceptions,0.1,Normal,0
BGL,1035,20-07-2005 23:04,86,R30-M1-N9-C:J14-U11,KERNEL,INFO,8 floating point alignment exceptions,E4,<*> floating point alignment exceptions,0.1,Normal,0
BGL,1036,20-07-2005 23:05,26,R35-M1-N5-C:J08-U11,KERNEL,INFO,8 floating point alignment exceptions,E4,<*> floating point alignment exceptions,0.1,Normal,0
BGL,1037,20-07-2005 23:07,143,R32-M1-N5-C:J06-U01,KERNEL,INFO,8 floating point alignment exceptions,E4,<*> floating point alignment exceptions,0.1,Normal,0
BGL,1038,20-07-2005 23:07,24,R10-M0-NF-C:J04-U01,KERNEL,INFO,8 floating point alignment exceptions,E4,<*> floating point alignment exceptions,0.1,Normal,0
BGL,1039,20-07-2005 23:10,163,R16-M0-N3-C:J11-U01,KERNEL,INFO,8 floating point alignment exceptions,E4,<*> floating point alignment exceptions,0.1,Normal,0
BGL,1040,20-07-2005 23:10,8,R00-M1-NF-C:J04-U11,KERNEL,INFO,8 floating point alignment exceptions,E4,<*> floating point alignment exceptions,0.1,Normal,0
BGL,1041,20-07-2005 23:11,64,R15-M0-N2-C:J04-U11,KERNEL,INFO,8 floating point alignment exceptions,E4,<*> floating point alignment exceptions,0.1,Normal,0
BGL,1042,20-07-2005 23:11,5,R11-M1-NB-C:J15-U11,KERNEL,INFO,8 floating point alignment exceptions,E4,<*> floating point alignment exceptions,0.1,Normal,0
BGL,1043,20-07-2005 23:12,21,R04-M1-N1-C:J12-U01,KERNEL,INFO,8 floating point alignment exceptions,E4,<*> floating point alignment exceptions,0.1,Normal,0
BGL,1044,20-07-2005 23:13,57,R02-M0-NF-C:J10-U11,KERNEL,INFO,8 floating point alignment exceptions,E4,<*> floating point alignment exceptions,0.1,Normal,0
BGL,1045,20-07-2005 23:14,93,R04-M1-NE-C:J02-U11,KERNEL,INFO,8 floating point alignment exceptions,E4,<*> floating point alignment exceptions,0.1,Normal,0
BGL,1046,20-07-2005 23:16,86,R35-M1-N4-C:J17-U01,KERNEL,INFO,8 floating point alignment exceptions,E4,<*> floating point alignment exceptions,0.1,Normal,0
BGL,1047,20-07-2005 23:18,121,R05-M1-NC-C:J14-U11,KERNEL,INFO,8 floating point alignment exceptions,E4,<*> floating point alignment exceptions,0.1,Normal,0
BGL,1048,20-07-2005 23:18,22,R14-M0-N8-C:J13-U11,KERNEL,INFO,8 floating point alignment exceptions,E4,<*> floating point alignment exceptions,0.1,Normal,0
BGL,1049,20-07-2005 23:19,26,R11-M1-N0-C:J08-U01,KERNEL,INFO,8 floating point alignment exceptions,E4,<*> floating point alignment exceptions,0.1,Normal,0
BGL,1050,20-07-2005 23:19,10,R17-M0-N4-C:J06-U01,KERNEL,INFO,8 floating point alignment exceptions,E4,<*> floating point alignment exceptions,0.1,Normal,0
BGL,1051,20-07-2005 23:36,1046,R11-M1-NE-C:J09-U01,KERNEL,INFO,8 floating point alignment exceptions,E4,<*> floating point alignment exceptions,0.1,Normal,0
BGL,1052,20-07-2005 23:39,191,R31-M0-NC-C:J14-U11,KERNEL,INFO,8 floating point alignment exceptions,E4,<*> floating point alignment exceptions,0.1,Normal,0
BGL,1053,20-07-2005 23:39,9,R27-M1-NC-C:J15-U01,KERNEL,INFO,8 floating point alignment exceptions,E4,<*> floating point alignment exceptions,0.1,Normal,0
BGL,1054,20-07-2005 23:40,30,R25-M1-N8-C:J03-U01,KERNEL,INFO,8 floating point alignment exceptions,E4,<*> floating point alignment exceptions,0.1,Normal,0
BGL,1055,20-07-2005 23:40,32,R10-M1-N0-C:J09-U11,KERNEL,INFO,8 floating point alignment exceptions,E4,<*> floating point alignment exceptions,0.1,Normal,0
BGL,1056,20-07-2005 23:41,1,R10-M1-N0-C:J16-U11,KERNEL,INFO,8 floating point alignment exceptions,E4,<*> floating point alignment exceptions,0.1,Normal,0
BGL,1057,20-07-2005 23:41,8,R00-M0-N4-C:J17-U01,KERNEL,INFO,8 floating point alignment exceptions,E4,<*> floating point alignment exceptions,0.1,Normal,0
BGL,1058,20-07-2005 23:54,781,R34-M0-N1-C:J08-U01,KERNEL,INFO,8 floating point alignment exceptions,E4,<*> floating point alignment exceptions,0.1,Normal,0
BGL,1059,20-07-2005 23:54,29,R32-M0-N3-C:J09-U11,KERNEL,INFO,8 floating point alignment exceptions,E4,<*> floating point alignment exceptions,0.1,Normal,0
BGL,1060,20-07-2005 23:54,1,R32-M0-N3-C:J08-U11,KERNEL,INFO,8 floating point alignment exceptions,E4,<*> floating point alignment exceptions,0.1,Normal,0
BGL,1061,20-07-2005 23:55,56,R12-M1-N5-C:J15-U11,KERNEL,INFO,8 floating point alignment exceptions,E4,<*> floating point alignment exceptions,0.1,Normal,0
BGL,1062,20-07-2005 23:56,60,R06-M0-N7-C:J10-U11,KERNEL,INFO,8 floating point alignment exceptions,E4,<*> floating point alignment exceptions,0.1,Normal,0
BGL,1063,20-07-2005 23:57,61,R02-M0-N8-C:J12-U01,KERNEL,INFO,8 floating point alignment exceptions,E4,<*> floating point alignment exceptions,0.1,Normal,0
BGL,1064,21-07-2005 00:08,664,R36-M0-N7-C:J08-U01,KERNEL,INFO,8 floating point alignment exceptions,E4,<*> floating point alignment exceptions,0.1,Normal,0
BGL,1065,21-07-2005 00:09,21,R24-M1-N5-C:J03-U01,KERNEL,INFO,8 floating point alignment exceptions,E4,<*> floating point alignment exceptions,0.1,Normal,0
BGL,1066,21-07-2005 00:09,31,R32-M0-N5-C:J10-U11,KERNEL,INFO,8 floating point alignment exceptions,E4,<*> floating point alignment exceptions,0.1,Normal,0
BGL,1067,21-07-2005 00:09,2,R10-M1-ND-C:J17-U11,KERNEL,INFO,8 floating point alignment exceptions,E4,<*> floating point alignment exceptions,0.1,Normal,0
BGL,1068,21-07-2005 00:22,794,R02-M0-NF-C:J13-U01,KERNEL,INFO,8 floating point alignment exceptions,E4,<*> floating point alignment exceptions,0.1,Normal,0
BGL,1069,21-07-2005 00:33,660,R36-M0-NE-C:J17-U01,KERNEL,INFO,8 floating point alignment exceptions,E4,<*> floating point alignment exceptions,0.1,Normal,0
BGL,1070,23-07-2005 13:54,220826,R27-M0-N5-C:J11-U11,KERNEL,INFO,total of 1 ddr error(s) detected and corrected,E118,total of <*> ddr error(s) detected and corrected,0.1,Normal,0
BGL,1071,23-07-2005 15:31,5834,R16-M0-N8-C:J09-U01,KERNEL,INFO,generating core.7830,E67,generating core.<*>,0.1,Normal,0
BGL,1072,23-07-2005 15:31,17,R12-M1-N0-C:J13-U01,KERNEL,INFO,generating core.1781,E67,generating core.<*>,0.1,Normal,0
BGL,1073,23-07-2005 15:31,13,R10-M1-ND-C:J11-U01,KERNEL,INFO,generating core.8977,E67,generating core.<*>,0.1,Normal,0
BGL,1074,23-07-2005 15:32,40,R17-M0-N7-C:J11-U01,KERNEL,INFO,generating core.12721,E67,generating core.<*>,0.1,Normal,0
BGL,1075,23-07-2005 15:33,61,R14-M0-ND-C:J11-U11,KERNEL,INFO,generating core.15193,E67,generating core.<*>,0.1,Normal,0
BGL,1076,23-07-2005 15:34,51,R16-M1-N5-C:J15-U01,KERNEL,INFO,generating core.9136,E67,generating core.<*>,0.1,Normal,0
BGL,1077,23-07-2005 15:40,381,R27-M0-NE-C:J11-U11,KERNEL,INFO,generating core.9021,E67,generating core.<*>,0.1,Normal,0
BGL,1078,23-07-2005 15:44,208,R37-M0-NC-C:J03-U01,KERNEL,INFO,generating core.5927,E67,generating core.<*>,0.1,Normal,0
BGL,1079,23-07-2005 15:44,24,R26-M1-N0-C:J05-U11,KERNEL,INFO,generating core.3455,E67,generating core.<*>,0.1,Normal,0
BGL,1080,23-07-2005 15:45,37,R30-M0-N8-C:J12-U11,KERNEL,INFO,generating core.3093,E67,generating core.<*>,0.1,Normal,0
BGL,1081,23-07-2005 17:27,6107,R01-M0-NE-C:J17-U01,KERNEL,INFO,15 floating point alignment exceptions,E4,<*> floating point alignment exceptions,0.1,Normal,0
BGL,1082,23-07-2005 17:27,2,R05-M1-N5-C:J14-U11,KERNEL,INFO,15 floating point alignment exceptions,E4,<*> floating point alignment exceptions,0.1,Normal,0
BGL,1083,23-07-2005 17:28,98,R04-M0-N4-C:J12-U01,KERNEL,INFO,15 floating point alignment exceptions,E4,<*> floating point alignment exceptions,0.1,Normal,0
BGL,1084,23-07-2005 17:28,4,R01-M1-N8-C:J13-U11,KERNEL,INFO,15 floating point alignment exceptions,E4,<*> floating point alignment exceptions,0.1,Normal,0
BGL,1085,23-07-2005 18:23,3281,R14-M1-N3-C:J04-U01,KERNEL,INFO,generating core.9315,E67,generating core.<*>,0.1,Normal,0
BGL,1086,23-07-2005 18:23,25,R10-M0-N2-C:J12-U01,KERNEL,INFO,generating core.7205,E67,generating core.<*>,0.1,Normal,0
BGL,1087,23-07-2005 18:24,47,R13-M1-NF-C:J12-U01,KERNEL,INFO,generating core.2241,E67,generating core.<*>,0.1,Normal,0
BGL,1088,23-07-2005 18:25,35,R15-M1-N6-C:J02-U11,KERNEL,INFO,generating core.10607,E67,generating core.<*>,0.1,Normal,0
BGL,1089,23-07-2005 18:27,122,R10-M0-NC-C:J15-U11,KERNEL,INFO,generating core.6940,E67,generating core.<*>,0.1,Normal,0
BGL,1090,23-07-2005 18:27,10,R10-M0-N4-C:J05-U11,KERNEL,INFO,generating core.14911,E67,generating core.<*>,0.1,Normal,0
BGL,1091,23-07-2005 18:37,576,R33-M1-N5-C:J13-U11,KERNEL,INFO,generating core.9713,E67,generating core.<*>,0.1,Normal,0
BGL,1092,23-07-2005 18:38,90,R37-M1-N1-C:J11-U11,KERNEL,INFO,generating core.28529,E67,generating core.<*>,0.1,Normal,0
BGL,1093,23-07-2005 18:39,54,R24-M1-N3-C:J16-U01,KERNEL,INFO,generating core.18632,E67,generating core.<*>,0.1,Normal,0
BGL,1094,23-07-2005 18:40,30,R22-M1-N3-C:J12-U01,KERNEL,INFO,generating core.2505,E67,generating core.<*>,0.1,Normal,0
BGL,1095,23-07-2005 18:40,3,R21-M0-NF-C:J09-U11,KERNEL,INFO,generating core.24634,E67,generating core.<*>,0.1,Normal,0
BGL,1096,23-07-2005 18:40,18,R22-M0-N3-C:J02-U01,KERNEL,INFO,generating core.31691,E67,generating core.<*>,0.1,Normal,0
BGL,1097,23-07-2005 18:40,2,R24-M1-N2-C:J02-U01,KERNEL,INFO,generating core.2767,E67,generating core.<*>,0.1,Normal,0
BGL,1098,23-07-2005 18:40,18,R36-M1-NE-C:J11-U11,KERNEL,INFO,generating core.29493,E67,generating core.<*>,0.1,Normal,0
BGL,1099,23-07-2005 18:41,30,R33-M0-NB-C:J10-U01,KERNEL,INFO,generating core.23425,E67,generating core.<*>,0.1,Normal,0
BGL,1100,23-07-2005 19:33,3143,R01-M1-N1-C:J03-U11,KERNEL,INFO,15 floating point alignment exceptions,E4,<*> floating point alignment exceptions,0.1,Normal,0
BGL,1101,23-07-2005 23:21,13677,R01-M1-NB-C:J03-U11,KERNEL,INFO,"1 ddr errors(s) detected and corrected on rank 0, symbol 20, bit 3",E2,"<*> ddr errors(s) detected and corrected on rank <*>, symbol <*>, bit <*>",0.1,Normal,0
BGL,1102,23-07-2005 23:21,6,R04-M0-N1-C:J10-U01,KERNEL,INFO,total of 23 ddr error(s) detected and corrected,E118,total of <*> ddr error(s) detected and corrected,0.1,Normal,0
BGL,1103,23-07-2005 23:42,1232,R24-M1-ND-C:J09-U11,KERNEL,INFO,5 floating point alignment exceptions,E4,<*> floating point alignment exceptions,0.1,Normal,0
BGL,1104,23-07-2005 23:43,70,R33-M1-N1-C:J09-U01,KERNEL,INFO,5 floating point alignment exceptions,E4,<*> floating point alignment exceptions,0.1,Normal,0
BGL,1105,23-07-2005 23:46,164,R27-M0-N9-C:J07-U11,KERNEL,INFO,5 floating point alignment exceptions,E4,<*> floating point alignment exceptions,0.1,Normal,0
BGL,1106,24-07-2005 00:28,2519,R17-M1-NF-C:J10-U11,KERNEL,INFO,15 floating point alignment exceptions,E4,<*> floating point alignment exceptions,0.1,Normal,0
BGL,1107,24-07-2005 00:28,4,R17-M1-N9-C:J05-U01,KERNEL,INFO,15 floating point alignment exceptions,E4,<*> floating point alignment exceptions,0.1,Normal,0
BGL,1108,24-07-2005 00:29,63,R11-M0-N9-C:J17-U01,KERNEL,INFO,15 floating point alignment exceptions,E4,<*> floating point alignment exceptions,0.1,Normal,0
BGL,1109,24-07-2005 00:29,7,R15-M0-N6-C:J12-U01,KERNEL,INFO,15 floating point alignment exceptions,E4,<*> floating point alignment exceptions,0.1,Normal,0
BGL,1110,24-07-2005 00:29,15,R13-M1-N2-C:J06-U11,KERNEL,INFO,15 floating point alignment exceptions,E4,<*> floating point alignment exceptions,0.1,Normal,0
BGL,1111,24-07-2005 00:30,59,R14-M1-N4-C:J04-U01,KERNEL,INFO,15 floating point alignment exceptions,E4,<*> floating point alignment exceptions,0.1,Normal,0
BGL,1112,24-07-2005 00:30,6,R12-M0-N0-C:J12-U11,KERNEL,INFO,15 floating point alignment exceptions,E4,<*> floating point alignment exceptions,0.1,Normal,0
BGL,1113,24-07-2005 00:31,36,R13-M1-N4-C:J04-U11,KERNEL,INFO,15 floating point alignment exceptions,E4,<*> floating point alignment exceptions,0.1,Normal,0
BGL,1114,24-07-2005 00:31,3,R13-M0-N0-C:J15-U11,KERNEL,INFO,15 floating point alignment exceptions,E4,<*> floating point alignment exceptions,0.1,Normal,0
BGL,1115,24-07-2005 00:33,157,R16-M0-N9-C:J08-U11,KERNEL,INFO,generating core.7818,E67,generating core.<*>,0.1,Normal,0
BGL,1116,24-07-2005 00:34,60,R12-M0-NC-C:J05-U01,KERNEL,INFO,generating core.15063,E67,generating core.<*>,0.1,Normal,0
BGL,1117,24-07-2005 00:35,11,R16-M0-N0-C:J10-U01,KERNEL,INFO,5 floating point alignment exceptions,E4,<*> floating point alignment exceptions,0.1,Normal,0
BGL,1118,24-07-2005 00:37,121,R14-M1-N3-C:J15-U01,KERNEL,INFO,5 floating point alignment exceptions,E4,<*> floating point alignment exceptions,0.1,Normal,0
BGL,1119,24-07-2005 00:37,4,R16-M0-NE-C:J06-U01,KERNEL,INFO,5 floating point alignment exceptions,E4,<*> floating point alignment exceptions,0.1,Normal,0
BGL,1120,24-07-2005 00:37,8,R16-M0-ND-C:J02-U11,KERNEL,INFO,5 floating point alignment exceptions,E4,<*> floating point alignment exceptions,0.1,Normal,0
BGL,1121,24-07-2005 00:37,16,R12-M1-N6-C:J06-U11,KERNEL,INFO,5 floating point alignment exceptions,E4,<*> floating point alignment exceptions,0.1,Normal,0
BGL,1122,24-07-2005 00:38,50,R16-M1-N3-C:J15-U11,KERNEL,INFO,5 floating point alignment exceptions,E4,<*> floating point alignment exceptions,0.1,Normal,0
BGL,1123,24-07-2005 00:39,85,R17-M0-N4-C:J06-U11,KERNEL,INFO,5 floating point alignment exceptions,E4,<*> floating point alignment exceptions,0.1,Normal,0
BGL,1124,24-07-2005 00:40,27,R15-M0-N6-C:J10-U11,KERNEL,INFO,5 floating point alignment exceptions,E4,<*> floating point alignment exceptions,0.1,Normal,0
BGL,1125,24-07-2005 00:40,14,R14-M1-N0-C:J06-U01,KERNEL,INFO,5 floating point alignment exceptions,E4,<*> floating point alignment exceptions,0.1,Normal,0
BGL,1126,24-07-2005 00:41,53,R10-M1-N4-C:J06-U01,KERNEL,INFO,5 floating point alignment exceptions,E4,<*> floating point alignment exceptions,0.1,Normal,0
BGL,1127,24-07-2005 00:44,168,R17-M0-NF-C:J04-U01,KERNEL,INFO,5 floating point alignment exceptions,E4,<*> floating point alignment exceptions,0.1,Normal,0
BGL,1128,24-07-2005 00:44,26,R10-M1-NE-C:J05-U01,KERNEL,INFO,5 floating point alignment exceptions,E4,<*> floating point alignment exceptions,0.1,Normal,0
BGL,1129,24-07-2005 00:44,6,R11-M1-NE-C:J10-U11,KERNEL,INFO,generating core.2317,E67,generating core.<*>,0.1,Normal,0
BGL,1130,24-07-2005 00:44,6,R15-M0-NE-C:J07-U01,KERNEL,INFO,generating core.12630,E67,generating core.<*>,0.1,Normal,0
BGL,1131,24-07-2005 00:44,2,R15-M1-NA-C:J13-U11,KERNEL,INFO,generating core.11357,E67,generating core.<*>,0.1,Normal,0
BGL,1132,24-07-2005 00:45,25,R17-M0-N1-C:J06-U11,KERNEL,INFO,generating core.14250,E67,generating core.<*>,0.1,Normal,0
BGL,1133,24-07-2005 00:47,111,R11-M1-NF-C:J07-U01,KERNEL,INFO,generating core.10514,E67,generating core.<*>,0.1,Normal,0
BGL,1134,24-07-2005 00:47,31,R16-M1-N0-C:J10-U01,KERNEL,INFO,5 floating point alignment exceptions,E4,<*> floating point alignment exceptions,0.1,Normal,0
BGL,1135,24-07-2005 00:48,39,R17-M0-N4-C:J12-U11,KERNEL,INFO,generating core.4781,E67,generating core.<*>,0.1,Normal,0
BGL,1136,24-07-2005 00:55,442,R15-M1-N3-C:J11-U11,KERNEL,INFO,5 floating point alignment exceptions,E4,<*> floating point alignment exceptions,0.1,Normal,0
BGL,1137,24-07-2005 00:56,36,R14-M1-ND-C:J17-U01,KERNEL,INFO,5 floating point alignment exceptions,E4,<*> floating point alignment exceptions,0.1,Normal,0
BGL,1138,24-07-2005 00:56,5,R14-M0-NF-C:J09-U01,KERNEL,INFO,5 floating point alignment exceptions,E4,<*> floating point alignment exceptions,0.1,Normal,0
BGL,1139,24-07-2005 00:56,23,R16-M1-NE-C:J10-U11,KERNEL,INFO,5 floating point alignment exceptions,E4,<*> floating point alignment exceptions,0.1,Normal,0
BGL,1140,24-07-2005 00:57,53,R13-M0-NB-C:J03-U11,KERNEL,INFO,5 floating point alignment exceptions,E4,<*> floating point alignment exceptions,0.1,Normal,0
BGL,1141,24-07-2005 00:59,94,R13-M1-NC-C:J04-U01,KERNEL,INFO,5 floating point alignment exceptions,E4,<*> floating point alignment exceptions,0.1,Normal,0
BGL,1142,24-07-2005 01:07,506,R16-M1-NB-C:J06-U01,KERNEL,INFO,685 floating point alignment exceptions,E4,<*> floating point alignment exceptions,0.1,Normal,0
BGL,1143,24-07-2005 01:07,11,R17-M0-NF-C:J09-U01,KERNEL,INFO,685 floating point alignment exceptions,E4,<*> floating point alignment exceptions,0.1,Normal,0
BGL,1144,24-07-2005 01:10,166,R11-M1-N9-C:J07-U11,KERNEL,INFO,685 floating point alignment exceptions,E4,<*> floating point alignment exceptions,0.1,Normal,0
BGL,1145,24-07-2005 01:10,6,R11-M1-N5-C:J14-U11,KERNEL,INFO,685 floating point alignment exceptions,E4,<*> floating point alignment exceptions,0.1,Normal,0
BGL,1146,24-07-2005 01:29,1121,R13-M0-N2-C:J02-U01,KERNEL,INFO,1005 floating point alignment exceptions,E4,<*> floating point alignment exceptions,0.1,Normal,0
BGL,1147,24-07-2005 01:30,47,R16-M1-NA-C:J09-U11,KERNEL,INFO,1005 floating point alignment exceptions,E4,<*> floating point alignment exceptions,0.1,Normal,0
BGL,1148,24-07-2005 01:31,62,R14-M0-N1-C:J12-U11,KERNEL,INFO,1005 floating point alignment exceptions,E4,<*> floating point alignment exceptions,0.1,Normal,0
BGL,1149,24-07-2005 01:32,88,R17-M0-N0-C:J10-U01,KERNEL,INFO,1005 floating point alignment exceptions,E4,<*> floating point alignment exceptions,0.1,Normal,0
BGL,1150,24-07-2005 01:32,10,R13-M1-N4-C:J14-U01,KERNEL,INFO,1005 floating point alignment exceptions,E4,<*> floating point alignment exceptions,0.1,Normal,0
BGL,1151,24-07-2005 22:38,75948,R36-M1-N9-C:J06-U01,KERNEL,INFO,"CE sym 25, at 0x155e28e0, mask 0x08",E18,"CE sym <*>, at <*>, mask <*>",0.1,Normal,0
BGL,1152,25-07-2005 01:45,11196,R37-M0-N1-C:J02-U01,KERNEL,INFO,generating core.16019,E67,generating core.<*>,0.1,Normal,0
BGL,1153,25-07-2005 01:46,84,R31-M0-NB-C:J17-U11,KERNEL,INFO,generating core.45168,E67,generating core.<*>,0.1,Normal,0
BGL,1154,25-07-2005 01:47,49,R24-M1-NF-C:J05-U01,KERNEL,INFO,generating core.33115,E67,generating core.<*>,0.1,Normal,0
BGL,1155,25-07-2005 01:50,209,R34-M0-N2-C:J04-U11,KERNEL,INFO,generating core.4535,E67,generating core.<*>,0.1,Normal,0
BGL,1156,25-07-2005 01:52,124,R31-M1-NA-C:J04-U01,KERNEL,INFO,generating core.53271,E67,generating core.<*>,0.1,Normal,0
BGL,1157,25-07-2005 01:52,3,R34-M1-N9-C:J17-U01,KERNEL,INFO,generating core.31056,E67,generating core.<*>,0.1,Normal,0
BGL,1158,25-07-2005 01:57,251,R10-M0-N2-C:J10-U11,KERNEL,INFO,generating core.62637,E67,generating core.<*>,0.1,Normal,0
BGL,1159,25-07-2005 01:59,154,R17-M1-N9-C:J11-U11,KERNEL,INFO,generating core.15977,E67,generating core.<*>,0.1,Normal,0
BGL,1160,25-07-2005 02:01,76,R12-M1-N2-C:J04-U11,KERNEL,INFO,generating core.37807,E67,generating core.<*>,0.1,Normal,0
BGL,1161,25-07-2005 02:01,42,R00-M0-N2-C:J06-U01,KERNEL,INFO,generating core.38022,E67,generating core.<*>,0.1,Normal,0
BGL,1162,25-07-2005 23:30,77338,R01-M1-NB-C:J15-U01,KERNEL,INFO,generating core.2704,E67,generating core.<*>,0.1,Normal,0
BGL,1163,25-07-2005 23:30,1,R00-M0-N7-C:J09-U01,KERNEL,INFO,generating core.50,E67,generating core.<*>,0.1,Normal,0
BGL,1164,25-07-2005 23:31,31,R00-M1-N0-C:J14-U11,KERNEL,INFO,generating core.4012,E67,generating core.<*>,0.1,Normal,0
BGL,1165,25-07-2005 23:31,11,R05-M1-N0-C:J12-U01,KERNEL,INFO,generating core.2917,E67,generating core.<*>,0.1,Normal,0
BGL,1166,26-07-2005 18:02,66688,R06-M0-N7-C:J07-U01,KERNEL,INFO,generating core.114,E67,generating core.<*>,0.1,Normal,0
BGL,1167,26-07-2005 18:42,2381,R06-M0-N5-C:J15-U11,KERNEL,INFO,generating core.248,E67,generating core.<*>,0.1,Normal,0
BGL,1168,26-07-2005 19:16,2013,R04-M0-N6-C:J09-U01,KERNEL,INFO,generating core.118,E67,generating core.<*>,0.1,Normal,0
BGL,1169,26-07-2005 19:23,473,R06-M0-N8-C:J11-U01,KERNEL,INFO,generating core.469,E67,generating core.<*>,0.1,Normal,0
BGL,1170,27-07-2005 02:14,24623,R20-M0-N9-C:J06-U01,KERNEL,INFO,generating core.64538,E67,generating core.<*>,0.1,Normal,0
BGL,1171,27-07-2005 02:14,21,R22-M1-NB-C:J08-U11,KERNEL,INFO,generating core.37690,E67,generating core.<*>,0.1,Normal,0
BGL,1172,27-07-2005 02:15,30,R23-M1-N7-C:J10-U01,KERNEL,INFO,generating core.42905,E67,generating core.<*>,0.1,Normal,0
BGL,1173,27-07-2005 02:16,74,R21-M0-N1-C:J05-U01,KERNEL,INFO,generating core.55515,E67,generating core.<*>,0.1,Normal,0
BGL,1174,27-07-2005 02:16,3,R27-M1-NA-C:J02-U11,KERNEL,INFO,generating core.46655,E67,generating core.<*>,0.1,Normal,0
BGL,1175,27-07-2005 02:17,70,R22-M1-N3-C:J02-U11,KERNEL,INFO,generating core.38843,E67,generating core.<*>,0.1,Normal,0
BGL,1176,27-07-2005 02:17,1,R20-M1-ND-C:J06-U01,KERNEL,INFO,generating core.3098,E67,generating core.<*>,0.1,Normal,0
BGL,1177,27-07-2005 02:17,15,R21-M1-N2-C:J12-U11,KERNEL,INFO,generating core.45245,E67,generating core.<*>,0.1,Normal,0
BGL,1178,27-07-2005 02:18,64,R34-M0-N7-C:J15-U01,KERNEL,INFO,generating core.34256,E67,generating core.<*>,0.1,Normal,0
BGL,1179,27-07-2005 02:19,44,R20-M0-NB-C:J02-U11,KERNEL,INFO,generating core.29755,E67,generating core.<*>,0.1,Normal,0
BGL,1180,27-07-2005 02:19,14,R35-M1-N7-C:J02-U01,KERNEL,INFO,generating core.50579,E67,generating core.<*>,0.1,Normal,0
BGL,1181,27-07-2005 02:25,308,R13-M1-NE-C:J10-U01,KERNEL,INFO,generating core.9997,E67,generating core.<*>,0.1,Normal,0
BGL,1182,27-07-2005 02:25,28,R16-M0-N9-C:J17-U01,KERNEL,INFO,generating core.64072,E67,generating core.<*>,0.1,Normal,0
BGL,1183,27-07-2005 02:26,38,R16-M0-N6-C:J12-U01,KERNEL,INFO,generating core.25229,E67,generating core.<*>,0.1,Normal,0
BGL,1184,27-07-2005 02:26,7,R17-M1-NB-C:J09-U11,KERNEL,INFO,generating core.45674,E67,generating core.<*>,0.1,Normal,0
BGL,1185,27-07-2005 02:26,26,R10-M1-NB-C:J16-U11,KERNEL,INFO,generating core.36904,E67,generating core.<*>,0.1,Normal,0
BGL,1186,27-07-2005 02:28,115,R16-M0-ND-C:J17-U01,KERNEL,INFO,generating core.59976,E67,generating core.<*>,0.1,Normal,0
BGL,1187,27-07-2005 02:28,0,R16-M0-ND-C:J13-U01,KERNEL,INFO,generating core.59977,E67,generating core.<*>,0.1,Normal,0
BGL,1188,27-07-2005 02:29,77,R07-M0-N6-C:J07-U11,KERNEL,INFO,generating core.9958,E67,generating core.<*>,0.1,Normal,0
BGL,1189,27-07-2005 02:30,12,R11-M0-N5-C:J14-U01,KERNEL,INFO,generating core.19592,E67,generating core.<*>,0.1,Normal,0
BGL,1190,27-07-2005 02:31,77,R03-M1-N6-C:J08-U11,KERNEL,INFO,generating core.50086,E67,generating core.<*>,0.1,Normal,0
BGL,1191,27-07-2005 02:31,29,R03-M1-N2-C:J11-U01,KERNEL,INFO,generating core.22469,E67,generating core.<*>,0.1,Normal,0
BGL,1192,27-07-2005 02:32,26,R14-M0-N9-C:J04-U11,KERNEL,INFO,generating core.63787,E67,generating core.<*>,0.1,Normal,0
BGL,1193,27-07-2005 02:34,129,R07-M1-N6-C:J14-U11,KERNEL,INFO,generating core.18084,E67,generating core.<*>,0.1,Normal,0
BGL,1194,27-07-2005 02:35,63,R05-M1-N9-C:J11-U01,KERNEL,INFO,generating core.23873,E67,generating core.<*>,0.1,Normal,0
BGL,1195,27-07-2005 19:25,60568,R36-M0-N7-C:J13-U11,KERNEL,INFO,generating core.2105,E67,generating core.<*>,0.1,Normal,0
BGL,1196,27-07-2005 19:25,7,R36-M0-N3-C:J09-U01,KERNEL,INFO,generating core.306,E67,generating core.<*>,0.1,Normal,0
BGL,1197,28-07-2005 18:08,81806,R31-M1-N1-C:J08-U11,KERNEL,INFO,generating core.11346,E67,generating core.<*>,0.1,Normal,0
BGL,1198,28-07-2005 18:08,2,R31-M0-NB-C:J12-U11,KERNEL,INFO,generating core.6161,E67,generating core.<*>,0.1,Normal,0
BGL,1199,29-07-2005 08:50,52901,R36-M0-NA-C:J13-U01,KERNEL,INFO,"1 ddr errors(s) detected and corrected on rank 0, symbol 11, bit 6",E2,"<*> ddr errors(s) detected and corrected on rank <*>, symbol <*>, bit <*>",0.1,Normal,0
BGL,1200,02-08-2005 22:27,394622,UNKNOWN_LOCATION,DISCOVERY,INFO,New ido chip inserted into the database: FF:F2:9F:15:1F:72:00:0D:60:EA:E0:8D ip=10.7.0.13 v=9 t=2,E88,New ido chip inserted into the database: <*> ip=<*> v=<*> t=<*>,0.1,Normal,0
BGL,1201,02-08-2005 23:32,3902,UNKNOWN_LOCATION,DISCOVERY,INFO,New ido chip inserted into the database: FF:F2:9F:16:BF:6C:00:0D:60:E9:40:93 ip=10.5.0.46 v=13 t=4,E88,New ido chip inserted into the database: <*> ip=<*> v=<*> t=<*>,0.1,Normal,0
BGL,1202,02-08-2005 23:39,414,R23-M0-N7,HARDWARE,SEVERE,NodeCard is not fully functional,E94,NodeCard is not fully functional,0.1,Normal,0
BGL,1203,03-08-2005 00:58,4733,R00-M0-N2,DISCOVERY,ERROR,"Node card status: ALERT 0, ALERT 1, ALERT 2, ALERT 3 is (are) active. Clock Mode is Low. Clock Select is Midplane. Phy JTAG Reset is asserted. ASIC JTAG Reset is not asserted. Temperature Mask is not active. No temperature error. Temperature Limit Error Latch is clear. PGOOD is asserted. PGOOD error latch is clear. MPGOOD is OK. MPGOOD error latch is clear. The 2.5 volt rail is OK. The 1.5 volt rail is OK.",E91,"Node card status: ALERT <*>, ALERT <*>, ALERT <*>, ALERT <*> is (are) active. Clock Mode is Low. Clock Select is Midplane. Phy JTAG Reset is asserted. ASIC JTAG Reset is not asserted. Temperature Mask is not active. No temperature error. Temperature Limit Error Latch is clear. PGOOD is asserted. PGOOD error latch is clear. MPGOOD is OK. MPGOOD error latch is clear. The <*>.<*> volt rail is OK. The <*>.<*> volt rail is OK.",0.1,Normal,0
BGL,1204,03-08-2005 00:58,6,R00-M0-ND,DISCOVERY,INFO,"Node card VPD check: U11 node in processor card slot J16 do not match. VPD ecid 04DF80A7942FFFFF0C081AE08CD2, found 0000000000000000000000000000",E93,"Node card VPD check: U<*> node in processor card slot J<*> do not match. VPD ecid <*>, found <*>",0.1,Normal,0
BGL,1205,03-08-2005 04:15,11843,UNKNOWN_LOCATION,DISCOVERY,SEVERE,Can not get assembly information for node card,E17,Can not get assembly information for node card,0.1,Normal,0
BGL,1206,03-08-2005 04:28,777,UNKNOWN_LOCATION,DISCOVERY,INFO,New ido chip inserted into the database: FF:F2:9F:16:C4:C2:00:0D:60:E9:3B:3D ip=10.2.1.37 v=13 t=4,E88,New ido chip inserted into the database: <*> ip=<*> v=<*> t=<*>,0.1,Normal,0
BGL,1207,03-08-2005 09:10,16902,UNKNOWN_LOCATION,DISCOVERY,SEVERE,Can not get assembly information for node card,E17,Can not get assembly information for node card,0.1,Normal,0
BGL,1208,03-08-2005 23:11,50447,UNKNOWN,MMCS,ERROR,"idoproxydb hit ASSERT condition: ASSERT expression=0 Source file=idotransportmgr.cpp Source line=1043 Function=int IdoTransportMgr::SendPacket(IdoUdpMgr*, BglCtlPavTrace*)",E74,"idoproxydb hit ASSERT condition: ASSERT expression=0 Source file=idotransportmgr.cpp Source line=<*> Function=int IdoTransportMgr::SendPacket(IdoUdpMgr*, BglCtlPavTrace*)",0.1,Normal,0
BGL,1209,03-08-2005 23:11,6,UNKNOWN,MMCS,ERROR,"idoproxydb hit ASSERT condition: ASSERT expression=0 Source file=idotransportmgr.cpp Source line=1043 Function=int IdoTransportMgr::SendPacket(IdoUdpMgr*, BglCtlPavTrace*)",E74,"idoproxydb hit ASSERT condition: ASSERT expression=0 Source file=idotransportmgr.cpp Source line=<*> Function=int IdoTransportMgr::SendPacket(IdoUdpMgr*, BglCtlPavTrace*)",0.1,Normal,0
BGL,1210,03-08-2005 23:12,86,UNKNOWN,MMCS,ERROR,"idoproxydb hit ASSERT condition: ASSERT expression=0 Source file=idotransportmgr.cpp Source line=1043 Function=int IdoTransportMgr::SendPacket(IdoUdpMgr*, BglCtlPavTrace*)",E74,"idoproxydb hit ASSERT condition: ASSERT expression=0 Source file=idotransportmgr.cpp Source line=<*> Function=int IdoTransportMgr::SendPacket(IdoUdpMgr*, BglCtlPavTrace*)",0.1,Normal,0
BGL,1211,03-08-2005 23:12,20,UNKNOWN,MMCS,ERROR,"idoproxydb hit ASSERT condition: ASSERT expression=0 Source file=idotransportmgr.cpp Source line=1043 Function=int IdoTransportMgr::SendPacket(IdoUdpMgr*, BglCtlPavTrace*)",E74,"idoproxydb hit ASSERT condition: ASSERT expression=0 Source file=idotransportmgr.cpp Source line=<*> Function=int IdoTransportMgr::SendPacket(IdoUdpMgr*, BglCtlPavTrace*)",0.1,Normal,0
BGL,1212,03-08-2005 23:13,56,UNKNOWN,MMCS,ERROR,"idoproxydb hit ASSERT condition: ASSERT expression=0 Source file=idotransportmgr.cpp Source line=1043 Function=int IdoTransportMgr::SendPacket(IdoUdpMgr*, BglCtlPavTrace*)",E74,"idoproxydb hit ASSERT condition: ASSERT expression=0 Source file=idotransportmgr.cpp Source line=<*> Function=int IdoTransportMgr::SendPacket(IdoUdpMgr*, BglCtlPavTrace*)",0.1,Normal,0
BGL,1213,03-08-2005 23:14,13,UNKNOWN,MMCS,ERROR,"idoproxydb hit ASSERT condition: ASSERT expression=0 Source file=idotransportmgr.cpp Source line=1043 Function=int IdoTransportMgr::SendPacket(IdoUdpMgr*, BglCtlPavTrace*)",E74,"idoproxydb hit ASSERT condition: ASSERT expression=0 Source file=idotransportmgr.cpp Source line=<*> Function=int IdoTransportMgr::SendPacket(IdoUdpMgr*, BglCtlPavTrace*)",0.1,Normal,0
BGL,1214,03-08-2005 23:14,1,UNKNOWN,MMCS,ERROR,"idoproxydb hit ASSERT condition: ASSERT expression=0 Source file=idotransportmgr.cpp Source line=1043 Function=int IdoTransportMgr::SendPacket(IdoUdpMgr*, BglCtlPavTrace*)",E74,"idoproxydb hit ASSERT condition: ASSERT expression=0 Source file=idotransportmgr.cpp Source line=<*> Function=int IdoTransportMgr::SendPacket(IdoUdpMgr*, BglCtlPavTrace*)",0.1,Normal,0
BGL,1215,03-08-2005 23:14,16,UNKNOWN,MMCS,ERROR,"idoproxydb hit ASSERT condition: ASSERT expression=0 Source file=idotransportmgr.cpp Source line=1043 Function=int IdoTransportMgr::SendPacket(IdoUdpMgr*, BglCtlPavTrace*)",E74,"idoproxydb hit ASSERT condition: ASSERT expression=0 Source file=idotransportmgr.cpp Source line=<*> Function=int IdoTransportMgr::SendPacket(IdoUdpMgr*, BglCtlPavTrace*)",0.1,Normal,0
BGL,1216,03-08-2005 23:14,38,UNKNOWN,MMCS,ERROR,"idoproxydb hit ASSERT condition: ASSERT expression=0 Source file=idotransportmgr.cpp Source line=1043 Function=int IdoTransportMgr::SendPacket(IdoUdpMgr*, BglCtlPavTrace*)",E74,"idoproxydb hit ASSERT condition: ASSERT expression=0 Source file=idotransportmgr.cpp Source line=<*> Function=int IdoTransportMgr::SendPacket(IdoUdpMgr*, BglCtlPavTrace*)",0.1,Normal,0
BGL,1217,04-08-2005 17:27,65568,R71-M0-NC,DISCOVERY,ERROR,Node card status: no ALERTs are active. Clock Mode is Low. Clock Select is Midplane. Phy JTAG Reset is asserted. ASIC JTAG Reset is asserted. Temperature Mask is not active. No temperature error. Temperature Limit Error Latch is clear. PGOOD IS NOT ASSERTED. PGOOD ERROR LATCH IS ACTIVE. MPGOOD IS NOT OK. MPGOOD ERROR LATCH IS ACTIVE. The 2.5 volt rail is OK. The 1.5 volt rail is OK.,E92,Node card status: no ALERTs are active. Clock Mode is Low. Clock Select is Midplane. Phy JTAG Reset is asserted. ASIC JTAG Reset is asserted. Temperature Mask is not active. No temperature error. Temperature Limit Error Latch is clear. PGOOD IS NOT ASSERTED. PGOOD ERROR LATCH IS ACTIVE. MPGOOD IS NOT OK. MPGOOD ERROR LATCH IS ACTIVE. The <*>.<*> volt rail is OK. The <*>.<*> volt rail is OK.,0.1,Normal,0
BGL,1218,04-08-2005 17:33,367,R10-M1-N7,DISCOVERY,INFO,"Node card VPD check: U01 node in processor card slot J14 do not match. VPD ecid 074C04C10F7BFFFF08051AE08ED2, found 04C180A5D12FFFFF05081BD088E2",E93,"Node card VPD check: U<*> node in processor card slot J<*> do not match. VPD ecid <*>, found <*>",0.1,Normal,0
BGL,1219,04-08-2005 17:58,1469,R06-M1-ND,DISCOVERY,WARNING,Node card is not fully functional,E90,Node card is not fully functional,0.1,Normal,0
BGL,1220,04-08-2005 19:26,5316,R76-M1-N4,DISCOVERY,ERROR,Node card status: no ALERTs are active. Clock Mode is Low. Clock Select is Midplane. Phy JTAG Reset is asserted. ASIC JTAG Reset is asserted. Temperature Mask is not active. No temperature error. Temperature Limit Error Latch is clear. PGOOD IS NOT ASSERTED. PGOOD ERROR LATCH IS ACTIVE. MPGOOD IS NOT OK. MPGOOD ERROR LATCH IS ACTIVE. The 2.5 volt rail is OK. The 1.5 volt rail is OK.,E92,Node card status: no ALERTs are active. Clock Mode is Low. Clock Select is Midplane. Phy JTAG Reset is asserted. ASIC JTAG Reset is asserted. Temperature Mask is not active. No temperature error. Temperature Limit Error Latch is clear. PGOOD IS NOT ASSERTED. PGOOD ERROR LATCH IS ACTIVE. MPGOOD IS NOT OK. MPGOOD ERROR LATCH IS ACTIVE. The <*>.<*> volt rail is OK. The <*>.<*> volt rail is OK.,0.1,Normal,0
BGL,1221,04-08-2005 22:38,11465,UNKNOWN_LOCATION,DISCOVERY,INFO,Ido chip status changed: FF:F2:9F:16:EB:27:00:0D:60:E9:14:D8 ip=10.0.2.192 v=13 t=4 status=M Thu Aug 04 15:29:45 PDT 2005,E73,Ido chip status changed: <*> ip=<*> v=<*> t=<*> status=M <*>,0.1,Normal,0
BGL,1222,04-08-2005 22:39,107,UNKNOWN_LOCATION,DISCOVERY,INFO,Ido chip status changed: FF:F2:9F:15:7E:6E:00:0D:60:EA:81:91 ip=10.0.1.155 v=13 t=1 status=M Thu Aug 04 15:31:25 PDT 2005,E73,Ido chip status changed: <*> ip=<*> v=<*> t=<*> status=M <*>,0.1,Normal,0
BGL,1223,05-08-2005 11:19,45596,R23-M1-N1-C:J13-U11,KERNEL,INFO,"CE sym 27, at 0x11b3f3c0, mask 0x10",E18,"CE sym <*>, at <*>, mask <*>",0.1,Normal,0
BGL,1224,05-08-2005 17:23,21807,R25-M1-N2,HARDWARE,WARNING,"PrepareForService shutting down NodeCard(mLctn(R25-M1-N2), mCardSernum(203231503833343000000000594c31304b34333431303158), mLp(FF:F2:9F:16:CF:0F:00:0D:60:E9:30:F0), mIp(10.2.2.80), mType(4)) as part of Service Action 310",E96,"PrepareForService shutting down NodeCard(mLctn(<*>), mCardSernum(<*>), mLp(<*>), mIp(<*>), mType(<*>)) as part of Service Action <*>",0.1,Normal,0
BGL,1225,09-08-2005 17:16,345208,UNKNOWN_LOCATION,DISCOVERY,INFO,Ido chip status changed: FF:F2:9F:16:DC:81:00:0D:60:E9:23:7E ip=10.6.1.207 v=13 t=4 status=M Tue Aug 09 10:08:23 PDT 2005,E73,Ido chip status changed: <*> ip=<*> v=<*> t=<*> status=M <*>,0.1,Normal,0
BGL,1226,09-08-2005 17:30,811,R40-M1-N5,DISCOVERY,SEVERE,Can not get assembly information for node card,E17,Can not get assembly information for node card,0.1,Normal,0
BGL,1227,09-08-2005 17:31,67,R70-M0-N0,DISCOVERY,SEVERE,Can not get assembly information for node card,E17,Can not get assembly information for node card,0.1,Normal,0
BGL,1228,09-08-2005 17:40,567,R51-M1-ND,DISCOVERY,WARNING,Node card is not fully functional,E90,Node card is not fully functional,0.1,Normal,0
BGL,1229,09-08-2005 17:47,426,R44-M0-N3,DISCOVERY,SEVERE,Can not get assembly information for node card,E17,Can not get assembly information for node card,0.1,Normal,0
BGL,1230,09-08-2005 17:53,325,R74-M0-N1,DISCOVERY,WARNING,Node card is not fully functional,E90,Node card is not fully functional,0.1,Normal,0
BGL,1231,09-08-2005 18:01,471,R26-M0-N7,DISCOVERY,ERROR,Node card status: no ALERTs are active. Clock Mode is Low. Clock Select is Midplane. Phy JTAG Reset is asserted. ASIC JTAG Reset is asserted. Temperature Mask is not active. No temperature error. Temperature Limit Error Latch is clear. PGOOD IS NOT ASSERTED. PGOOD ERROR LATCH IS ACTIVE. MPGOOD IS NOT OK. MPGOOD ERROR LATCH IS ACTIVE. The 2.5 volt rail is OK. The 1.5 volt rail is OK.,E92,Node card status: no ALERTs are active. Clock Mode is Low. Clock Select is Midplane. Phy JTAG Reset is asserted. ASIC JTAG Reset is asserted. Temperature Mask is not active. No temperature error. Temperature Limit Error Latch is clear. PGOOD IS NOT ASSERTED. PGOOD ERROR LATCH IS ACTIVE. MPGOOD IS NOT OK. MPGOOD ERROR LATCH IS ACTIVE. The <*>.<*> volt rail is OK. The <*>.<*> volt rail is OK.,0.1,Normal,0
BGL,1232,09-08-2005 19:09,4104,R00-M0-N6-C:J03-U11,KERNEL,FATAL,rts tree/torus link training failed: wanted: B C X+ X- Y+ Y- Z+ Z- got: B C X- Y- Z+ Z-,E109,rts tree/torus link training failed: wanted: <*> got: <*>,0.1,Normal,0
BGL,1233,10-08-2005 01:25,22583,R23-M0-N0-C:J10-U01,KERNEL,INFO,"CE sym 18, at 0x0e0272e0, mask 0x10",E18,"CE sym <*>, at <*>, mask <*>",0.1,Normal,0
BGL,1234,10-08-2005 05:38,15131,R15-M0-NC-C:J04-U11,KERNEL,INFO,1 tree receiver 2 in re-synch state event(s) (dcr 0x019a) detected,E13,<*> tree receiver <*> in re-synch state event(s) (dcr <*>) detected,0.1,Normal,0
BGL,1235,10-08-2005 14:58,33651,R14-M1-N0-C:J07-U11,KERNEL,INFO,total of 1 ddr error(s) detected and corrected,E118,total of <*> ddr error(s) detected and corrected,0.1,Normal,0
BGL,1236,10-08-2005 21:31,23536,R47-M0-N4-C:J07-U01,KERNEL,INFO,"CE sym 8, at 0x0a2ae600, mask 0x10",E18,"CE sym <*>, at <*>, mask <*>",0.1,Normal,0
BGL,1237,11-08-2005 11:26,50123,R35-M0-N6-C:J13-U01,KERNEL,INFO,"CE sym 28, at 0x0fe65820, mask 0x04",E18,"CE sym <*>, at <*>, mask <*>",0.1,Normal,0
BGL,1238,12-08-2005 12:45,91141,R61-M0-NB-C:J05-U01,KERNEL,INFO,"CE sym 25, at 0x10e1b8a0, mask 0x10",E18,"CE sym <*>, at <*>, mask <*>",0.1,Normal,0
BGL,1239,13-08-2005 06:25,63575,R44-M0-N8-I:J18-U01,APP,FATAL,"ciod: Error loading /bgl/apps/scaletest/performance/MINIBEN/mb_243_0810/allreduce.rts: invalid or missing program image, Exec format error",E25,"ciod: Error loading /<*>: invalid or missing program image, Exec format error",0.1,Normal,0
BGL,1240,13-08-2005 06:27,157,R46-M0-N0-I:J18-U01,APP,FATAL,"ciod: Error loading /bgl/apps/scaletest/performance/MINIBEN/mb_243_0810/allreduce.rts: invalid or missing program image, Exec format error",E25,"ciod: Error loading /<*>: invalid or missing program image, Exec format error",0.1,Normal,0
BGL,1241,13-08-2005 06:29,74,R52-M1-N8-I:J18-U11,APP,FATAL,"ciod: Error loading /bgl/apps/scaletest/performance/MINIBEN/mb_243_0810/allreduce.rts: invalid or missing program image, Exec format error",E25,"ciod: Error loading /<*>: invalid or missing program image, Exec format error",0.1,Normal,0
BGL,1242,13-08-2005 06:29,8,R57-M1-N0-I:J18-U01,APP,FATAL,"ciod: Error loading /bgl/apps/scaletest/performance/MINIBEN/mb_243_0810/allreduce.rts: invalid or missing program image, Exec format error",E25,"ciod: Error loading /<*>: invalid or missing program image, Exec format error",0.1,Normal,0
BGL,1243,13-08-2005 06:29,26,R61-M1-N0-I:J18-U01,APP,FATAL,"ciod: Error loading /bgl/apps/scaletest/performance/MINIBEN/mb_243_0810/allreduce.rts: invalid or missing program image, Exec format error",E25,"ciod: Error loading /<*>: invalid or missing program image, Exec format error",0.1,Normal,0
BGL,1244,13-08-2005 06:30,61,R24-M0-N0-I:J18-U01,APP,FATAL,"ciod: Error loading /bgl/apps/scaletest/performance/MINIBEN/mb_243_0810/allreduce.rts: invalid or missing program image, Exec format error",E25,"ciod: Error loading /<*>: invalid or missing program image, Exec format error",0.1,Normal,0
BGL,1245,13-08-2005 06:32,89,R55-M1-N0-I:J18-U11,APP,FATAL,"ciod: Error loading /bgl/apps/scaletest/performance/MINIBEN/mb_243_0810/allreduce.rts: invalid or missing program image, Exec format error",E25,"ciod: Error loading /<*>: invalid or missing program image, Exec format error",0.1,Normal,0
BGL,1246,13-08-2005 06:32,27,R31-M1-N4-I:J18-U11,APP,FATAL,"ciod: Error loading /bgl/apps/scaletest/performance/MINIBEN/mb_243_0810/allreduce.rts: invalid or missing program image, Exec format error",E25,"ciod: Error loading /<*>: invalid or missing program image, Exec format error",0.1,Normal,0
BGL,1247,13-08-2005 06:34,88,R66-M0-N8-I:J18-U01,APP,FATAL,"ciod: Error loading /bgl/apps/scaletest/performance/MINIBEN/mb_243_0810/allreduce.rts: invalid or missing program image, Exec format error",E25,"ciod: Error loading /<*>: invalid or missing program image, Exec format error",0.1,Normal,0
BGL,1248,13-08-2005 06:34,52,R15-M0-NC-I:J18-U11,APP,FATAL,"ciod: Error loading /bgl/apps/scaletest/performance/MINIBEN/mb_243_0810/allreduce.rts: invalid or missing program image, Exec format error",E25,"ciod: Error loading /<*>: invalid or missing program image, Exec format error",0.1,Normal,0
BGL,1249,13-08-2005 06:34,1,R16-M1-N0-I:J18-U11,APP,FATAL,"ciod: Error loading /bgl/apps/scaletest/performance/MINIBEN/mb_243_0810/allreduce.rts: invalid or missing program image, Exec format error",E25,"ciod: Error loading /<*>: invalid or missing program image, Exec format error",0.1,Normal,0
BGL,1250,13-08-2005 06:42,437,R01-M0-NC-I:J18-U11,APP,FATAL,"ciod: Error loading /bgl/apps/scaletest/performance/MINIBEN/mb_243_0810/allreduce.rts: invalid or missing program image, Exec format error",E25,"ciod: Error loading /<*>: invalid or missing program image, Exec format error",0.1,Normal,0
BGL,1251,13-08-2005 06:47,341,R66-M1-N4-I:J18-U01,APP,FATAL,"ciod: Error loading /bgl/apps/scaletest/performance/MINIBEN/mb_243_0810/allreduce.rts: invalid or missing program image, Exec format error",E25,"ciod: Error loading /<*>: invalid or missing program image, Exec format error",0.1,Normal,0
BGL,1252,13-08-2005 06:50,134,R74-M1-N8-I:J18-U01,APP,FATAL,"ciod: Error loading /bgl/apps/scaletest/performance/MINIBEN/mb_243_0810/allreduce.rts: invalid or missing program image, Exec format error",E25,"ciod: Error loading /<*>: invalid or missing program image, Exec format error",0.1,Normal,0
BGL,1253,13-08-2005 06:52,113,R73-M0-N4-I:J18-U11,APP,FATAL,"ciod: Error loading /bgl/apps/scaletest/performance/MINIBEN/mb_243_0810/allreduce.rts: invalid or missing program image, Exec format error",E25,"ciod: Error loading /<*>: invalid or missing program image, Exec format error",0.1,Normal,0
BGL,1254,13-08-2005 20:54,50536,R27-M1-NC-I:J18-U11,APP,FATAL,ciod: LOGIN chdir(pwd) failed: No such file or directory,E37,ciod: LOGIN chdir(<*>) failed: No such file or directory,0.1,Normal,0
BGL,1255,13-08-2005 20:54,41,R61-M1-NC-I:J18-U01,APP,FATAL,ciod: LOGIN chdir(pwd) failed: No such file or directory,E37,ciod: LOGIN chdir(<*>) failed: No such file or directory,0.1,Normal,0
BGL,1256,13-08-2005 23:39,9851,R60-M1-NC-I:J18-U01,APP,FATAL,"ciod: Error loading /bgl/apps/scaletest/stability/MDCASK/WORK/65576/inferno: invalid or missing program image, No such file or directory",E28,"ciod: Error loading <*>: invalid or missing program image, No such file or directory",0.1,Normal,0
BGL,1257,15-08-2005 02:02,95011,R21-M0-N8-I:J18-U11,APP,FATAL,ciod: Error reading message prefix after LOAD_MESSAGE on CioStream socket to 172.16.96.116:42213: Link has been severed,E29,ciod: Error reading message prefix after LOAD_MESSAGE on CioStream socket to <*>:<*>: Link has been severed,0.9,Risk,2
BGL,1258,15-08-2005 18:51,60537,R40-M1-N0-I:J18-U11,KERNEL,INFO,ciod: Missing or invalid fields on line 1 of node map file /home/auselton/bgl/mapfiles/bgl.128mps.f64.map,E39,ciod: Missing or invalid fields on line <*> of node map file /<*>,0.1,Normal,0
BGL,1259,16-08-2005 04:45,35623,R71-M0-NA-C:J12-U11,KERNEL,FATAL,rts: kernel terminated for reason 1003,E111,rts: kernel terminated for reason <*>,0.9,Risk,2
BGL,1260,16-08-2005 04:45,21,R63-M0-N4-C:J16-U01,KERNEL,FATAL,rts: kernel terminated for reason 1004,E111,rts: kernel terminated for reason <*>,0.9,Risk,2
BGL,1261,16-08-2005 20:43,57482,R06-M0-NB-C:J16-U01,KERNEL,INFO,"CE sym 22, at 0x009c14e0, mask 0x20",E18,"CE sym <*>, at <*>, mask <*>",0.1,Normal,0
BGL,1262,16-08-2005 23:12,8899,R06-M0-NB-C:J16-U01,KERNEL,INFO,total of 1 ddr error(s) detected and corrected,E118,total of <*> ddr error(s) detected and corrected,0.1,Normal,0
BGL,1263,17-08-2005 19:21,72570,R12-M0-N4-I:J18-U01,APP,FATAL,ciod: LOGIN chdir(/p/bg1/da) failed: No such file or directory,E37,ciod: LOGIN chdir(<*>) failed: No such file or directory,0.1,Normal,0
BGL,1264,18-08-2005 19:42,87688,R30-M0-N0-I:J18-U01,KERNEL,INFO,ciod: generated 64 core files for program /bgl/apps/swl-prep/ibm-swl/functional/sppm_chkpt/run/sppm,E34,ciod: generated <*> core files for program <*>,0.1,Normal,0
BGL,1265,18-08-2005 19:43,48,R71-M1-N8-I:J18-U01,KERNEL,INFO,ciod: generated 64 core files for program /bgl/apps/swl-prep/ibm-swl/functional/sppm_chkpt/run/sppm,E34,ciod: generated <*> core files for program <*>,0.1,Normal,0
BGL,1266,18-08-2005 19:44,28,R02-M0-N4-I:J18-U11,KERNEL,INFO,ciod: generated 64 core files for program /bgl/apps/swl-prep/ibm-swl/functional/sppm_chkpt/run/sppm,E34,ciod: generated <*> core files for program <*>,0.1,Normal,0
BGL,1267,20-08-2005 06:27,125016,R60-M1-N7-C:J16-U11,KERNEL,INFO,"1 ddr errors(s) detected and corrected on rank 0, symbol 10, bit 0",E2,"<*> ddr errors(s) detected and corrected on rank <*>, symbol <*>, bit <*>",0.1,Normal,0
BGL,1268,20-08-2005 14:04,27420,R44-M1-N4-I:J18-U11,KERNEL,INFO,ciod: generated 1 core files for program /bgl/apps/swl-prep/ibm-swl/functional/sppm_chkpt/run/sppm,E34,ciod: generated <*> core files for program <*>,0.1,Normal,0
BGL,1269,20-08-2005 14:13,495,R65-M0-NC-I:J18-U01,KERNEL,INFO,ciod: generated 64 core files for program /bgl/apps/swl-prep/ibm-swl/functional/sppm_chkpt/run/sppm,E34,ciod: generated <*> core files for program <*>,0.1,Normal,0
BGL,1270,21-08-2005 07:58,63950,R11-M1-N2-C:J12-U01,KERNEL,INFO,"CE sym 3, at 0x0b19b8a0, mask 0x08",E18,"CE sym <*>, at <*>, mask <*>",0.1,Normal,0
BGL,1271,21-08-2005 07:59,30,R30-M1-NC-C:J02-U01,KERNEL,INFO,"CE sym 20, at 0x180462c0, mask 0x02",E18,"CE sym <*>, at <*>, mask <*>",0.1,Normal,0
BGL,1272,22-08-2005 14:46,110849,R24-M1-N4-I:J18-U11,APP,FATAL,ciod: LOGIN chdir(/home/germann2/SPaSM_static) failed: No such file or directory,E37,ciod: LOGIN chdir(<*>) failed: No such file or directory,0.1,Normal,0
BGL,1273,22-08-2005 18:50,14596,R34-M1-N8-I:J18-U01,KERNEL,INFO,ciod: generated 128 core files for program /home/germann2/BGL-demo/SPaSM_mpi,E34,ciod: generated <*> core files for program <*>,0.1,Normal,0
BGL,1274,22-08-2005 19:15,1494,R70-M1-N0-I:J18-U01,KERNEL,INFO,ciod: generated 128 core files for program /home/germann2/BGL-demo/SPaSM_mpi,E34,ciod: generated <*> core files for program <*>,0.1,Normal,0
BGL,1275,22-08-2005 19:15,14,R16-M0-N4-I:J18-U11,KERNEL,INFO,ciod: generated 128 core files for program /home/germann2/BGL-demo/SPaSM_mpi,E34,ciod: generated <*> core files for program <*>,0.1,Normal,0
BGL,1276,22-08-2005 20:05,2999,R21-M1-NC-I:J18-U01,KERNEL,INFO,ciod: generated 128 core files for program /home/germann2/BGL-demo/SPaSM_mpi,E34,ciod: generated <*> core files for program <*>,0.1,Normal,0
BGL,1277,22-08-2005 20:05,8,R65-M0-NC-I:J18-U11,KERNEL,INFO,ciod: generated 128 core files for program /home/germann2/BGL-demo/SPaSM_mpi,E34,ciod: generated <*> core files for program <*>,0.1,Normal,0
BGL,1278,22-08-2005 20:06,35,R04-M1-N8-I:J18-U11,KERNEL,INFO,ciod: generated 128 core files for program /home/germann2/BGL-demo/SPaSM_mpi,E34,ciod: generated <*> core files for program <*>,0.1,Normal,0
BGL,1279,23-08-2005 11:54,56907,R50-M1-N0-I:J18-U11,APP,FATAL,ciod: LOGIN chdir(/home/germann2/BGL-demo) failed: No such file or directory,E37,ciod: LOGIN chdir(<*>) failed: No such file or directory,0.1,Normal,0
BGL,1280,23-08-2005 17:29,20103,R14-M0-N0-I:J18-U11,KERNEL,INFO,ciod: generated 128 core files for program /home/germann2/BGL-demo/SPaSM_mpi,E34,ciod: generated <*> core files for program <*>,0.1,Normal,0
BGL,1281,23-08-2005 17:29,18,R06-M0-N0-I:J18-U01,KERNEL,INFO,ciod: generated 128 core files for program /home/germann2/BGL-demo/SPaSM_mpi,E34,ciod: generated <*> core files for program <*>,0.1,Normal,0
BGL,1282,25-08-2005 12:22,154374,R71-M0-NF-C:J04-U01,KERNEL,INFO,total of 1 ddr error(s) detected and corrected,E118,total of <*> ddr error(s) detected and corrected,0.1,Normal,0
BGL,1283,26-08-2005 18:47,109490,R62-M1-N3-C:J04-U01,KERNEL,INFO,iar 003a90fc dear 00b360e8,E70,iar <*> dear <*>,0.1,Normal,0
BGL,1284,26-08-2005 18:48,27,R63-M1-NF-C:J03-U11,KERNEL,INFO,iar 003a90dc dear 00b35148,E70,iar <*> dear <*>,0.1,Normal,0
BGL,1285,26-08-2005 18:49,74,R62-M1-NA-C:J14-U01,KERNEL,INFO,iar 003a90fc dear 00b35db8,E70,iar <*> dear <*>,0.1,Normal,0
BGL,1286,26-08-2005 18:49,37,R62-M1-NF-C:J09-U11,KERNEL,INFO,iar 003a9108 dear 00c07348,E70,iar <*> dear <*>,0.1,Normal,0
BGL,1287,26-08-2005 18:59,555,R63-M1-N6-C:J17-U01,KERNEL,INFO,2201500 double-hummer alignment exceptions,E3,<*> double-hummer alignment exceptions,0.1,Normal,0
BGL,1288,26-08-2005 18:59,20,R62-M1-N6-C:J06-U11,KERNEL,INFO,2201500 double-hummer alignment exceptions,E3,<*> double-hummer alignment exceptions,0.1,Normal,0
BGL,1289,26-08-2005 18:59,12,R63-M1-NB-C:J09-U01,KERNEL,INFO,iar 003a9294 dear 00c06c48,E70,iar <*> dear <*>,0.1,Normal,0
BGL,1290,26-08-2005 19:03,238,R63-M1-NA-C:J03-U01,KERNEL,INFO,iar 003a92a0 dear 00b36898,E70,iar <*> dear <*>,0.1,Normal,0
BGL,1291,26-08-2005 19:07,224,R61-M0-N8-C:J05-U01,KERNEL,INFO,1547520 double-hummer alignment exceptions,E3,<*> double-hummer alignment exceptions,0.1,Normal,0
BGL,1292,26-08-2005 19:08,53,R60-M1-N1-C:J11-U11,KERNEL,INFO,iar 003a9260 dear 00efe838,E70,iar <*> dear <*>,0.1,Normal,0
BGL,1293,26-08-2005 19:08,16,R65-M1-N9-C:J16-U11,KERNEL,INFO,iar 003a9260 dear 00efcbc8,E70,iar <*> dear <*>,0.1,Normal,0
BGL,1294,26-08-2005 19:10,102,R64-M1-N3-C:J07-U11,KERNEL,INFO,iar 003a929c dear 00efc768,E70,iar <*> dear <*>,0.1,Normal,0
BGL,1295,26-08-2005 19:10,27,R60-M0-NE-C:J10-U11,KERNEL,INFO,iar 003a929c dear 00efd448,E70,iar <*> dear <*>,0.1,Normal,0
BGL,1296,26-08-2005 19:11,72,R65-M1-N5-C:J14-U11,KERNEL,INFO,iar 003a92a0 dear 00efd358,E70,iar <*> dear <*>,0.1,Normal,0
BGL,1297,26-08-2005 19:13,82,R61-M1-ND-C:J17-U01,KERNEL,INFO,iar 003a92a0 dear 00fcc6b8,E70,iar <*> dear <*>,0.1,Normal,0
BGL,1298,26-08-2005 19:13,12,R65-M1-N4-C:J06-U01,KERNEL,INFO,iar 003a92a0 dear 00efd518,E70,iar <*> dear <*>,0.1,Normal,0
BGL,1299,26-08-2005 19:15,98,R65-M0-ND-C:J12-U01,KERNEL,INFO,iar 003a9254 dear 00f05688,E70,iar <*> dear <*>,0.1,Normal,0
BGL,1300,26-08-2005 19:15,29,R61-M0-N3-C:J11-U11,KERNEL,INFO,iar 003a9254 dear 00f07a88,E70,iar <*> dear <*>,0.1,Normal,0
BGL,1301,26-08-2005 19:19,247,R66-M1-NC-C:J14-U11,KERNEL,INFO,3095040 double-hummer alignment exceptions,E3,<*> double-hummer alignment exceptions,0.1,Normal,0
BGL,1302,26-08-2005 19:20,51,R67-M1-NB-C:J11-U11,KERNEL,INFO,iar 003a9260 dear 012924f8,E70,iar <*> dear <*>,0.1,Normal,0
BGL,1303,26-08-2005 19:20,1,R67-M1-NB-C:J10-U11,KERNEL,INFO,iar 003a9260 dear 0128f2f8,E70,iar <*> dear <*>,0.1,Normal,0
BGL,1304,26-08-2005 19:20,27,R67-M1-N3-C:J16-U01,KERNEL,INFO,iar 003a9260 dear 0128fc88,E70,iar <*> dear <*>,0.1,Normal,0
BGL,1305,26-08-2005 19:21,15,R66-M1-N4-C:J06-U01,KERNEL,INFO,iar 003a9260 dear 01290878,E70,iar <*> dear <*>,0.1,Normal,0
BGL,1306,26-08-2005 19:22,52,R76-M0-N1-C:J02-U11,KERNEL,INFO,773760 double-hummer alignment exceptions,E3,<*> double-hummer alignment exceptions,0.1,Normal,0
BGL,1307,26-08-2005 19:22,3,R66-M1-ND-C:J15-U01,KERNEL,INFO,iar 003a929c dear 01291228,E70,iar <*> dear <*>,0.1,Normal,0
BGL,1308,26-08-2005 19:22,16,R67-M1-N8-C:J02-U11,KERNEL,INFO,iar 003a929c dear 01291708,E70,iar <*> dear <*>,0.1,Normal,0
BGL,1309,26-08-2005 19:22,29,R67-M1-N6-C:J02-U11,KERNEL,INFO,iar 003a92a0 dear 013611f8,E70,iar <*> dear <*>,0.1,Normal,0
BGL,1310,26-08-2005 19:23,52,R67-M1-N1-C:J03-U11,KERNEL,INFO,iar 003a92a0 dear 012902f8,E70,iar <*> dear <*>,0.1,Normal,0
BGL,1311,26-08-2005 19:24,50,R77-M0-N2-C:J06-U01,KERNEL,INFO,iar 003a9260 dear 00ef83b8,E70,iar <*> dear <*>,0.1,Normal,0
BGL,1312,26-08-2005 19:24,22,R67-M0-ND-C:J02-U01,KERNEL,INFO,iar 003a9254 dear 01299f08,E70,iar <*> dear <*>,0.1,Normal,0
BGL,1313,26-08-2005 19:25,18,R74-M0-ND-C:J09-U11,KERNEL,INFO,iar 003a9260 dear 00ef6c38,E70,iar <*> dear <*>,0.1,Normal,0
BGL,1314,26-08-2005 19:26,65,R66-M0-N0-C:J16-U01,KERNEL,INFO,iar 003a9258 dear 0136bd38,E70,iar <*> dear <*>,0.1,Normal,0
BGL,1315,26-08-2005 19:26,17,R64-M0-NB-C:J15-U01,KERNEL,INFO,1524480 double-hummer alignment exceptions,E3,<*> double-hummer alignment exceptions,0.1,Normal,0
BGL,1316,26-08-2005 19:26,4,R65-M0-N3-C:J04-U01,KERNEL,INFO,1524480 double-hummer alignment exceptions,E3,<*> double-hummer alignment exceptions,0.1,Normal,0
BGL,1317,26-08-2005 19:27,23,R60-M0-N6-C:J09-U11,KERNEL,INFO,1524480 double-hummer alignment exceptions,E3,<*> double-hummer alignment exceptions,0.1,Normal,0
BGL,1318,26-08-2005 19:27,8,R66-M1-ND-C:J09-U11,KERNEL,INFO,iar 003a9260 dear 012979b8,E70,iar <*> dear <*>,0.1,Normal,0
BGL,1319,26-08-2005 19:27,6,R67-M0-NB-C:J12-U11,KERNEL,INFO,iar 003a9260 dear 0129a9a8,E70,iar <*> dear <*>,0.1,Normal,0
BGL,1320,26-08-2005 19:27,9,R67-M0-N8-C:J06-U11,KERNEL,INFO,iar 003a9260 dear 01299e48,E70,iar <*> dear <*>,0.1,Normal,0
BGL,1321,26-08-2005 19:28,44,R66-M0-N9-C:J10-U01,KERNEL,INFO,iar 003a929c dear 0136b2d8,E70,iar <*> dear <*>,0.1,Normal,0
BGL,1322,26-08-2005 19:28,27,R77-M0-N8-C:J09-U01,KERNEL,INFO,iar 003a9260 dear 00e24bd8,E70,iar <*> dear <*>,0.1,Normal,0
BGL,1323,26-08-2005 19:29,36,R60-M0-NF-C:J10-U11,KERNEL,INFO,iar 003a9260 dear 00f2a468,E70,iar <*> dear <*>,0.1,Normal,0
BGL,1324,26-08-2005 19:29,27,R67-M1-N1-C:J05-U11,KERNEL,INFO,iar 003a92a0 dear 0129a488,E70,iar <*> dear <*>,0.1,Normal,0
BGL,1325,26-08-2005 19:30,59,R65-M1-NC-C:J09-U01,KERNEL,INFO,iar 003a9260 dear 00f29b68,E70,iar <*> dear <*>,0.1,Normal,0
BGL,1326,26-08-2005 19:31,56,R64-M0-N1-C:J02-U01,KERNEL,INFO,iar 003a926c dear 00f2b078,E70,iar <*> dear <*>,0.1,Normal,0
BGL,1327,26-08-2005 20:19,2866,R14-M1-N5-C:J12-U11,KERNEL,INFO,"CE sym 0, at 0x12af93a0, mask 0x08",E18,"CE sym <*>, at <*>, mask <*>",0.1,Normal,0
BGL,1328,27-08-2005 03:51,27155,R74-M1-N0-C:J12-U01,KERNEL,INFO,"1 ddr errors(s) detected and corrected on rank 0, symbol 28, bit 3",E2,"<*> ddr errors(s) detected and corrected on rank <*>, symbol <*>, bit <*>",0.1,Normal,0
BGL,1329,27-08-2005 13:25,34389,R36-M0-N5-C:J03-U01,KERNEL,INFO,"CE sym 23, at 0x03f89c00, mask 0x10",E18,"CE sym <*>, at <*>, mask <*>",0.1,Normal,0
BGL,1330,28-08-2005 01:49,44687,R11-M1-N7,DISCOVERY,ERROR,Node card status: no ALERTs are active. Clock Mode is Low. Clock Select is Midplane. Phy JTAG Reset is asserted. ASIC JTAG Reset is asserted. Temperature Mask is not active. No temperature error. Temperature Limit Error Latch is clear. PGOOD IS NOT ASSERTED. PGOOD ERROR LATCH IS ACTIVE. MPGOOD IS NOT OK. MPGOOD ERROR LATCH IS ACTIVE. The 2.5 volt rail is OK. The 1.5 volt rail is OK.,E92,Node card status: no ALERTs are active. Clock Mode is Low. Clock Select is Midplane. Phy JTAG Reset is asserted. ASIC JTAG Reset is asserted. Temperature Mask is not active. No temperature error. Temperature Limit Error Latch is clear. PGOOD IS NOT ASSERTED. PGOOD ERROR LATCH IS ACTIVE. MPGOOD IS NOT OK. MPGOOD ERROR LATCH IS ACTIVE. The <*>.<*> volt rail is OK. The <*>.<*> volt rail is OK.,0.1,Normal,0
BGL,1331,28-08-2005 06:11,15720,R14-M1-N0-C:J07-U11,KERNEL,INFO,"CE sym 10, at 0x01d7a160, mask 0x10",E18,"CE sym <*>, at <*>, mask <*>",0.1,Normal,0
BGL,1332,28-08-2005 08:58,10005,R77-M1-NF-C:J02-U11,KERNEL,INFO,156055738 double-hummer alignment exceptions,E3,<*> double-hummer alignment exceptions,0.1,Normal,0
BGL,1333,28-08-2005 09:00,93,R72-M1-NA-C:J04-U11,KERNEL,INFO,147337410 double-hummer alignment exceptions,E3,<*> double-hummer alignment exceptions,0.1,Normal,0
BGL,1334,28-08-2005 09:09,550,R73-M1-N8-C:J06-U01,KERNEL,INFO,139632470 double-hummer alignment exceptions,E3,<*> double-hummer alignment exceptions,0.1,Normal,0
BGL,1335,28-08-2005 09:11,108,R75-M1-N8-C:J13-U11,KERNEL,INFO,155918940 double-hummer alignment exceptions,E3,<*> double-hummer alignment exceptions,0.1,Normal,0
BGL,1336,28-08-2005 09:13,144,R74-M0-NB-C:J17-U01,KERNEL,INFO,iar 00149fc0 dear 00739d98,E70,iar <*> dear <*>,0.1,Normal,0
BGL,1337,28-08-2005 09:15,113,R76-M1-ND-C:J11-U11,KERNEL,INFO,iar 0014a150 dear 0072b9f8,E70,iar <*> dear <*>,0.1,Normal,0
BGL,1338,28-08-2005 09:16,53,R70-M0-NF-C:J06-U01,KERNEL,INFO,iar 0014a150 dear 00719fc8,E70,iar <*> dear <*>,0.1,Normal,0
BGL,1339,28-08-2005 09:25,574,R41-M0-N2-C:J10-U01,KERNEL,INFO,28298332 double-hummer alignment exceptions,E3,<*> double-hummer alignment exceptions,0.1,Normal,0
BGL,1340,28-08-2005 09:30,277,R55-M0-N2-C:J08-U01,KERNEL,INFO,23768676 double-hummer alignment exceptions,E3,<*> double-hummer alignment exceptions,0.1,Normal,0
BGL,1341,28-08-2005 09:33,162,R44-M0-NF-C:J13-U11,KERNEL,INFO,34253552 double-hummer alignment exceptions,E3,<*> double-hummer alignment exceptions,0.1,Normal,0
BGL,1342,28-08-2005 09:33,34,R44-M0-NE-C:J10-U01,KERNEL,INFO,35050330 double-hummer alignment exceptions,E3,<*> double-hummer alignment exceptions,0.1,Normal,0
BGL,1343,28-08-2005 09:36,140,R40-M0-N1-C:J10-U01,KERNEL,INFO,35418742 double-hummer alignment exceptions,E3,<*> double-hummer alignment exceptions,0.1,Normal,0
BGL,1344,28-08-2005 09:36,45,R40-M1-N6-C:J12-U11,KERNEL,INFO,47332148 double-hummer alignment exceptions,E3,<*> double-hummer alignment exceptions,0.1,Normal,0
BGL,1345,28-08-2005 09:38,90,R50-M1-NB-C:J07-U11,KERNEL,INFO,39190074 double-hummer alignment exceptions,E3,<*> double-hummer alignment exceptions,0.1,Normal,0
BGL,1346,28-08-2005 09:39,57,R57-M1-NF-C:J11-U11,KERNEL,INFO,30646810 double-hummer alignment exceptions,E3,<*> double-hummer alignment exceptions,0.1,Normal,0
BGL,1347,28-08-2005 09:41,143,R47-M0-N5-C:J15-U01,KERNEL,INFO,36833864 double-hummer alignment exceptions,E3,<*> double-hummer alignment exceptions,0.1,Normal,0
BGL,1348,28-08-2005 09:45,237,R45-M0-NA-C:J04-U11,KERNEL,INFO,24669022 double-hummer alignment exceptions,E3,<*> double-hummer alignment exceptions,0.1,Normal,0
BGL,1349,28-08-2005 09:46,47,R50-M1-N1-C:J05-U11,KERNEL,INFO,38029258 double-hummer alignment exceptions,E3,<*> double-hummer alignment exceptions,0.1,Normal,0
BGL,1350,28-08-2005 09:48,107,R42-M1-NE-C:J15-U11,KERNEL,INFO,39309752 double-hummer alignment exceptions,E3,<*> double-hummer alignment exceptions,0.1,Normal,0
BGL,1351,28-08-2005 09:48,35,R54-M0-NB-C:J07-U01,KERNEL,INFO,27901852 double-hummer alignment exceptions,E3,<*> double-hummer alignment exceptions,0.1,Normal,0
BGL,1352,28-08-2005 09:52,217,R40-M1-N4-C:J17-U01,KERNEL,INFO,41097026 double-hummer alignment exceptions,E3,<*> double-hummer alignment exceptions,0.1,Normal,0
BGL,1353,28-08-2005 09:55,182,R52-M0-N4-C:J17-U11,KERNEL,INFO,54600944 double-hummer alignment exceptions,E3,<*> double-hummer alignment exceptions,0.1,Normal,0
BGL,1354,28-08-2005 09:57,101,R54-M0-NC-C:J09-U11,KERNEL,INFO,32888202 double-hummer alignment exceptions,E3,<*> double-hummer alignment exceptions,0.1,Normal,0
BGL,1355,28-08-2005 09:57,50,R41-M1-N3-C:J15-U11,KERNEL,INFO,iar 0014a150 dear 0098d458,E70,iar <*> dear <*>,0.1,Normal,0
BGL,1356,28-08-2005 10:00,137,R54-M1-ND-C:J08-U11,KERNEL,INFO,iar 0014a150 dear 0098e178,E70,iar <*> dear <*>,0.1,Normal,0
BGL,1357,28-08-2005 10:02,147,R51-M1-N9-C:J10-U01,KERNEL,INFO,iar 0014a150 dear 00998588,E70,iar <*> dear <*>,0.1,Normal,0
BGL,1358,28-08-2005 10:05,145,R45-M1-ND-C:J16-U11,KERNEL,INFO,iar 0014a150 dear 00991c88,E70,iar <*> dear <*>,0.1,Normal,0
BGL,1359,28-08-2005 10:07,168,R40-M0-N1-C:J16-U01,KERNEL,INFO,iar 00149ee0 dear 009a2788,E70,iar <*> dear <*>,0.1,Normal,0
BGL,1360,28-08-2005 10:11,209,R57-M0-N1-C:J16-U01,KERNEL,INFO,iar 00149f88 dear 0099be48,E70,iar <*> dear <*>,0.1,Normal,0
BGL,1361,28-08-2005 10:11,12,R56-M1-N9-C:J14-U01,KERNEL,INFO,iar 0014a150 dear 00a53af8,E70,iar <*> dear <*>,0.1,Normal,0
BGL,1362,28-08-2005 10:11,20,R51-M0-N6-C:J15-U01,KERNEL,INFO,iar 0014a150 dear 009b9288,E70,iar <*> dear <*>,0.1,Normal,0
BGL,1363,28-08-2005 10:15,243,R52-M0-N6-C:J10-U11,KERNEL,INFO,iar 0014a150 dear 009a50f8,E70,iar <*> dear <*>,0.1,Normal,0
BGL,1364,28-08-2005 10:16,18,R52-M1-N6-C:J13-U01,KERNEL,INFO,iar 0014a150 dear 0098cdc8,E70,iar <*> dear <*>,0.1,Normal,0
BGL,1365,28-08-2005 10:17,72,R45-M0-N1-C:J14-U11,KERNEL,INFO,iar 00149ee0 dear 0099e5e8,E70,iar <*> dear <*>,0.1,Normal,0
BGL,1366,28-08-2005 10:17,8,R43-M1-NE-C:J16-U01,KERNEL,INFO,iar 0014a150 dear 00991c88,E70,iar <*> dear <*>,0.1,Normal,0
BGL,1367,28-08-2005 10:17,14,R45-M0-ND-C:J09-U01,KERNEL,INFO,iar 0014a150 dear 009829b8,E70,iar <*> dear <*>,0.1,Normal,0
BGL,1368,28-08-2005 10:20,176,R45-M0-N6-C:J14-U01,KERNEL,INFO,iar 00149f88 dear 00996f88,E70,iar <*> dear <*>,0.1,Normal,0
BGL,1369,28-08-2005 10:20,6,R44-M1-NB-C:J13-U01,KERNEL,INFO,iar 0014a1e4 dear 0099e6c8,E70,iar <*> dear <*>,0.1,Normal,0
BGL,1370,28-08-2005 10:20,1,R44-M1-NB-C:J14-U11,KERNEL,INFO,iar 0014a150 dear 009a2998,E70,iar <*> dear <*>,0.1,Normal,0
BGL,1371,28-08-2005 10:35,906,R54-M0-NC-I:J18-U01,KERNEL,INFO,"NFS Mount failed on bglio716, slept 15 seconds, retrying (1)",E89,"NFS Mount failed on bglio<*>, slept <*> seconds, retrying (<*>)",0.1,Normal,0
BGL,1372,28-08-2005 10:36,3,R05-M0-NC-I:J18-U11,KERNEL,INFO,"NFS Mount failed on bglio91, slept 15 seconds, retrying (1)",E89,"NFS Mount failed on bglio<*>, slept <*> seconds, retrying (<*>)",0.1,Normal,0
BGL,1373,28-08-2005 14:06,12647,R30-M0-N7-C:J09-U01,KERNEL,INFO,"CE sym 26, at 0x07a95e80, mask 0x10",E18,"CE sym <*>, at <*>, mask <*>",0.1,Normal,0
BGL,1374,28-08-2005 16:59,10385,R00-M0-N4-C:J06-U11,KERNEL,INFO,"3 ddr errors(s) detected and corrected on rank 0, symbol 18, bit 0",E2,"<*> ddr errors(s) detected and corrected on rank <*>, symbol <*>, bit <*>",0.1,Normal,0
BGL,1375,30-08-2005 05:27,131235,R26-M0-NC-I:J18-U01,KERNEL,INFO,ciod: generated 64 core files for program IMB-MPI1.2MB_perf,E34,ciod: generated <*> core files for program <*>,0.1,Normal,0
BGL,1376,31-08-2005 09:06,99553,R00-M1-NB-C:J02-U01,KERNEL,INFO,"CE sym 35, at 0x1317cee0, mask 0x10",E18,"CE sym <*>, at <*>, mask <*>",0.1,Normal,0
BGL,1377,01-09-2005 05:29,73412,R42-M1-NC-I:J18-U11,KERNEL,FATAL,Lustre mount FAILED : bglio559 : point /p/gb1,E81,Lustre mount FAILED : bglio<*> : point <*>,0.9,Risk,2
BGL,1378,01-09-2005 05:30,50,R25-M1-N4-I:J18-U01,KERNEL,FATAL,Lustre mount FAILED : bglio344 : point /p/gb1,E81,Lustre mount FAILED : bglio<*> : point <*>,0.9,Risk,2
BGL,1379,01-09-2005 16:52,40916,R14-M1-N7-C:J10-U01,KERNEL,INFO,"4 ddr errors(s) detected and corrected on rank 0, symbol 29, bit 4",E2,"<*> ddr errors(s) detected and corrected on rank <*>, symbol <*>, bit <*>",0.1,Normal,0
BGL,1380,02-09-2005 13:35,74558,R72-M1-N4-I:J18-U01,APP,FATAL,ciod: LOGIN chdir(/bglscratch/bwallen/SWL/SYS-CALLS/testcases/kernel/syscalls/truncate) failed: No such file or directory,E37,ciod: LOGIN chdir(<*>) failed: No such file or directory,0.1,Normal,0
BGL,1381,02-09-2005 19:40,21926,R02-M1-N8-I:J18-U01,KERNEL,FATAL,Lustre mount FAILED : bglio46 : point /p/gb1,E81,Lustre mount FAILED : bglio<*> : point <*>,0.9,Risk,2
BGL,1382,02-09-2005 20:24,2599,R10-M1-N4-I:J18-U01,KERNEL,FATAL,Lustre mount FAILED : bglio136 : point /p/gb1,E81,Lustre mount FAILED : bglio<*> : point <*>,0.9,Risk,2
BGL,1383,02-09-2005 20:52,1703,R04-M0-NC-I:J18-U11,KERNEL,FATAL,Lustre mount FAILED : bglio75 : point /p/gb1,E81,Lustre mount FAILED : bglio<*> : point <*>,0.9,Risk,2
BGL,1384,02-09-2005 22:50,7109,R63-M1-N0,DISCOVERY,INFO,"Node card VPD check: U11 node in processor card slot J18 do not match. VPD ecid 04CC81389C2FFFFF03071B7048DF, found 04D780871F2FFFFF08031BD046E2",E93,"Node card VPD check: U<*> node in processor card slot J<*> do not match. VPD ecid <*>, found <*>",0.1,Normal,0
BGL,1385,03-09-2005 07:01,29459,R06-M1-N6-C:J15-U01,KERNEL,INFO,1 torus receiver x+ input pipe error(s) (dcr 0x02ec) detected and corrected,E8,<*> torus receiver x+ input pipe error(s) (dcr <*>) detected and corrected,0.1,Normal,0
BGL,1386,03-09-2005 12:09,18437,R62-M0-NC-I:J18-U11,APP,FATAL,ciod: LOGIN chdir(/LAPACK_440d/BLAS) failed: No such file or directory,E37,ciod: LOGIN chdir(<*>) failed: No such file or directory,0.1,Normal,0
BGL,1387,03-09-2005 14:58,10153,R55-M1-NC-I:J18-U01,KERNEL,FATAL,Lustre mount FAILED : bglio736 : point /p/gb1,E81,Lustre mount FAILED : bglio<*> : point <*>,0.9,Risk,2
BGL,1388,04-09-2005 01:36,38276,R03-M0-N3-C:J02-U11,KERNEL,INFO,"CE sym 33, at 0x00dbd200, mask 0x80",E18,"CE sym <*>, at <*>, mask <*>",0.1,Normal,0
BGL,1389,04-09-2005 07:06,19797,R70-M1-NC-C:J09-U11,KERNEL,INFO,"CE sym 26, at 0x146ad540, mask 0x10",E18,"CE sym <*>, at <*>, mask <*>",0.1,Normal,0
BGL,1390,04-09-2005 22:01,53695,R24-M1-NC-I:J18-U01,KERNEL,FATAL,Lustre mount FAILED : bglio336 : point /p/gb1,E81,Lustre mount FAILED : bglio<*> : point <*>,0.9,Risk,2
BGL,1391,08-09-2005 11:47,308769,R75-M0-N8-C:J10-U01,KERNEL,INFO,"CE sym 21, at 0x04d64dc0, mask 0x80",E18,"CE sym <*>, at <*>, mask <*>",0.1,Normal,0
BGL,1392,08-09-2005 18:05,22712,R01-M1-N4-I:J18-U11,KERNEL,FATAL,Lustre mount FAILED : bglio23 : point /p/gb1,E81,Lustre mount FAILED : bglio<*> : point <*>,0.9,Risk,2
BGL,1393,08-09-2005 20:38,9139,R63-M1-NC-I:J18-U11,KERNEL,INFO,ciod: pollControlDescriptors: Detected the debugger died.,E40,ciod: pollControlDescriptors: Detected the debugger died.,0.1,Normal,0
BGL,1394,08-09-2005 20:38,15,R62-M1-NC-I:J18-U11,KERNEL,INFO,"ciod: In packet from node 91.0 (R62-M1-Nf-C:J03-U11), message code 2 is not 3 or 4294967295 (softheader=003b005b 00030000 00000001 00000000)",E35,"ciod: In packet from node <*>.<*> (<*>), message code <*> is not <*> or <*> (softheader=<*> <*> <*> <*>)",0.1,Normal,0
BGL,1395,09-09-2005 12:04,55536,R13-M0-N2-C:J09-U01,KERNEL,INFO,1 torus receiver y+ input pipe error(s) (dcr 0x02ee) detected and corrected,E9,<*> torus receiver y+ input pipe error(s) (dcr <*>) detected and corrected,0.1,Normal,0
BGL,1396,09-09-2005 13:23,4766,R50-M0-NF-C:J10-U01,KERNEL,INFO,"1 ddr errors(s) detected and corrected on rank 0, symbol 3, bit 6",E2,"<*> ddr errors(s) detected and corrected on rank <*>, symbol <*>, bit <*>",0.1,Normal,0
BGL,1397,09-09-2005 14:17,3269,R03-M1-N6-C:J11-U11,KERNEL,INFO,"CE sym 6, at 0x1880a8e0, mask 0x40",E18,"CE sym <*>, at <*>, mask <*>",0.1,Normal,0
BGL,1398,11-09-2005 06:46,145698,R16-M0-NC-I:J18-U01,APP,FATAL,"ciod: Error loading /bgl/apps/swl-prep/rky-swl/MPI-PERF/IMB/perf_tests/IMB-MPI1.5124KB: invalid or missing program image, No such file or directory",E28,"ciod: Error loading <*>: invalid or missing program image, No such file or directory",0.1,Normal,0
BGL,1399,11-09-2005 10:22,12985,R43-M0-N8-I:J18-U11,APP,FATAL,ciod: Error reading message prefix after LOAD_MESSAGE on CioStream socket to 172.16.96.116:45713: Link has been severed,E29,ciod: Error reading message prefix after LOAD_MESSAGE on CioStream socket to <*>:<*>: Link has been severed,0.9,Risk,2
BGL,1400,12-09-2005 12:03,92469,R20-M1-N8-C:J13-U11,KERNEL,INFO,suppressing further interrupts of same type,E117,suppressing further interrupts of same type,0.1,Normal,0
BGL,1401,12-09-2005 15:31,12474,R41-M1-N4-I:J18-U11,APP,FATAL,ciod: Error reading message prefix after LOAD_MESSAGE on CioStream socket to 172.16.96.116:41304: Link has been severed,E29,ciod: Error reading message prefix after LOAD_MESSAGE on CioStream socket to <*>:<*>: Link has been severed,0.9,Risk,2
BGL,1402,12-09-2005 15:31,3,R53-M1-N0-I:J18-U01,APP,FATAL,ciod: Error reading message prefix after LOAD_MESSAGE on CioStream socket to 172.16.96.116:41217: Link has been severed,E29,ciod: Error reading message prefix after LOAD_MESSAGE on CioStream socket to <*>:<*>: Link has been severed,0.9,Risk,2
BGL,1403,13-09-2005 05:00,48539,R63-M1-NC-C:J06-U01,KERNEL,INFO,total of 1 ddr error(s) detected and corrected,E118,total of <*> ddr error(s) detected and corrected,0.1,Normal,0
BGL,1404,13-09-2005 16:02,39680,R30-M0-N4-I:J18-U01,KERNEL,FATAL,Lustre mount FAILED : bglio388 : point /p/gb1,E81,Lustre mount FAILED : bglio<*> : point <*>,0.9,Risk,2
BGL,1405,15-09-2005 15:28,170786,R72-M1-N0-I:J18-U01,APP,FATAL,ciod: Error reading message prefix after LOAD_MESSAGE on CioStream socket to 172.16.96.116:37916: Link has been severed,E29,ciod: Error reading message prefix after LOAD_MESSAGE on CioStream socket to <*>:<*>: Link has been severed,0.9,Risk,2
BGL,1406,16-09-2005 18:07,95967,R37-M0-NF-C:J07-U01,KERNEL,INFO,"CE sym 25, at 0x1a544020, mask 0x40",E18,"CE sym <*>, at <*>, mask <*>",0.1,Normal,0
BGL,1407,17-09-2005 14:57,74948,UNKNOWN_LOCATION,DISCOVERY,INFO,Ido chip status changed: FF:F2:9F:15:7B:E0:00:0D:60:EA:84:1F ip=10.7.0.130 v=13 t=1 status=M Sat Sep 17 07:49:04 PDT 2005,E73,Ido chip status changed: <*> ip=<*> v=<*> t=<*> status=M <*>,0.1,Normal,0
BGL,1408,17-09-2005 17:48,10289,R76-M1-N8,DISCOVERY,ERROR,Node card status: no ALERTs are active. Clock Mode is Low. Clock Select is Midplane. Phy JTAG Reset is asserted. ASIC JTAG Reset is asserted. Temperature Mask is not active. No temperature error. Temperature Limit Error Latch is clear. PGOOD IS NOT ASSERTED. PGOOD ERROR LATCH IS ACTIVE. MPGOOD IS NOT OK. MPGOOD ERROR LATCH IS ACTIVE. The 2.5 volt rail is OK. The 1.5 volt rail is OK.,E92,Node card status: no ALERTs are active. Clock Mode is Low. Clock Select is Midplane. Phy JTAG Reset is asserted. ASIC JTAG Reset is asserted. Temperature Mask is not active. No temperature error. Temperature Limit Error Latch is clear. PGOOD IS NOT ASSERTED. PGOOD ERROR LATCH IS ACTIVE. MPGOOD IS NOT OK. MPGOOD ERROR LATCH IS ACTIVE. The <*>.<*> volt rail is OK. The <*>.<*> volt rail is OK.,0.1,Normal,0
BGL,1409,18-09-2005 21:19,99050,R71-M1-N8-C:J17-U11,KERNEL,INFO,"CE sym 9, at 0x123b6ca0, mask 0x20",E18,"CE sym <*>, at <*>, mask <*>",0.1,Normal,0
BGL,1410,19-09-2005 16:32,69169,R01-M0-NC-I:J18-U01,APP,FATAL,ciod: LOGIN chdir(/home/spelce1/UMT2K/umt2k/ckpt_umt2k_src/TEST/NEW_TEST) failed: No such file or directory,E37,ciod: LOGIN chdir(<*>) failed: No such file or directory,0.1,Normal,0
BGL,1411,19-09-2005 16:32,6,R77-M0-NC-I:J18-U11,APP,FATAL,ciod: LOGIN chdir(/home/spelce1/UMT2K/umt2k/ckpt_umt2k_src/TEST/NEW_TEST) failed: No such file or directory,E37,ciod: LOGIN chdir(<*>) failed: No such file or directory,0.1,Normal,0
BGL,1412,19-09-2005 18:28,6949,R47-M0-N4-C:J07-U01,KERNEL,INFO,"CE sym 8, at 0x0a2ae600, mask 0x10",E18,"CE sym <*>, at <*>, mask <*>",0.1,Normal,0
BGL,1413,19-09-2005 21:03,9344,R32-M1-N0-I:J18-U01,APP,FATAL,ciod: LOGIN chdir(/home/yates/SWL_tests/BGL64k_SWL_tests_develop/MPI-VAL/MPITs_v050902/rundir) failed: No such file or directory,E37,ciod: LOGIN chdir(<*>) failed: No such file or directory,0.1,Normal,0
BGL,1414,20-09-2005 18:57,78817,R05-M0-NA,DISCOVERY,INFO,"Node card VPD check: U01 node in processor card slot J15 do not match. VPD ecid 04DE7DB80D7BFFFF04051B70D8D9, found 04DE7DF2D37BFFFF09081B6088D9",E93,"Node card VPD check: U<*> node in processor card slot J<*> do not match. VPD ecid <*>, found <*>",0.1,Normal,0
BGL,1415,20-09-2005 19:06,513,UNKNOWN,MMCS,ERROR,"idoproxydb hit ASSERT condition: ASSERT expression=0 Source file=idotransportmgr.cpp Source line=1043 Function=int IdoTransportMgr::SendPacket(IdoUdpMgr*, BglCtlPavTrace*)",E74,"idoproxydb hit ASSERT condition: ASSERT expression=0 Source file=idotransportmgr.cpp Source line=<*> Function=int IdoTransportMgr::SendPacket(IdoUdpMgr*, BglCtlPavTrace*)",0.1,Normal,0
BGL,1416,20-09-2005 19:06,50,UNKNOWN,MMCS,ERROR,"idoproxydb hit ASSERT condition: ASSERT expression=0 Source file=idotransportmgr.cpp Source line=1043 Function=int IdoTransportMgr::SendPacket(IdoUdpMgr*, BglCtlPavTrace*)",E74,"idoproxydb hit ASSERT condition: ASSERT expression=0 Source file=idotransportmgr.cpp Source line=<*> Function=int IdoTransportMgr::SendPacket(IdoUdpMgr*, BglCtlPavTrace*)",0.1,Normal,0
BGL,1417,20-09-2005 19:06,1,UNKNOWN,MMCS,ERROR,"idoproxydb hit ASSERT condition: ASSERT expression=0 Source file=idotransportmgr.cpp Source line=1043 Function=int IdoTransportMgr::SendPacket(IdoUdpMgr*, BglCtlPavTrace*)",E74,"idoproxydb hit ASSERT condition: ASSERT expression=0 Source file=idotransportmgr.cpp Source line=<*> Function=int IdoTransportMgr::SendPacket(IdoUdpMgr*, BglCtlPavTrace*)",0.1,Normal,0
BGL,1418,20-09-2005 19:06,2,UNKNOWN,MMCS,ERROR,"idoproxydb hit ASSERT condition: ASSERT expression=0 Source file=idotransportmgr.cpp Source line=1043 Function=int IdoTransportMgr::SendPacket(IdoUdpMgr*, BglCtlPavTrace*)",E74,"idoproxydb hit ASSERT condition: ASSERT expression=0 Source file=idotransportmgr.cpp Source line=<*> Function=int IdoTransportMgr::SendPacket(IdoUdpMgr*, BglCtlPavTrace*)",0.1,Normal,0
BGL,1419,20-09-2005 19:06,3,UNKNOWN,MMCS,ERROR,"idoproxydb hit ASSERT condition: ASSERT expression=0 Source file=idotransportmgr.cpp Source line=1043 Function=int IdoTransportMgr::SendPacket(IdoUdpMgr*, BglCtlPavTrace*)",E74,"idoproxydb hit ASSERT condition: ASSERT expression=0 Source file=idotransportmgr.cpp Source line=<*> Function=int IdoTransportMgr::SendPacket(IdoUdpMgr*, BglCtlPavTrace*)",0.1,Normal,0
BGL,1420,20-09-2005 19:06,0,UNKNOWN,MMCS,ERROR,"idoproxydb hit ASSERT condition: ASSERT expression=0 Source file=idotransportmgr.cpp Source line=1043 Function=int IdoTransportMgr::SendPacket(IdoUdpMgr*, BglCtlPavTrace*)",E74,"idoproxydb hit ASSERT condition: ASSERT expression=0 Source file=idotransportmgr.cpp Source line=<*> Function=int IdoTransportMgr::SendPacket(IdoUdpMgr*, BglCtlPavTrace*)",0.1,Normal,0
BGL,1421,20-09-2005 19:07,2,UNKNOWN,MMCS,ERROR,"idoproxydb hit ASSERT condition: ASSERT expression=0 Source file=idotransportmgr.cpp Source line=1043 Function=int IdoTransportMgr::SendPacket(IdoUdpMgr*, BglCtlPavTrace*)",E74,"idoproxydb hit ASSERT condition: ASSERT expression=0 Source file=idotransportmgr.cpp Source line=<*> Function=int IdoTransportMgr::SendPacket(IdoUdpMgr*, BglCtlPavTrace*)",0.1,Normal,0
BGL,1422,20-09-2005 19:07,7,UNKNOWN,MMCS,ERROR,"idoproxydb hit ASSERT condition: ASSERT expression=0 Source file=idotransportmgr.cpp Source line=1043 Function=int IdoTransportMgr::SendPacket(IdoUdpMgr*, BglCtlPavTrace*)",E74,"idoproxydb hit ASSERT condition: ASSERT expression=0 Source file=idotransportmgr.cpp Source line=<*> Function=int IdoTransportMgr::SendPacket(IdoUdpMgr*, BglCtlPavTrace*)",0.1,Normal,0
BGL,1423,20-09-2005 19:09,121,UNKNOWN,MMCS,ERROR,"idoproxydb hit ASSERT condition: ASSERT expression=0 Source file=idotransportmgr.cpp Source line=1043 Function=int IdoTransportMgr::SendPacket(IdoUdpMgr*, BglCtlPavTrace*)",E74,"idoproxydb hit ASSERT condition: ASSERT expression=0 Source file=idotransportmgr.cpp Source line=<*> Function=int IdoTransportMgr::SendPacket(IdoUdpMgr*, BglCtlPavTrace*)",0.1,Normal,0
BGL,1424,20-09-2005 19:09,3,UNKNOWN,MMCS,ERROR,"idoproxydb hit ASSERT condition: ASSERT expression=0 Source file=idotransportmgr.cpp Source line=1043 Function=int IdoTransportMgr::SendPacket(IdoUdpMgr*, BglCtlPavTrace*)",E74,"idoproxydb hit ASSERT condition: ASSERT expression=0 Source file=idotransportmgr.cpp Source line=<*> Function=int IdoTransportMgr::SendPacket(IdoUdpMgr*, BglCtlPavTrace*)",0.1,Normal,0
BGL,1425,20-09-2005 19:09,8,UNKNOWN,MMCS,ERROR,"idoproxydb hit ASSERT condition: ASSERT expression=0 Source file=idotransportmgr.cpp Source line=1043 Function=int IdoTransportMgr::SendPacket(IdoUdpMgr*, BglCtlPavTrace*)",E74,"idoproxydb hit ASSERT condition: ASSERT expression=0 Source file=idotransportmgr.cpp Source line=<*> Function=int IdoTransportMgr::SendPacket(IdoUdpMgr*, BglCtlPavTrace*)",0.1,Normal,0
BGL,1426,20-09-2005 19:09,1,UNKNOWN,MMCS,ERROR,"idoproxydb hit ASSERT condition: ASSERT expression=0 Source file=idotransportmgr.cpp Source line=1043 Function=int IdoTransportMgr::SendPacket(IdoUdpMgr*, BglCtlPavTrace*)",E74,"idoproxydb hit ASSERT condition: ASSERT expression=0 Source file=idotransportmgr.cpp Source line=<*> Function=int IdoTransportMgr::SendPacket(IdoUdpMgr*, BglCtlPavTrace*)",0.1,Normal,0
BGL,1427,20-09-2005 19:09,6,UNKNOWN,MMCS,ERROR,"idoproxydb hit ASSERT condition: ASSERT expression=0 Source file=idotransportmgr.cpp Source line=1043 Function=int IdoTransportMgr::SendPacket(IdoUdpMgr*, BglCtlPavTrace*)",E74,"idoproxydb hit ASSERT condition: ASSERT expression=0 Source file=idotransportmgr.cpp Source line=<*> Function=int IdoTransportMgr::SendPacket(IdoUdpMgr*, BglCtlPavTrace*)",0.1,Normal,0
BGL,1428,20-09-2005 19:09,10,UNKNOWN,MMCS,ERROR,"idoproxydb hit ASSERT condition: ASSERT expression=0 Source file=idotransportmgr.cpp Source line=1043 Function=int IdoTransportMgr::SendPacket(IdoUdpMgr*, BglCtlPavTrace*)",E74,"idoproxydb hit ASSERT condition: ASSERT expression=0 Source file=idotransportmgr.cpp Source line=<*> Function=int IdoTransportMgr::SendPacket(IdoUdpMgr*, BglCtlPavTrace*)",0.1,Normal,0
BGL,1429,20-09-2005 19:09,2,UNKNOWN,MMCS,ERROR,"idoproxydb hit ASSERT condition: ASSERT expression=0 Source file=idotransportmgr.cpp Source line=1043 Function=int IdoTransportMgr::SendPacket(IdoUdpMgr*, BglCtlPavTrace*)",E74,"idoproxydb hit ASSERT condition: ASSERT expression=0 Source file=idotransportmgr.cpp Source line=<*> Function=int IdoTransportMgr::SendPacket(IdoUdpMgr*, BglCtlPavTrace*)",0.1,Normal,0
BGL,1430,20-09-2005 19:10,32,UNKNOWN,MMCS,ERROR,"idoproxydb hit ASSERT condition: ASSERT expression=0 Source file=idotransportmgr.cpp Source line=1043 Function=int IdoTransportMgr::SendPacket(IdoUdpMgr*, BglCtlPavTrace*)",E74,"idoproxydb hit ASSERT condition: ASSERT expression=0 Source file=idotransportmgr.cpp Source line=<*> Function=int IdoTransportMgr::SendPacket(IdoUdpMgr*, BglCtlPavTrace*)",0.1,Normal,0
BGL,1431,20-09-2005 19:10,1,UNKNOWN,MMCS,ERROR,"idoproxydb hit ASSERT condition: ASSERT expression=0 Source file=idotransportmgr.cpp Source line=1043 Function=int IdoTransportMgr::SendPacket(IdoUdpMgr*, BglCtlPavTrace*)",E74,"idoproxydb hit ASSERT condition: ASSERT expression=0 Source file=idotransportmgr.cpp Source line=<*> Function=int IdoTransportMgr::SendPacket(IdoUdpMgr*, BglCtlPavTrace*)",0.1,Normal,0
BGL,1432,20-09-2005 19:11,97,UNKNOWN,MMCS,ERROR,"idoproxydb hit ASSERT condition: ASSERT expression=0 Source file=idotransportmgr.cpp Source line=1043 Function=int IdoTransportMgr::SendPacket(IdoUdpMgr*, BglCtlPavTrace*)",E74,"idoproxydb hit ASSERT condition: ASSERT expression=0 Source file=idotransportmgr.cpp Source line=<*> Function=int IdoTransportMgr::SendPacket(IdoUdpMgr*, BglCtlPavTrace*)",0.1,Normal,0
BGL,1433,20-09-2005 19:11,1,UNKNOWN,MMCS,ERROR,"idoproxydb hit ASSERT condition: ASSERT expression=0 Source file=idotransportmgr.cpp Source line=1043 Function=int IdoTransportMgr::SendPacket(IdoUdpMgr*, BglCtlPavTrace*)",E74,"idoproxydb hit ASSERT condition: ASSERT expression=0 Source file=idotransportmgr.cpp Source line=<*> Function=int IdoTransportMgr::SendPacket(IdoUdpMgr*, BglCtlPavTrace*)",0.1,Normal,0
BGL,1434,20-09-2005 19:11,4,UNKNOWN,MMCS,ERROR,"idoproxydb hit ASSERT condition: ASSERT expression=0 Source file=idotransportmgr.cpp Source line=1043 Function=int IdoTransportMgr::SendPacket(IdoUdpMgr*, BglCtlPavTrace*)",E74,"idoproxydb hit ASSERT condition: ASSERT expression=0 Source file=idotransportmgr.cpp Source line=<*> Function=int IdoTransportMgr::SendPacket(IdoUdpMgr*, BglCtlPavTrace*)",0.1,Normal,0
BGL,1435,20-09-2005 19:12,14,UNKNOWN,MMCS,ERROR,"idoproxydb hit ASSERT condition: ASSERT expression=0 Source file=idotransportmgr.cpp Source line=1043 Function=int IdoTransportMgr::SendPacket(IdoUdpMgr*, BglCtlPavTrace*)",E74,"idoproxydb hit ASSERT condition: ASSERT expression=0 Source file=idotransportmgr.cpp Source line=<*> Function=int IdoTransportMgr::SendPacket(IdoUdpMgr*, BglCtlPavTrace*)",0.1,Normal,0
BGL,1436,20-09-2005 19:12,3,UNKNOWN,MMCS,ERROR,"idoproxydb hit ASSERT condition: ASSERT expression=0 Source file=idotransportmgr.cpp Source line=1043 Function=int IdoTransportMgr::SendPacket(IdoUdpMgr*, BglCtlPavTrace*)",E74,"idoproxydb hit ASSERT condition: ASSERT expression=0 Source file=idotransportmgr.cpp Source line=<*> Function=int IdoTransportMgr::SendPacket(IdoUdpMgr*, BglCtlPavTrace*)",0.1,Normal,0
BGL,1437,20-09-2005 19:12,5,UNKNOWN,MMCS,ERROR,"idoproxydb hit ASSERT condition: ASSERT expression=0 Source file=idotransportmgr.cpp Source line=1043 Function=int IdoTransportMgr::SendPacket(IdoUdpMgr*, BglCtlPavTrace*)",E74,"idoproxydb hit ASSERT condition: ASSERT expression=0 Source file=idotransportmgr.cpp Source line=<*> Function=int IdoTransportMgr::SendPacket(IdoUdpMgr*, BglCtlPavTrace*)",0.1,Normal,0
BGL,1438,20-09-2005 19:12,24,UNKNOWN,MMCS,ERROR,"idoproxydb hit ASSERT condition: ASSERT expression=0 Source file=idotransportmgr.cpp Source line=1043 Function=int IdoTransportMgr::SendPacket(IdoUdpMgr*, BglCtlPavTrace*)",E74,"idoproxydb hit ASSERT condition: ASSERT expression=0 Source file=idotransportmgr.cpp Source line=<*> Function=int IdoTransportMgr::SendPacket(IdoUdpMgr*, BglCtlPavTrace*)",0.1,Normal,0
BGL,1439,20-09-2005 19:24,729,R05-M0-N6,DISCOVERY,INFO,"Node card VPD check: U11 node in processor card slot J17 do not match. VPD ecid 04D97DB7937BFFFF05071B7054DA, found 04D081A3892FFFFF0D0B1C505AF3",E93,"Node card VPD check: U<*> node in processor card slot J<*> do not match. VPD ecid <*>, found <*>",0.1,Normal,0
BGL,1440,20-09-2005 19:45,1226,R26-M0-N7,DISCOVERY,INFO,"Node card VPD check: U01 node in processor card slot J08 do not match. VPD ecid 075F04E8A27BFFFF07021C3096ED, found 04D78137922FFFFF040E1C3052ED",E93,"Node card VPD check: U<*> node in processor card slot J<*> do not match. VPD ecid <*>, found <*>",0.1,Normal,0
BGL,1441,20-09-2005 20:41,3353,UNKNOWN,MMCS,ERROR,"idoproxydb hit ASSERT condition: ASSERT expression=0 Source file=idotransportmgr.cpp Source line=1043 Function=int IdoTransportMgr::SendPacket(IdoUdpMgr*, BglCtlPavTrace*)",E74,"idoproxydb hit ASSERT condition: ASSERT expression=0 Source file=idotransportmgr.cpp Source line=<*> Function=int IdoTransportMgr::SendPacket(IdoUdpMgr*, BglCtlPavTrace*)",0.1,Normal,0
BGL,1442,20-09-2005 20:41,2,UNKNOWN,MMCS,ERROR,"idoproxydb hit ASSERT condition: ASSERT expression=0 Source file=idotransportmgr.cpp Source line=1043 Function=int IdoTransportMgr::SendPacket(IdoUdpMgr*, BglCtlPavTrace*)",E74,"idoproxydb hit ASSERT condition: ASSERT expression=0 Source file=idotransportmgr.cpp Source line=<*> Function=int IdoTransportMgr::SendPacket(IdoUdpMgr*, BglCtlPavTrace*)",0.1,Normal,0
BGL,1443,21-09-2005 00:55,15252,R27-M0-N8-I:J18-U11,APP,FATAL,"ciod: Error loading /home/yates//bandwidth.rts: invalid or missing program image, No such file or directory",E28,"ciod: Error loading <*>: invalid or missing program image, No such file or directory",0.1,Normal,0
BGL,1444,21-09-2005 00:58,211,R45-M0-N0-I:J18-U01,APP,FATAL,"ciod: Error loading /home/yates//torus-latency.rts: invalid or missing program image, No such file or directory",E28,"ciod: Error loading <*>: invalid or missing program image, No such file or directory",0.1,Normal,0
BGL,1445,21-09-2005 00:59,14,R72-M0-N8-I:J18-U01,APP,FATAL,"ciod: Error loading /home/yates//torus-latency.rts: invalid or missing program image, No such file or directory",E28,"ciod: Error loading <*>: invalid or missing program image, No such file or directory",0.1,Normal,0
BGL,1446,21-09-2005 00:59,50,R34-M1-N8-I:J18-U01,APP,FATAL,"ciod: Error loading /home/yates//torus-latency.rts: invalid or missing program image, No such file or directory",E28,"ciod: Error loading <*>: invalid or missing program image, No such file or directory",0.1,Normal,0
BGL,1447,21-09-2005 01:01,78,R44-M1-NC-I:J18-U01,APP,FATAL,"ciod: Error loading /home/yates//broadcast.rts: invalid or missing program image, No such file or directory",E28,"ciod: Error loading <*>: invalid or missing program image, No such file or directory",0.1,Normal,0
BGL,1448,21-09-2005 01:01,41,R05-M0-N1-C:J06-U11,KERNEL,FATAL,rts: bad message header: expecting type 57 instead of type 3 (softheader=00131db8 81aa0003 00000002 00000000) PSR0=00001f01 PSR1=00000000 PRXF=00000002 PIXF=00000007,E110,rts: bad message header: expecting type <*> instead of type <*> (softheader=<*> <*> <*> <*>) PSR0=<*> PSR1=<*> PRXF=<*> PIXF=<*>,0.1,Normal,0
BGL,1449,21-09-2005 01:07,350,R73-M1-NC-I:J18-U11,APP,FATAL,"ciod: Error loading /bgl/apps/SWL/performance/MINIBEN//bandwidth.rts: invalid or missing program image, No such file or directory",E28,"ciod: Error loading <*>: invalid or missing program image, No such file or directory",0.1,Normal,0
BGL,1450,21-09-2005 01:10,168,R26-M1-N8-I:J18-U01,APP,FATAL,"ciod: Error loading /bgl/apps/SWL/performance/MINIBEN//torus-latency.rts: invalid or missing program image, No such file or directory",E28,"ciod: Error loading <*>: invalid or missing program image, No such file or directory",0.1,Normal,0
BGL,1451,21-09-2005 01:15,280,R27-M1-N4-I:J18-U01,APP,FATAL,ciod: LOGIN chdir(/bgl/apps/SWL/performance/MINIBEN///2005.09.20-18.06.05) failed: No such file or directory,E37,ciod: LOGIN chdir(<*>) failed: No such file or directory,0.1,Normal,0
BGL,1452,21-09-2005 01:18,221,R23-M1-N8-I:J18-U11,APP,FATAL,ciod: LOGIN chdir(/bgl/apps/SWL/performance/MINIBEN///2005.09.20-18.06.05) failed: No such file or directory,E37,ciod: LOGIN chdir(<*>) failed: No such file or directory,0.1,Normal,0
BGL,1453,21-09-2005 01:21,131,R54-M1-N4-I:J18-U11,APP,FATAL,ciod: LOGIN chdir(/bgl/apps/SWL/performance/MINIBEN///2005.09.20-18.06.01) failed: No such file or directory,E37,ciod: LOGIN chdir(<*>) failed: No such file or directory,0.1,Normal,0
BGL,1454,21-09-2005 01:22,65,R16-M1-N4-I:J18-U11,APP,FATAL,ciod: LOGIN chdir(/bgl/apps/SWL/performance/MINIBEN///2005.09.20-18.06.08) failed: No such file or directory,E37,ciod: LOGIN chdir(<*>) failed: No such file or directory,0.1,Normal,0
BGL,1455,21-09-2005 01:22,46,R62-M1-N8-I:J18-U01,APP,FATAL,ciod: LOGIN chdir(/bgl/apps/SWL/performance/MINIBEN///2005.09.20-18.06.01) failed: No such file or directory,E37,ciod: LOGIN chdir(<*>) failed: No such file or directory,0.1,Normal,0
BGL,1456,22-09-2005 02:29,90398,R23-M0-N5-C:J12-U01,KERNEL,INFO,"CE sym 29, at 0x14123c20, mask 0x08",E18,"CE sym <*>, at <*>, mask <*>",0.1,Normal,0
BGL,1457,22-09-2005 09:16,24440,R63-M1-NA-C:J14-U11,KERNEL,INFO,total of 1 ddr error(s) detected and corrected,E118,total of <*> ddr error(s) detected and corrected,0.1,Normal,0
BGL,1458,23-09-2005 06:22,75955,R57-M0-NB-C:J07-U11,KERNEL,INFO,"1 ddr errors(s) detected and corrected on rank 0, symbol 35, bit 1",E2,"<*> ddr errors(s) detected and corrected on rank <*>, symbol <*>, bit <*>",0.1,Normal,0
BGL,1459,23-09-2005 08:43,8424,R35-M1-NE-C:J09-U01,KERNEL,INFO,"CE sym 26, at 0x022c3fc0, mask 0x40",E18,"CE sym <*>, at <*>, mask <*>",0.1,Normal,0
BGL,1460,23-09-2005 08:43,4,R10-M0-N0-C:J06-U01,KERNEL,INFO,total of 4 ddr error(s) detected and corrected,E118,total of <*> ddr error(s) detected and corrected,0.1,Normal,0
BGL,1461,23-09-2005 22:52,50929,R07-M0-ND-C:J16-U01,KERNEL,INFO,"CE sym 27, at 0x166a9f20, mask 0x02",E18,"CE sym <*>, at <*>, mask <*>",0.1,Normal,0
BGL,1462,24-09-2005 20:04,76313,R06-M1-N4-C:J08-U01,KERNEL,INFO,"CE sym 21, at 0x13d38aa0, mask 0x40",E18,"CE sym <*>, at <*>, mask <*>",0.1,Normal,0
BGL,1463,25-09-2005 17:15,76303,R66-M1-N1-C:J09-U11,KERNEL,INFO,"CE sym 15, at 0x0bde77e0, mask 0x04",E18,"CE sym <*>, at <*>, mask <*>",0.1,Normal,0
BGL,1464,26-09-2005 17:46,88275,R64-M0-NB-C:J14-U01,KERNEL,INFO,"CE sym 16, at 0x0149a040, mask 0x80",E18,"CE sym <*>, at <*>, mask <*>",0.1,Normal,0
BGL,1465,27-09-2005 00:23,23773,R27-M0-NC-I:J18-U11,APP,FATAL,ciod: Error reading message prefix after LOAD_MESSAGE on CioStream socket to 172.16.96.116:34903: Link has been severed,E29,ciod: Error reading message prefix after LOAD_MESSAGE on CioStream socket to <*>:<*>: Link has been severed,0.9,Risk,2
BGL,1466,27-09-2005 00:46,1380,R34-M0-N8-I:J18-U11,KERNEL,INFO,ciod: generated 128 core files for program /bgl/apps/SWL/stability/DDCMD//ddcMDbglV,E34,ciod: generated <*> core files for program <*>,0.1,Normal,0
BGL,1467,28-09-2005 01:45,89929,R01-M0-N8-C:J02-U11,KERNEL,INFO,"CE sym 2, at 0x0fa3d060, mask 0x08",E18,"CE sym <*>, at <*>, mask <*>",0.1,Normal,0
BGL,1468,29-09-2005 02:22,88657,R12-M1-N4-I:J18-U01,KERNEL,INFO,ciod: generated 64 core files for program /home/spelce1/HPCC_IBM/TomAndJeff/bin/tested_copro/tested_copro.rts,E34,ciod: generated <*> core files for program <*>,0.1,Normal,0
BGL,1469,29-09-2005 21:02,67198,R03-M1-ND-C:J14-U01,KERNEL,INFO,critical input interrupt (unit=0x0b bit=0x06): warning for torus y+ wire,E44,critical input interrupt (unit=<*> bit=<*>): warning for torus y+ wire,0.1,Normal,0
BGL,1470,29-09-2005 22:56,6810,R20-M1-NB-C:J16-U11,KERNEL,INFO,"CE sym 5, at 0x0e37bbe0, mask 0x40",E18,"CE sym <*>, at <*>, mask <*>",0.1,Normal,0
BGL,1471,30-09-2005 10:06,40219,R07-M0-N0-C:J09-U01,KERNEL,INFO,"CE sym 4, at 0x18f28be0, mask 0x40",E18,"CE sym <*>, at <*>, mask <*>",0.1,Normal,0
BGL,1472,30-09-2005 14:32,15967,R63-M1-NC-C:J06-U01,KERNEL,INFO,"CE sym 13, at 0x0397e0e0, mask 0x08",E18,"CE sym <*>, at <*>, mask <*>",0.1,Normal,0
BGL,1473,30-09-2005 21:12,23997,R11-M1-NE-C:J17-U01,KERNEL,INFO,"CE sym 9, at 0x11b9cc60, mask 0x04",E18,"CE sym <*>, at <*>, mask <*>",0.1,Normal,0
BGL,1474,01-10-2005 12:38,55569,R73-M0-N4-I:J18-U11,APP,FATAL,"ciod: Error loading /home/spelce1/HPCC_IBM/Urgent/Gunnels/VNM64/vnm.rts: invalid or missing program image, Permission denied",E26,"ciod: Error loading /<*>: invalid or missing program image, Permission denied",0.1,Normal,0
BGL,1475,03-10-2005 21:38,205181,R23-M0-N8-C:J15-U11,KERNEL,INFO,"CE sym 6, at 0x06ec7a20, mask 0x20",E18,"CE sym <*>, at <*>, mask <*>",0.1,Normal,0
BGL,1476,03-10-2005 23:26,6510,R63-M0-N4-I:J18-U01,KERNEL,INFO,ciod: generated 108 core files for program /home/spelce1/HPCC_IBM/Urgent/VNM/32K/vnm.rts,E34,ciod: generated <*> core files for program <*>,0.1,Normal,0
BGL,1477,04-10-2005 20:20,75216,R53-M1-ND-C:J09-U11,KERNEL,INFO,"CE sym 9, at 0x11f82720, mask 0x02",E18,"CE sym <*>, at <*>, mask <*>",0.1,Normal,0
BGL,1478,04-10-2005 20:34,861,R23-M0-N8-C:J15-U11,KERNEL,INFO,"CE sym 6, at 0x0148b640, mask 0x10",E18,"CE sym <*>, at <*>, mask <*>",0.1,Normal,0
BGL,1479,05-10-2005 11:06,52310,R62-M1-N8-I:J18-U01,APP,FATAL,"ciod: Error loading /home/spelce1/HPCC_IBM/Urgent/VNM/64K/vnm.rts: invalid or missing program image, Permission denied",E26,"ciod: Error loading /<*>: invalid or missing program image, Permission denied",0.1,Normal,0
BGL,1480,06-10-2005 11:24,87493,R56-M0-N0-I:J18-U01,APP,FATAL,ciod: Error reading message prefix after LOAD_MESSAGE on CioStream socket to 172.16.96.116:53591: Link has been severed,E29,ciod: Error reading message prefix after LOAD_MESSAGE on CioStream socket to <*>:<*>: Link has been severed,0.9,Risk,2
BGL,1481,07-10-2005 21:08,121406,R60-M1-N5-C:J09-U11,KERNEL,INFO,total of 2 ddr error(s) detected and corrected,E118,total of <*> ddr error(s) detected and corrected,0.1,Normal,0
BGL,1482,09-10-2005 04:37,113372,R42-M1-ND-C:J07-U11,KERNEL,INFO,"CE sym 20, at 0x0a508740, mask 0x02",E18,"CE sym <*>, at <*>, mask <*>",0.1,Normal,0
BGL,1483,09-10-2005 04:38,58,R03-M1-N9-C:J09-U11,KERNEL,INFO,"CE sym 25, at 0x06c27c60, mask 0x40",E18,"CE sym <*>, at <*>, mask <*>",0.1,Normal,0
BGL,1484,09-10-2005 04:39,18,R53-M1-NB-C:J13-U01,KERNEL,INFO,total of 12 ddr error(s) detected and corrected,E118,total of <*> ddr error(s) detected and corrected,0.1,Normal,0
BGL,1485,09-10-2005 07:49,11424,R43-M0-N9-C:J08-U11,KERNEL,INFO,"1 ddr errors(s) detected and corrected on rank 0, symbol 28, bit 0",E2,"<*> ddr errors(s) detected and corrected on rank <*>, symbol <*>, bit <*>",0.1,Normal,0
BGL,1486,10-10-2005 19:00,126640,R05-M0-N8-I:J18-U11,APP,FATAL,ciod: Error reading message prefix after LOAD_MESSAGE on CioStream socket to 172.16.96.116:57673: Link has been severed,E29,ciod: Error reading message prefix after LOAD_MESSAGE on CioStream socket to <*>:<*>: Link has been severed,0.9,Risk,2
BGL,1487,12-10-2005 23:00,187216,R23-M0-N8-C:J15-U11,KERNEL,INFO,"CE sym 5, at 0x13253280, mask 0x04",E18,"CE sym <*>, at <*>, mask <*>",0.1,Normal,0
BGL,1488,13-10-2005 01:24,8625,R34-M1-N8-I:J18-U01,APP,FATAL,"ciod: Error loading /home/spelce1/HPCC_IBM/Urgent/COP/64K/vnm.rts: invalid or missing program image, Permission denied",E26,"ciod: Error loading /<*>: invalid or missing program image, Permission denied",0.1,Normal,0
BGL,1489,13-10-2005 01:24,23,R73-M1-NC-I:J18-U01,APP,FATAL,"ciod: Error loading /home/spelce1/HPCC_IBM/Urgent/COP/64K/vnm.rts: invalid or missing program image, Permission denied",E26,"ciod: Error loading /<*>: invalid or missing program image, Permission denied",0.1,Normal,0
BGL,1490,13-10-2005 01:25,38,R17-M1-N0-I:J18-U11,APP,FATAL,"ciod: Error loading /home/spelce1/HPCC_IBM/Urgent/COP/64K/vnm.rts: invalid or missing program image, Permission denied",E26,"ciod: Error loading /<*>: invalid or missing program image, Permission denied",0.1,Normal,0
BGL,1491,13-10-2005 12:02,38226,R62-M1-N4-I:J18-U11,APP,FATAL,"ciod: Error loading /bgl/apps/followup/SPASM/spasm.254: invalid or missing program image, Permission denied",E26,"ciod: Error loading /<*>: invalid or missing program image, Permission denied",0.1,Normal,0
BGL,1492,13-10-2005 12:03,55,R44-M0-N4-I:J18-U01,APP,FATAL,"ciod: Error loading /bgl/apps/followup/SPASM/spasm.254: invalid or missing program image, Permission denied",E26,"ciod: Error loading /<*>: invalid or missing program image, Permission denied",0.1,Normal,0
BGL,1493,13-10-2005 12:59,3360,R73-M0-NC-I:J18-U11,APP,FATAL,"ciod: Error loading /bgl/apps/followup/MINIBEN/MB_254_051007/torus-latency.rts: invalid or missing program image, No such file or directory",E28,"ciod: Error loading <*>: invalid or missing program image, No such file or directory",0.1,Normal,0
BGL,1494,14-10-2005 06:18,62378,R30-M0-N5-C:J05-U01,KERNEL,INFO,"CE sym 14, at 0x17086be0, mask 0x02",E18,"CE sym <*>, at <*>, mask <*>",0.1,Normal,0
BGL,1495,14-10-2005 06:30,712,R06-M1-NA-C:J08-U11,KERNEL,INFO,suppressing further interrupts of same type,E117,suppressing further interrupts of same type,0.1,Normal,0
BGL,1496,14-10-2005 07:04,2040,R07-M1-NA-C:J09-U01,KERNEL,INFO,"4 ddr errors(s) detected and corrected on rank 0, symbol 13, bit 5",E2,"<*> ddr errors(s) detected and corrected on rank <*>, symbol <*>, bit <*>",0.1,Normal,0
BGL,1497,14-10-2005 07:04,3,R53-M1-N0-C:J04-U11,KERNEL,INFO,4 tree receiver 2 in re-synch state event(s) (dcr 0x019a) detected,E13,<*> tree receiver <*> in re-synch state event(s) (dcr <*>) detected,0.1,Normal,0
BGL,1498,15-10-2005 05:09,79512,R57-M1-NE-C:J12-U01,KERNEL,INFO,"CE sym 23, at 0x1793c560, mask 0x01",E18,"CE sym <*>, at <*>, mask <*>",0.1,Normal,0
BGL,1499,15-10-2005 05:11,120,R13-M1-N3-C:J05-U11,KERNEL,INFO,"CE sym 14, at 0x08d4e740, mask 0x01",E18,"CE sym <*>, at <*>, mask <*>",0.1,Normal,0
BGL,1500,16-10-2005 04:46,84869,R25-M1-N0-I:J18-U01,KERNEL,INFO,ciod: generated 64 core files for program /home/spelce1/HPCC_IBM/Urgent/COP/64K/opt_co_dc.rts,E34,ciod: generated <*> core files for program <*>,0.1,Normal,0
BGL,1501,16-10-2005 10:01,18929,R24-M0-N4-I:J18-U01,KERNEL,INFO,ciod: generated 58 core files for program /home/spelce1/HPCC_IBM/Urgent/COP/64K/opt_co_dc.rts,E34,ciod: generated <*> core files for program <*>,0.1,Normal,0
BGL,1502,16-10-2005 22:24,44564,R71-M1-N0-I:J18-U01,APP,FATAL,ciod: Error reading message prefix after LOAD_MESSAGE on CioStream socket to 172.16.96.116:47696: Link has been severed,E29,ciod: Error reading message prefix after LOAD_MESSAGE on CioStream socket to <*>:<*>: Link has been severed,0.9,Risk,2
BGL,1503,17-10-2005 12:02,49071,R02-M0-N4-C:J04-U11,KERNEL,INFO,data cache search parity error detected. attempting to correct,E51,data cache search parity error detected. attempting to correct,0.1,Normal,0
BGL,1504,17-10-2005 12:03,82,R02-M0-N4-C:J04-U11,KERNEL,INFO,data cache search parity error detected. attempting to correct,E51,data cache search parity error detected. attempting to correct,0.1,Normal,0
BGL,1505,17-10-2005 12:19,920,R02-M0-N4-C:J04-U11,KERNEL,INFO,data cache search parity error detected. attempting to correct,E51,data cache search parity error detected. attempting to correct,0.1,Normal,0
BGL,1506,17-10-2005 12:22,182,R02-M0-N4-C:J04-U11,KERNEL,INFO,data cache search parity error detected. attempting to correct,E51,data cache search parity error detected. attempting to correct,0.1,Normal,0
BGL,1507,17-10-2005 12:31,574,R02-M0-N4-C:J04-U11,KERNEL,INFO,data cache search parity error detected. attempting to correct,E51,data cache search parity error detected. attempting to correct,0.1,Normal,0
BGL,1508,17-10-2005 12:35,207,R02-M0-N4-C:J04-U11,KERNEL,INFO,data cache search parity error detected. attempting to correct,E51,data cache search parity error detected. attempting to correct,0.1,Normal,0
BGL,1509,19-10-2005 12:13,171490,R21-M1-N4-C:J10-U01,KERNEL,INFO,"CE sym 12, at 0x18e33e80, mask 0x04",E18,"CE sym <*>, at <*>, mask <*>",0.1,Normal,0
BGL,1510,19-10-2005 12:13,2,R13-M1-N8-C:J02-U11,KERNEL,INFO,"CE sym 13, at 0x00f254e0, mask 0x20",E18,"CE sym <*>, at <*>, mask <*>",0.1,Normal,0
BGL,1511,19-10-2005 15:08,10516,R17-M0-N0-I:J18-U01,KERNEL,INFO,shutdown complete,E113,shutdown complete,0.1,Normal,0
BGL,1512,20-10-2005 15:03,86069,R62-M0-N8-I:J18-U01,APP,FATAL,"ciod: Error loading /bgl/apps/followup/RAPTOR/new.raptor.trace: invalid or missing program image, Exec format error",E25,"ciod: Error loading /<*>: invalid or missing program image, Exec format error",0.1,Normal,0
BGL,1513,20-10-2005 15:03,22,R01-M1-NC-I:J18-U01,APP,FATAL,"ciod: Error loading /bgl/apps/followup/RAPTOR/new.raptor.trace: invalid or missing program image, Exec format error",E25,"ciod: Error loading /<*>: invalid or missing program image, Exec format error",0.1,Normal,0
BGL,1514,21-10-2005 03:19,44187,R04-M0-NC-I:J18-U11,KERNEL,INFO,ciod: generated 64 core files for program /home/rfisher/sodscaling/flash2,E34,ciod: generated <*> core files for program <*>,0.1,Normal,0
BGL,1515,21-10-2005 12:19,32379,R07-M1-N0-C:J17-U01,KERNEL,INFO,total of 1 ddr error(s) detected and corrected,E118,total of <*> ddr error(s) detected and corrected,0.1,Normal,0
BGL,1516,24-10-2005 03:05,225924,R21-M1-N0-C:J10-U11,KERNEL,INFO,"1 ddr errors(s) detected and corrected on rank 0, symbol 17, bit 7",E2,"<*> ddr errors(s) detected and corrected on rank <*>, symbol <*>, bit <*>",0.1,Normal,0
BGL,1517,25-10-2005 14:45,128435,R46-M0-NC-I:J18-U11,APP,FATAL,"ciod: Error loading allreduce_int_V1R1.rts: invalid or missing program image, No such file or directory",E28,"ciod: Error loading <*>: invalid or missing program image, No such file or directory",0.1,Normal,0
BGL,1518,25-10-2005 15:55,4204,R11-M1-N2-C:J09-U11,KERNEL,INFO,critical input interrupt (unit=0x0b bit=0x0b): warning for torus z- wire,E45,critical input interrupt (unit=<*> bit=<*>): warning for torus z- wire,0.1,Normal,0
BGL,1519,28-10-2005 06:01,223570,R55-M0-N9-C:J06-U11,KERNEL,INFO,16 tree receiver 2 in re-synch state event(s) (dcr 0x019a) detected,E13,<*> tree receiver <*> in re-synch state event(s) (dcr <*>) detected,0.1,Normal,0
BGL,1520,28-10-2005 19:59,50270,R63-M1-NF-C:J15-U11,KERNEL,FATAL,rts: kernel terminated for reason 1004,E111,rts: kernel terminated for reason <*>,0.9,Risk,2
BGL,1521,28-10-2005 20:00,31,R63-M1-N5-C:J17-U01,KERNEL,FATAL,"Error receiving packet on tree network, expecting type 57 instead of type 3 (softheader=0064588e 8aff0003 00000002 00000000) PSR0=00001f01 PSR1=00000000 PRXF=00000002 PIXF=00000007",E60,"Error receiving packet on tree network, expecting type <*> instead of type <*> (softheader=<*> <*> <*> <*>) PSR0=<*> PSR1=<*> PRXF=<*> PIXF=<*>",0.9,Risk,2
BGL,1522,30-10-2005 04:13,115998,R06-M0-N9-C:J02-U01,KERNEL,INFO,"CE sym 29, at 0x1b719940, mask 0x02",E18,"CE sym <*>, at <*>, mask <*>",0.1,Normal,0
BGL,1523,30-10-2005 12:36,30195,R65-M1-NA-C:J14-U01,KERNEL,INFO,"CE sym 27, at 0x1b70b860, mask 0x80",E18,"CE sym <*>, at <*>, mask <*>",0.1,Normal,0
BGL,1524,30-10-2005 16:00,12233,R26-M0-N4-I:J18-U11,APP,FATAL,"ciod: Error loading /home/spelce1/HPCC_IBM/Urgent/COP/64K/hpcc-1.0.0.102905_opt_essl_cpm: invalid or missing program image, Permission denied",E26,"ciod: Error loading /<*>: invalid or missing program image, Permission denied",0.1,Normal,0
BGL,1525,31-10-2005 13:51,78675,R10-M0-N3-C:J07-U01,KERNEL,INFO,"CE sym 16, at 0x18fa5d40, mask 0x80",E18,"CE sym <*>, at <*>, mask <*>",0.1,Normal,0
BGL,1526,31-10-2005 14:51,3581,R74-M1-NC-C:J15-U11,KERNEL,INFO,"4 ddr errors(s) detected and corrected on rank 0, symbol 24, bit 1",E2,"<*> ddr errors(s) detected and corrected on rank <*>, symbol <*>, bit <*>",0.1,Normal,0
BGL,1527,01-11-2005 10:17,69983,R20-M1-NF-C:J10-U01,KERNEL,INFO,instruction cache parity error corrected,E77,instruction cache parity error corrected,0.1,Normal,0
BGL,1528,03-11-2005 11:57,178762,R27-M1-N8-C:J16-U11,KERNEL,INFO,"CE sym 30, at 0x1bd2b700, mask 0x04",E18,"CE sym <*>, at <*>, mask <*>",0.1,Normal,0
BGL,1529,03-11-2005 15:02,11130,R54-M1-N8-I:J18-U01,APP,FATAL,"ciod: Error loading /g/g0/spelce1/HPCC_IBM/Urgent/COP/64K/RandomAccess.64R.rts: invalid or missing program image, Permission denied",E26,"ciod: Error loading /<*>: invalid or missing program image, Permission denied",0.1,Normal,0
BGL,1530,03-11-2005 16:44,6072,R06-M0-NC-I:J18-U11,APP,FATAL,"ciod: Error loading /home.old/glosli/src/ddcMD/ddcMD1.1.17/bin/ddcMDGbglV: invalid or missing program image, No such file or directory",E28,"ciod: Error loading <*>: invalid or missing program image, No such file or directory",0.1,Normal,0
BGL,1531,03-11-2005 16:47,226,R15-M0-NC-I:J18-U11,APP,FATAL,"ciod: Error loading /home.old/glosli/src/ddcMD/ddcMD1.1.18a/bin/ddcMDGbglV: invalid or missing program image, No such file or directory",E28,"ciod: Error loading <*>: invalid or missing program image, No such file or directory",0.1,Normal,0
BGL,1532,03-11-2005 22:43,21364,R60-M0-NE-C:J08-U11,KERNEL,INFO,iar 00106210 dear 0244c1dc,E70,iar <*> dear <*>,0.1,Normal,0
BGL,1533,03-11-2005 22:44,14,R61-M1-NB-C:J17-U11,KERNEL,INFO,640404 floating point alignment exceptions,E4,<*> floating point alignment exceptions,0.1,Normal,0
BGL,1534,03-11-2005 22:44,16,R61-M0-N3-C:J12-U11,KERNEL,INFO,640404 floating point alignment exceptions,E4,<*> floating point alignment exceptions,0.1,Normal,0
BGL,1535,03-11-2005 22:44,17,R60-M1-NC-C:J10-U11,KERNEL,INFO,iar 00106210 dear 0244c1dc,E70,iar <*> dear <*>,0.1,Normal,0
BGL,1536,03-11-2005 22:44,22,R61-M0-NC-C:J03-U11,KERNEL,INFO,iar 00106210 dear 0244c20c,E70,iar <*> dear <*>,0.1,Normal,0
BGL,1537,03-11-2005 22:45,14,R65-M1-NB-C:J14-U01,KERNEL,INFO,iar 00106228 dear 0244c1ec,E70,iar <*> dear <*>,0.1,Normal,0
BGL,1538,03-11-2005 22:45,37,R64-M0-N6-C:J17-U11,KERNEL,INFO,iar 00106210 dear 0244c20c,E70,iar <*> dear <*>,0.1,Normal,0
BGL,1539,03-11-2005 22:46,46,R61-M1-N5-C:J13-U11,KERNEL,INFO,iar 00106210 dear 0244c20c,E70,iar <*> dear <*>,0.1,Normal,0
BGL,1540,03-11-2005 22:47,45,R65-M1-N6-C:J11-U01,KERNEL,INFO,iar 00106228 dear 0244c1ec,E70,iar <*> dear <*>,0.1,Normal,0
BGL,1541,03-11-2005 22:48,46,R60-M1-N3-C:J11-U01,KERNEL,INFO,iar 00106228 dear 0244c1ec,E70,iar <*> dear <*>,0.1,Normal,0
BGL,1542,03-11-2005 22:48,28,R66-M0-NF-C:J12-U01,KERNEL,INFO,640404 floating point alignment exceptions,E4,<*> floating point alignment exceptions,0.1,Normal,0
BGL,1543,03-11-2005 22:48,10,R61-M0-N1-C:J05-U11,KERNEL,INFO,iar 00106228 dear 0244c21c,E70,iar <*> dear <*>,0.1,Normal,0
BGL,1544,03-11-2005 22:49,43,R64-M1-N5-C:J10-U11,KERNEL,INFO,iar 001061dc dear 0244c22c,E70,iar <*> dear <*>,0.1,Normal,0
BGL,1545,03-11-2005 22:49,2,R64-M1-N9-C:J15-U11,KERNEL,INFO,iar 001061dc dear 0244c22c,E70,iar <*> dear <*>,0.1,Normal,0
BGL,1546,03-11-2005 22:50,49,R60-M0-N1-C:J14-U01,KERNEL,INFO,iar 001061dc dear 0244c25c,E70,iar <*> dear <*>,0.1,Normal,0
BGL,1547,03-11-2005 22:50,10,R61-M0-N9-C:J04-U01,KERNEL,INFO,iar 001061dc dear 0244c22c,E70,iar <*> dear <*>,0.1,Normal,0
BGL,1548,03-11-2005 22:50,20,R66-M1-N8-C:J12-U01,KERNEL,INFO,iar 00106228 dear 0244c1ec,E70,iar <*> dear <*>,0.1,Normal,0
BGL,1549,03-11-2005 22:51,67,R65-M0-N1-C:J04-U01,KERNEL,INFO,iar 00106210 dear 0244c20c,E70,iar <*> dear <*>,0.1,Normal,0
BGL,1550,03-11-2005 22:51,3,R67-M0-ND-C:J03-U01,KERNEL,INFO,iar 00106228 dear 0244c1ec,E70,iar <*> dear <*>,0.1,Normal,0
BGL,1551,03-11-2005 22:53,69,R66-M0-N5-C:J04-U11,KERNEL,INFO,iar 001061dc dear 0244c22c,E70,iar <*> dear <*>,0.1,Normal,0
BGL,1552,03-11-2005 22:53,11,R64-M1-N7-C:J16-U11,KERNEL,INFO,iar 00105ea0 dear 0244c28c,E70,iar <*> dear <*>,0.1,Normal,0
BGL,1553,03-11-2005 22:53,10,R60-M1-NF-C:J12-U11,KERNEL,INFO,iar 00105e94 dear 02f5883c,E70,iar <*> dear <*>,0.1,Normal,0
BGL,1554,03-11-2005 22:53,8,R66-M0-N8-C:J11-U01,KERNEL,INFO,iar 001061dc dear 0244c22c,E70,iar <*> dear <*>,0.1,Normal,0
BGL,1555,03-11-2005 22:54,60,R65-M0-N4-C:J11-U11,KERNEL,INFO,iar 001061dc dear 0244c28c,E70,iar <*> dear <*>,0.1,Normal,0
BGL,1556,03-11-2005 23:05,665,R66-M1-N3-C:J06-U11,KERNEL,INFO,640764 floating point alignment exceptions,E4,<*> floating point alignment exceptions,0.1,Normal,0
BGL,1557,03-11-2005 23:05,16,R67-M0-N8-C:J02-U01,KERNEL,INFO,640404 floating point alignment exceptions,E4,<*> floating point alignment exceptions,0.1,Normal,0
BGL,1558,03-11-2005 23:06,51,R66-M0-N5-C:J12-U11,KERNEL,INFO,640404 floating point alignment exceptions,E4,<*> floating point alignment exceptions,0.1,Normal,0
BGL,1559,03-11-2005 23:07,35,R67-M0-NC-C:J16-U01,KERNEL,INFO,iar 00106210 dear 0244c20c,E70,iar <*> dear <*>,0.1,Normal,0
BGL,1560,03-11-2005 23:07,7,R66-M0-NC-C:J13-U01,KERNEL,INFO,iar 00106210 dear 0244c1dc,E70,iar <*> dear <*>,0.1,Normal,0
BGL,1561,03-11-2005 23:08,32,R67-M1-ND-C:J10-U11,KERNEL,INFO,iar 00106228 dear 0244c21c,E70,iar <*> dear <*>,0.1,Normal,0
BGL,1562,03-11-2005 23:08,25,R66-M1-N5-C:J14-U11,KERNEL,INFO,iar 00106210 dear 0244c1dc,E70,iar <*> dear <*>,0.1,Normal,0
BGL,1563,03-11-2005 23:10,93,R66-M0-N0-C:J07-U01,KERNEL,INFO,iar 001061dc dear 0244c25c,E70,iar <*> dear <*>,0.1,Normal,0
BGL,1564,03-11-2005 23:10,43,R66-M1-N9-C:J03-U11,KERNEL,INFO,iar 001061dc dear 0244c22c,E70,iar <*> dear <*>,0.1,Normal,0
BGL,1565,03-11-2005 23:12,86,R66-M1-N0-C:J17-U01,KERNEL,INFO,iar 00106228 dear 0244c21c,E70,iar <*> dear <*>,0.1,Normal,0
BGL,1566,03-11-2005 23:13,64,R66-M0-N4-C:J02-U01,KERNEL,INFO,iar 001061dc dear 0244c28c,E70,iar <*> dear <*>,0.1,Normal,0
BGL,1567,03-11-2005 23:13,13,R67-M0-N5-C:J04-U11,KERNEL,INFO,iar 001061dc dear 0244c28c,E70,iar <*> dear <*>,0.1,Normal,0
BGL,1568,03-11-2005 23:13,29,R66-M1-ND-C:J14-U11,KERNEL,INFO,iar 00106210 dear 0244c23c,E70,iar <*> dear <*>,0.1,Normal,0
BGL,1569,03-11-2005 23:14,17,R67-M1-N8-C:J16-U01,KERNEL,INFO,iar 00106210 dear 0244c23c,E70,iar <*> dear <*>,0.1,Normal,0
BGL,1570,03-11-2005 23:14,5,R66-M0-N4-C:J16-U01,KERNEL,INFO,iar 00106210 dear 0244c26c,E70,iar <*> dear <*>,0.1,Normal,0
BGL,1571,03-11-2005 23:15,45,R67-M0-N2-C:J07-U11,KERNEL,INFO,iar 00106228 dear 0244c24c,E70,iar <*> dear <*>,0.1,Normal,0
BGL,1572,03-11-2005 23:15,41,R67-M1-N8-C:J10-U11,KERNEL,INFO,iar 00106228 dear 0244c27c,E70,iar <*> dear <*>,0.1,Normal,0
BGL,1573,03-11-2005 23:15,13,R67-M1-N0-C:J09-U11,KERNEL,INFO,iar 00106228 dear 0244c27c,E70,iar <*> dear <*>,0.1,Normal,0
BGL,1574,03-11-2005 23:16,17,R67-M0-N1-C:J03-U11,KERNEL,INFO,iar 00106228 dear 0244c27c,E70,iar <*> dear <*>,0.1,Normal,0
BGL,1575,03-11-2005 23:22,348,R67-M1-NA-C:J13-U01,KERNEL,INFO,iar 00106568 dear 02494bbc,E70,iar <*> dear <*>,0.1,Normal,0
BGL,1576,03-11-2005 23:22,8,R67-M1-NF-C:J10-U01,KERNEL,INFO,487476 floating point alignment exceptions,E4,<*> floating point alignment exceptions,0.1,Normal,0
BGL,1577,03-11-2005 23:22,27,R66-M1-NB-C:J17-U01,KERNEL,INFO,487476 floating point alignment exceptions,E4,<*> floating point alignment exceptions,0.1,Normal,0
BGL,1578,03-11-2005 23:23,39,R67-M1-NA-C:J03-U11,KERNEL,INFO,iar 00106580 dear 02494bcc,E70,iar <*> dear <*>,0.1,Normal,0
BGL,1579,03-11-2005 23:23,6,R67-M0-N6-C:J04-U01,KERNEL,INFO,iar 00106568 dear 02494bbc,E70,iar <*> dear <*>,0.1,Normal,0
BGL,1580,03-11-2005 23:24,66,R67-M0-N1-C:J11-U01,KERNEL,INFO,iar 00106580 dear 02494bcc,E70,iar <*> dear <*>,0.1,Normal,0
BGL,1581,03-11-2005 23:24,16,R66-M0-NA-C:J03-U11,KERNEL,INFO,iar 00106534 dear 02494c0c,E70,iar <*> dear <*>,0.1,Normal,0
BGL,1582,03-11-2005 23:25,35,R66-M0-N7-C:J08-U01,KERNEL,INFO,iar 00106534 dear 02494c0c,E70,iar <*> dear <*>,0.1,Normal,0
BGL,1583,03-11-2005 23:26,68,R67-M0-N6-C:J03-U11,KERNEL,INFO,iar 00106580 dear 02494bfc,E70,iar <*> dear <*>,0.1,Normal,0
BGL,1584,03-11-2005 23:27,42,R66-M1-NA-C:J15-U11,KERNEL,INFO,iar 00106568 dear 02494bec,E70,iar <*> dear <*>,0.1,Normal,0
BGL,1585,03-11-2005 23:27,2,R66-M1-ND-C:J12-U11,KERNEL,INFO,iar 00106568 dear 02494bec,E70,iar <*> dear <*>,0.1,Normal,0
BGL,1586,03-11-2005 23:28,106,R67-M0-N4-C:J10-U01,KERNEL,INFO,iar 00106534 dear 02494c3c,E70,iar <*> dear <*>,0.1,Normal,0
BGL,1587,03-11-2005 23:28,2,R67-M0-N0-C:J08-U11,KERNEL,INFO,iar 00106580 dear 02494bfc,E70,iar <*> dear <*>,0.1,Normal,0
BGL,1588,03-11-2005 23:30,94,R67-M1-N8-C:J09-U11,KERNEL,INFO,iar 00106534 dear 02494c3c,E70,iar <*> dear <*>,0.1,Normal,0
BGL,1589,03-11-2005 23:30,11,R66-M1-NC-C:J04-U11,KERNEL,INFO,iar 00106534 dear 02494c3c,E70,iar <*> dear <*>,0.1,Normal,0
BGL,1590,03-11-2005 23:32,95,R67-M1-NA-C:J03-U11,KERNEL,INFO,iar 00106580 dear 02494c2c,E70,iar <*> dear <*>,0.1,Normal,0
BGL,1591,03-11-2005 23:33,67,R67-M0-N0-C:J03-U01,KERNEL,INFO,iar 00106580 dear 02494c2c,E70,iar <*> dear <*>,0.1,Normal,0
BGL,1592,03-11-2005 23:44,674,R61-M0-N8-C:J03-U01,KERNEL,INFO,2354412 floating point alignment exceptions,E4,<*> floating point alignment exceptions,0.1,Normal,0
BGL,1593,03-11-2005 23:45,33,R60-M0-NA-C:J13-U01,KERNEL,INFO,iar 00106568 dear 045e140c,E70,iar <*> dear <*>,0.1,Normal,0
BGL,1594,03-11-2005 23:46,79,R65-M1-N4-C:J10-U01,KERNEL,INFO,iar 00106580 dear 045e141c,E70,iar <*> dear <*>,0.1,Normal,0
BGL,1595,03-11-2005 23:48,101,R60-M0-N1-C:J04-U01,KERNEL,INFO,iar 00106580 dear 045e141c,E70,iar <*> dear <*>,0.1,Normal,0
BGL,1596,03-11-2005 23:48,39,R65-M0-N8-C:J15-U01,KERNEL,INFO,iar 00106580 dear 045e141c,E70,iar <*> dear <*>,0.1,Normal,0
BGL,1597,03-11-2005 23:49,51,R64-M1-N3-C:J05-U11,KERNEL,INFO,iar 00106534 dear 045e145c,E70,iar <*> dear <*>,0.1,Normal,0
BGL,1598,03-11-2005 23:50,45,R62-M0-N3-C:J14-U01,KERNEL,INFO,iar 00106568 dear 045e147c,E70,iar <*> dear <*>,0.1,Normal,0
BGL,1599,03-11-2005 23:50,10,R62-M0-N9-C:J12-U01,KERNEL,INFO,iar 00106580 dear 045e148c,E70,iar <*> dear <*>,0.1,Normal,0
BGL,1600,04-11-2005 00:17,1609,R51-M1-NA-C:J17-U11,KERNEL,INFO,2354412 floating point alignment exceptions,E4,<*> floating point alignment exceptions,0.1,Normal,0
BGL,1601,04-11-2005 00:18,84,R56-M0-N7-C:J02-U01,KERNEL,INFO,2354412 floating point alignment exceptions,E4,<*> floating point alignment exceptions,0.1,Normal,0
BGL,1602,04-11-2005 00:20,96,R42-M0-N0-C:J14-U01,KERNEL,INFO,2354412 floating point alignment exceptions,E4,<*> floating point alignment exceptions,0.1,Normal,0
BGL,1603,04-11-2005 00:21,51,R41-M1-NE-C:J13-U11,KERNEL,INFO,2354412 floating point alignment exceptions,E4,<*> floating point alignment exceptions,0.1,Normal,0
BGL,1604,04-11-2005 00:22,74,R41-M0-N9-C:J16-U11,KERNEL,INFO,2354412 floating point alignment exceptions,E4,<*> floating point alignment exceptions,0.1,Normal,0
BGL,1605,04-11-2005 00:22,26,R41-M0-N5-C:J06-U01,KERNEL,INFO,2354412 floating point alignment exceptions,E4,<*> floating point alignment exceptions,0.1,Normal,0
BGL,1606,04-11-2005 00:23,7,R54-M1-N2-C:J06-U01,KERNEL,INFO,2354412 floating point alignment exceptions,E4,<*> floating point alignment exceptions,0.1,Normal,0
BGL,1607,04-11-2005 00:25,169,R51-M1-NA-C:J05-U01,KERNEL,INFO,2354412 floating point alignment exceptions,E4,<*> floating point alignment exceptions,0.1,Normal,0
BGL,1608,04-11-2005 00:29,196,R02-M1-NE-C:J02-U11,KERNEL,INFO,2354412 floating point alignment exceptions,E4,<*> floating point alignment exceptions,0.1,Normal,0
BGL,1609,04-11-2005 00:29,18,R12-M0-NB-C:J13-U01,KERNEL,INFO,2354412 floating point alignment exceptions,E4,<*> floating point alignment exceptions,0.1,Normal,0
BGL,1610,04-11-2005 00:31,147,R27-M1-N2-C:J10-U01,KERNEL,INFO,2354412 floating point alignment exceptions,E4,<*> floating point alignment exceptions,0.1,Normal,0
BGL,1611,04-11-2005 00:35,203,R06-M1-N0-C:J12-U01,KERNEL,INFO,2354412 floating point alignment exceptions,E4,<*> floating point alignment exceptions,0.1,Normal,0
BGL,1612,04-11-2005 00:45,623,R36-M1-N2-C:J08-U11,KERNEL,INFO,2354412 floating point alignment exceptions,E4,<*> floating point alignment exceptions,0.1,Normal,0
BGL,1613,04-11-2005 00:49,200,R25-M1-N5-C:J16-U01,KERNEL,INFO,2354412 floating point alignment exceptions,E4,<*> floating point alignment exceptions,0.1,Normal,0
BGL,1614,04-11-2005 01:11,1351,R36-M1-NB-C:J09-U01,KERNEL,INFO,62500 floating point alignment exceptions,E4,<*> floating point alignment exceptions,0.1,Normal,0
BGL,1615,04-11-2005 01:13,97,R24-M1-ND-C:J12-U11,KERNEL,INFO,62500 floating point alignment exceptions,E4,<*> floating point alignment exceptions,0.1,Normal,0
BGL,1616,04-11-2005 01:33,1193,R35-M1-NF-C:J13-U01,KERNEL,INFO,62500 floating point alignment exceptions,E4,<*> floating point alignment exceptions,0.1,Normal,0
BGL,1617,04-11-2005 16:58,55544,R62-M0-N1-C:J08-U11,KERNEL,INFO,iar 00106570 dear 0245a10c,E70,iar <*> dear <*>,0.1,Normal,0
BGL,1618,04-11-2005 16:59,63,R62-M0-N6-C:J03-U01,KERNEL,INFO,iar 001061fc dear 02f6676c,E70,iar <*> dear <*>,0.1,Normal,0
BGL,1619,04-11-2005 17:00,48,R62-M0-NB-C:J09-U11,KERNEL,INFO,iar 00106588 dear 0245a17c,E70,iar <*> dear <*>,0.1,Normal,0
BGL,1620,04-11-2005 17:30,1820,R62-M0-NE-C:J08-U01,KERNEL,INFO,iar 0010662c dear 0245ccfc,E70,iar <*> dear <*>,0.1,Normal,0
BGL,1621,04-11-2005 17:31,62,R62-M0-N0-C:J14-U01,KERNEL,INFO,iar 00106bd8 dear 0245ce0c,E70,iar <*> dear <*>,0.1,Normal,0
BGL,1622,04-11-2005 17:32,24,R62-M0-N4-C:J12-U11,KERNEL,INFO,iar 00106834 dear 0245ccfc,E70,iar <*> dear <*>,0.1,Normal,0
BGL,1623,04-11-2005 17:38,389,R62-M0-NE-C:J15-U01,KERNEL,INFO,iar 00106bd8 dear 0245cd8c,E70,iar <*> dear <*>,0.1,Normal,0
BGL,1624,04-11-2005 17:39,22,R62-M0-N2-C:J11-U11,KERNEL,INFO,iar 0010682c dear 0245ccfc,E70,iar <*> dear <*>,0.1,Normal,0
BGL,1625,04-11-2005 17:39,35,R62-M0-N8-C:J13-U11,KERNEL,INFO,iar 00106b8c dear 0245ce8c,E70,iar <*> dear <*>,0.1,Normal,0
BGL,1626,04-11-2005 17:40,49,R62-M0-N6-C:J10-U01,KERNEL,INFO,iar 00106bc0 dear 0245cd7c,E70,iar <*> dear <*>,0.1,Normal,0
BGL,1627,04-11-2005 17:42,106,R62-M0-NB-C:J16-U11,KERNEL,INFO,iar 00106bd8 dear 0245cd9c,E70,iar <*> dear <*>,0.1,Normal,0
BGL,1628,04-11-2005 17:42,4,R62-M0-N1-C:J02-U01,KERNEL,INFO,iar 00106bd8 dear 0245ceec,E70,iar <*> dear <*>,0.1,Normal,0
BGL,1629,04-11-2005 17:42,30,R62-M0-ND-C:J09-U01,KERNEL,INFO,iar 0010681c dear 02f692fc,E70,iar <*> dear <*>,0.1,Normal,0
BGL,1630,04-11-2005 17:43,22,R62-M0-NA-C:J15-U11,KERNEL,INFO,iar 00106b8c dear 0245cf5c,E70,iar <*> dear <*>,0.1,Normal,0
BGL,1631,04-11-2005 17:43,15,R62-M0-N6-C:J09-U11,KERNEL,INFO,iar 00106bc0 dear 0245cdec,E70,iar <*> dear <*>,0.1,Normal,0
BGL,1632,04-11-2005 17:50,418,R62-M0-N2-C:J14-U01,KERNEL,INFO,iar 00106600 dear 0245ccfc,E70,iar <*> dear <*>,0.1,Normal,0
BGL,1633,04-11-2005 17:51,66,R62-M0-N1-C:J02-U11,KERNEL,INFO,iar 00106bd8 dear 0245cf0c,E70,iar <*> dear <*>,0.1,Normal,0
BGL,1634,04-11-2005 17:51,7,R62-M0-N6-C:J16-U01,KERNEL,INFO,iar 00106834 dear 0245cd0c,E70,iar <*> dear <*>,0.1,Normal,0
BGL,1635,04-11-2005 17:52,30,R62-M0-N6-C:J15-U11,KERNEL,INFO,iar 00106bd8 dear 0245cf3c,E70,iar <*> dear <*>,0.1,Normal,0
BGL,1636,04-11-2005 17:52,2,R62-M0-N2-C:J07-U01,KERNEL,INFO,iar 0010686c dear 02f6930c,E70,iar <*> dear <*>,0.1,Normal,0
BGL,1637,04-11-2005 17:52,9,R62-M0-NC-C:J04-U01,KERNEL,INFO,iar 0010686c dear 02f6951c,E70,iar <*> dear <*>,0.1,Normal,0
BGL,1638,04-11-2005 17:59,439,R62-M0-N9-C:J08-U11,KERNEL,INFO,45684 floating point alignment exceptions,E4,<*> floating point alignment exceptions,0.1,Normal,0
BGL,1639,04-11-2005 18:00,21,R62-M0-N1-C:J10-U01,KERNEL,INFO,iar 00106704 dear 0245b80c,E70,iar <*> dear <*>,0.1,Normal,0
BGL,1640,04-11-2005 18:00,5,R62-M0-NF-C:J03-U01,KERNEL,INFO,iar 0010639c dear 0245b71c,E70,iar <*> dear <*>,0.1,Normal,0
BGL,1641,04-11-2005 18:00,45,R62-M0-N9-C:J10-U11,KERNEL,INFO,iar 00106704 dear 0245b83c,E70,iar <*> dear <*>,0.1,Normal,0
BGL,1642,04-11-2005 18:01,10,R62-M0-N8-C:J14-U01,KERNEL,INFO,iar 00106704 dear 0245d57c,E70,iar <*> dear <*>,0.1,Normal,0
BGL,1643,04-11-2005 18:01,41,R62-M0-NB-C:J12-U01,KERNEL,INFO,iar 001063a0 dear 02f67e4c,E70,iar <*> dear <*>,0.1,Normal,0
BGL,1644,04-11-2005 18:01,5,R62-M0-ND-C:J12-U11,KERNEL,INFO,iar 001064fc dear 0245b64c,E70,iar <*> dear <*>,0.1,Normal,0
BGL,1645,04-11-2005 18:01,6,R62-M0-N6-C:J05-U11,KERNEL,INFO,iar 0010671c dear 0245b72c,E70,iar <*> dear <*>,0.1,Normal,0
BGL,1646,04-11-2005 18:05,224,R62-M0-NC-C:J11-U01,KERNEL,INFO,16604010 floating point alignment exceptions,E4,<*> floating point alignment exceptions,0.1,Normal,0
BGL,1647,04-11-2005 18:05,0,R62-M0-NC-C:J06-U11,KERNEL,INFO,16469355 floating point alignment exceptions,E4,<*> floating point alignment exceptions,0.1,Normal,0
BGL,1648,04-11-2005 18:06,17,R62-M0-N7-C:J05-U11,KERNEL,INFO,iar 00106390 dear 02f67cfc,E70,iar <*> dear <*>,0.1,Normal,0
BGL,1649,04-11-2005 18:06,5,R62-M0-N0-C:J13-U11,KERNEL,INFO,iar 00106704 dear 0245b6bc,E70,iar <*> dear <*>,0.1,Normal,0
BGL,1650,04-11-2005 18:06,23,R62-M0-N4-C:J16-U11,KERNEL,INFO,iar 00106168 dear 0245b64c,E70,iar <*> dear <*>,0.1,Normal,0
BGL,1651,04-11-2005 18:06,21,R62-M0-N4-C:J04-U01,KERNEL,INFO,iar 0010635c dear 0245b62c,E70,iar <*> dear <*>,0.1,Normal,0
BGL,1652,04-11-2005 18:06,4,R62-M0-NE-C:J13-U01,KERNEL,INFO,iar 00106704 dear 0245b77c,E70,iar <*> dear <*>,0.1,Normal,0
BGL,1653,04-11-2005 18:07,59,R62-M0-NE-C:J02-U11,KERNEL,INFO,iar 001064fc dear 0245b64c,E70,iar <*> dear <*>,0.1,Normal,0
BGL,1654,04-11-2005 18:14,378,R62-M0-N4-C:J03-U01,KERNEL,INFO,16736445 floating point alignment exceptions,E4,<*> floating point alignment exceptions,0.1,Normal,0
BGL,1655,04-11-2005 18:14,11,R62-M0-N7-C:J16-U01,KERNEL,INFO,iar 001061cc dear 02f6667c,E70,iar <*> dear <*>,0.1,Normal,0
BGL,1656,04-11-2005 18:14,13,R62-M0-N9-C:J08-U11,KERNEL,INFO,iar 00105fd4 dear 0245a09c,E70,iar <*> dear <*>,0.1,Normal,0
BGL,1657,04-11-2005 18:14,9,R62-M0-N4-C:J14-U01,KERNEL,INFO,iar 00105fd4 dear 0245a09c,E70,iar <*> dear <*>,0.1,Normal,0
BGL,1658,04-11-2005 18:15,21,R62-M0-N0-C:J17-U01,KERNEL,INFO,iar 001061e4 dear 0245a09c,E70,iar <*> dear <*>,0.1,Normal,0
BGL,1659,04-11-2005 18:15,21,R62-M0-N0-C:J16-U01,KERNEL,INFO,iar 001061ec dear 02f6668c,E70,iar <*> dear <*>,0.1,Normal,0
BGL,1660,04-11-2005 18:16,44,R62-M0-N7-C:J06-U01,KERNEL,INFO,iar 001061ec dear 02f6668c,E70,iar <*> dear <*>,0.1,Normal,0
BGL,1661,04-11-2005 18:40,1477,R62-M0-N6-C:J16-U11,KERNEL,INFO,74350836 floating point alignment exceptions,E4,<*> floating point alignment exceptions,0.1,Normal,0
BGL,1662,04-11-2005 18:41,70,R62-M0-NC-C:J15-U11,KERNEL,INFO,iar 0010650c dear 0246a95c,E70,iar <*> dear <*>,0.1,Normal,0
BGL,1663,04-11-2005 18:55,836,R62-M0-NC-C:J05-U01,KERNEL,INFO,iar 00106988 dear 02f7bd6c,E70,iar <*> dear <*>,0.1,Normal,0
BGL,1664,04-11-2005 18:56,41,R62-M0-N0-C:J15-U01,KERNEL,INFO,iar 00106cf8 dear 0246f9fc,E70,iar <*> dear <*>,0.1,Normal,0
BGL,1665,04-11-2005 19:11,908,R63-M0-N8-C:J03-U11,KERNEL,INFO,54004554 floating point alignment exceptions,E4,<*> floating point alignment exceptions,0.1,Normal,0
BGL,1666,04-11-2005 19:12,52,R63-M0-NE-C:J11-U11,KERNEL,INFO,iar 001069a8 dear 02f7bd7c,E70,iar <*> dear <*>,0.1,Normal,0
BGL,1667,04-11-2005 21:33,8434,R63-M0-N8-C:J16-U11,KERNEL,INFO,iar 001066ac dear 0252524c,E70,iar <*> dear <*>,0.1,Normal,0
BGL,1668,04-11-2005 21:33,13,R63-M0-ND-C:J15-U01,KERNEL,INFO,iar 001066c4 dear 0252528c,E70,iar <*> dear <*>,0.1,Normal,0
BGL,1669,04-11-2005 21:53,1199,R63-M0-NB-C:J05-U11,KERNEL,INFO,iar 001066c4 dear 025251fc,E70,iar <*> dear <*>,0.1,Normal,0
BGL,1670,04-11-2005 21:53,6,R63-M0-N3-C:J16-U11,KERNEL,INFO,iar 00106678 dear 0252523c,E70,iar <*> dear <*>,0.1,Normal,0
BGL,1671,04-11-2005 22:05,697,R62-M0-N1-C:J04-U01,KERNEL,INFO,iar 001007b8 dear 065b4c7c,E70,iar <*> dear <*>,0.1,Normal,0
BGL,1672,04-11-2005 22:05,24,R62-M0-NB-C:J02-U01,KERNEL,INFO,iar 001007a8 dear 065b4cac,E70,iar <*> dear <*>,0.1,Normal,0
BGL,1673,04-11-2005 22:09,253,R60-M1-N0-I:J18-U01,KERNEL,INFO,ciod: generated 128 core files for program /g/g20/valone1/SPaSM-shock/SPaSM_mpi,E34,ciod: generated <*> core files for program <*>,0.1,Normal,0
BGL,1674,04-11-2005 22:12,174,R62-M0-NC-C:J16-U01,KERNEL,INFO,iar 001066ac dear 0252523c,E70,iar <*> dear <*>,0.1,Normal,0
BGL,1675,04-11-2005 22:12,24,R62-M0-N4-C:J15-U11,KERNEL,INFO,iar 001066c4 dear 0252527c,E70,iar <*> dear <*>,0.1,Normal,0
BGL,1676,04-11-2005 22:19,390,R62-M0-N0-C:J04-U11,KERNEL,INFO,iar 001066c4 dear 0252523c,E70,iar <*> dear <*>,0.1,Normal,0
BGL,1677,04-11-2005 22:20,44,R62-M0-NC-C:J06-U11,KERNEL,INFO,iar 001066ac dear 025252bc,E70,iar <*> dear <*>,0.1,Normal,0
BGL,1678,04-11-2005 22:20,6,R62-M0-N5-C:J16-U11,KERNEL,INFO,iar 001066c4 dear 0252529c,E70,iar <*> dear <*>,0.1,Normal,0
BGL,1679,04-11-2005 23:33,4400,R63-M0-NF-C:J05-U01,KERNEL,INFO,2667384 floating point alignment exceptions,E4,<*> floating point alignment exceptions,0.1,Normal,0
BGL,1680,04-11-2005 23:33,10,R63-M0-N1-C:J05-U11,KERNEL,INFO,iar 00106570 dear 0245a5bc,E70,iar <*> dear <*>,0.1,Normal,0
BGL,1681,04-11-2005 23:34,24,R63-M0-N1-C:J16-U01,KERNEL,INFO,iar 00106570 dear 0245a5ec,E70,iar <*> dear <*>,0.1,Normal,0
BGL,1682,04-11-2005 23:34,22,R63-M0-N4-C:J05-U11,KERNEL,INFO,iar 0010653c dear 0245a63c,E70,iar <*> dear <*>,0.1,Normal,0
BGL,1683,04-11-2005 23:50,976,R63-M0-N0-C:J03-U01,KERNEL,INFO,407736 floating point alignment exceptions,E4,<*> floating point alignment exceptions,0.1,Normal,0
BGL,1684,04-11-2005 23:53,186,R63-M0-N7-C:J09-U01,KERNEL,INFO,428412 floating point alignment exceptions,E4,<*> floating point alignment exceptions,0.1,Normal,0
BGL,1685,04-11-2005 23:54,11,R63-M0-N4-C:J02-U01,KERNEL,INFO,441348 floating point alignment exceptions,E4,<*> floating point alignment exceptions,0.1,Normal,0
BGL,1686,04-11-2005 23:54,36,R63-M0-N0-C:J17-U01,KERNEL,INFO,iar 001061d4 dear 024696cc,E70,iar <*> dear <*>,0.1,Normal,0
BGL,1687,04-11-2005 23:54,4,R63-M0-N2-C:J03-U11,KERNEL,INFO,iar 00106348 dear 024696bc,E70,iar <*> dear <*>,0.1,Normal,0
BGL,1688,04-11-2005 23:54,10,R63-M0-NF-C:J08-U11,KERNEL,INFO,iar 00106204 dear 02f75edc,E70,iar <*> dear <*>,0.1,Normal,0
BGL,1689,05-11-2005 02:02,7635,R45-M1-NA-C:J11-U01,KERNEL,INFO,"CE sym 21, at 0x111d8c60, mask 0x01",E18,"CE sym <*>, at <*>, mask <*>",0.1,Normal,0
BGL,1690,05-11-2005 04:01,7152,R63-M0-N3-C:J02-U11,KERNEL,INFO,instruction cache parity error corrected,E77,instruction cache parity error corrected,0.1,Normal,0
BGL,1691,05-11-2005 15:57,42968,R17-M0-N8-C:J05-U01,KERNEL,INFO,"CE sym 34, at 0x11e7ed80, mask 0x80",E18,"CE sym <*>, at <*>, mask <*>",0.1,Normal,0
BGL,1692,05-11-2005 19:24,12432,R11-M1-N4-C:J03-U01,KERNEL,INFO,"2 ddr errors(s) detected and corrected on rank 0, symbol 18, bit 6",E2,"<*> ddr errors(s) detected and corrected on rank <*>, symbol <*>, bit <*>",0.1,Normal,0
BGL,1693,07-11-2005 07:08,128603,R63-M0-N3-C:J02-U11,KERNEL,INFO,instruction cache parity error corrected,E77,instruction cache parity error corrected,0.1,Normal,0
BGL,1694,07-11-2005 12:32,19444,R50-M0-N4-I:J18-U01,APP,FATAL,"ciod: Error loading /bgl/apps/followup/RAPTOR/pre-study/raptor.newcomp.r1: invalid or missing program image, Permission denied",E26,"ciod: Error loading /<*>: invalid or missing program image, Permission denied",0.1,Normal,0
BGL,1695,07-11-2005 12:34,151,R60-M0-N0-I:J18-U01,APP,FATAL,"ciod: Error loading /bgl/apps/followup/RAPTOR/pre-study/raptor.newcomp.r1: invalid or missing program image, Permission denied",E26,"ciod: Error loading /<*>: invalid or missing program image, Permission denied",0.1,Normal,0
BGL,1696,08-11-2005 00:13,41901,R63-M0-N6-C:J15-U01,KERNEL,INFO,iar 00105e88 dear 02f6436c,E70,iar <*> dear <*>,0.1,Normal,0
BGL,1697,08-11-2005 00:13,48,R63-M0-N9-C:J10-U01,KERNEL,INFO,iar 00105e84 dear 0244f29c,E70,iar <*> dear <*>,0.1,Normal,0
BGL,1698,08-11-2005 14:06,49958,R74-M0-N1-C:J05-U01,KERNEL,INFO,"CE sym 30, at 0x042358a0, mask 0x20",E18,"CE sym <*>, at <*>, mask <*>",0.1,Normal,0
BGL,1699,08-11-2005 17:13,11239,R27-M0-N0-I:J18-U11,KERNEL,INFO,ciod: generated 128 core files for program /g/g24/germann2/BGL-demo/SPaSM_mpi,E34,ciod: generated <*> core files for program <*>,0.1,Normal,0
BGL,1700,08-11-2005 18:09,3326,R62-M0-N2-C:J13-U11,KERNEL,INFO,iar 001061e8 dear 0247012c,E70,iar <*> dear <*>,0.1,Normal,0
BGL,1701,08-11-2005 18:09,24,R62-M0-NA-C:J04-U11,KERNEL,INFO,iar 001061e8 dear 0247015c,E70,iar <*> dear <*>,0.1,Normal,0
BGL,1702,08-11-2005 18:09,7,R62-M0-NA-C:J09-U01,KERNEL,INFO,iar 00106200 dear 0247016c,E70,iar <*> dear <*>,0.1,Normal,0
BGL,1703,08-11-2005 18:09,7,R62-M0-NE-C:J03-U11,KERNEL,INFO,iar 001061b4 dear 024701dc,E70,iar <*> dear <*>,0.1,Normal,0
BGL,1704,08-11-2005 18:16,380,R62-M0-N4-C:J11-U11,KERNEL,INFO,iar 001061e8 dear 0247015c,E70,iar <*> dear <*>,0.1,Normal,0
BGL,1705,08-11-2005 18:16,31,R62-M0-NC-C:J14-U01,KERNEL,INFO,iar 00106200 dear 0247019c,E70,iar <*> dear <*>,0.1,Normal,0
BGL,1706,08-11-2005 18:16,3,R62-M0-NE-C:J09-U01,KERNEL,INFO,iar 00105e84 dear 024701dc,E70,iar <*> dear <*>,0.1,Normal,0
BGL,1707,08-11-2005 18:17,20,R62-M0-N1-C:J10-U01,KERNEL,INFO,iar 00106200 dear 0247019c,E70,iar <*> dear <*>,0.1,Normal,0
BGL,1708,08-11-2005 18:24,467,R62-M0-NB-C:J12-U01,KERNEL,INFO,iar 001061e8 dear 0247015c,E70,iar <*> dear <*>,0.1,Normal,0
BGL,1709,08-11-2005 18:25,52,R62-M0-N8-C:J16-U01,KERNEL,INFO,iar 001061e8 dear 0247018c,E70,iar <*> dear <*>,0.1,Normal,0
BGL,1710,08-11-2005 19:18,3179,R62-M0-N9-C:J09-U11,KERNEL,INFO,iar 001061e8 dear 0247015c,E70,iar <*> dear <*>,0.1,Normal,0
BGL,1711,08-11-2005 19:18,5,R62-M0-N8-C:J06-U11,KERNEL,INFO,iar 001061e8 dear 0247012c,E70,iar <*> dear <*>,0.1,Normal,0
BGL,1712,08-11-2005 19:18,11,R62-M0-N2-C:J05-U11,KERNEL,INFO,iar 001061b4 dear 0247017c,E70,iar <*> dear <*>,0.1,Normal,0
BGL,1713,08-11-2005 19:19,3,R62-M0-ND-C:J03-U11,KERNEL,INFO,iar 001061b4 dear 024701ac,E70,iar <*> dear <*>,0.1,Normal,0
BGL,1714,08-11-2005 19:19,2,R62-M0-N4-C:J14-U11,KERNEL,INFO,iar 001061b4 dear 0247017c,E70,iar <*> dear <*>,0.1,Normal,0
BGL,1715,08-11-2005 19:19,15,R62-M0-ND-C:J05-U01,KERNEL,INFO,iar 00106200 dear 0247019c,E70,iar <*> dear <*>,0.1,Normal,0
BGL,1716,08-11-2005 19:27,485,R63-M0-N3-C:J02-U11,KERNEL,INFO,iar 001061e8 dear 0247015c,E70,iar <*> dear <*>,0.1,Normal,0
BGL,1717,08-11-2005 19:27,17,R63-M0-NB-C:J06-U11,KERNEL,INFO,iar 001061b4 dear 0247017c,E70,iar <*> dear <*>,0.1,Normal,0
BGL,1718,08-11-2005 21:12,6285,R63-M0-N6-C:J13-U01,KERNEL,INFO,19220208 floating point alignment exceptions,E4,<*> floating point alignment exceptions,0.1,Normal,0
BGL,1719,09-11-2005 01:25,15177,R62-M0-N2-C:J09-U11,KERNEL,FATAL,"Error receiving packet on tree network, expecting type 57 instead of type 3 (softheader=00589370 90990003 00000002 00000000) PSR0=00001f01 PSR1=00000000 PRXF=00000002 PIXF=00000007",E60,"Error receiving packet on tree network, expecting type <*> instead of type <*> (softheader=<*> <*> <*> <*>) PSR0=<*> PSR1=<*> PRXF=<*> PIXF=<*>",0.9,Risk,2
BGL,1720,09-11-2005 08:40,26089,R62-M0-N4-C:J13-U01,KERNEL,FATAL,program interrupt: privileged instruction...0,E103,program interrupt: privileged instruction...<*>,0.1,Normal,0
BGL,1721,09-11-2005 23:39,53951,R62-M0-N1-C:J04-U11,KERNEL,INFO,iar 00106ba0 dear 0246de3c,E70,iar <*> dear <*>,0.1,Normal,0
BGL,1722,09-11-2005 23:45,378,R62-M0-N0-C:J02-U01,KERNEL,INFO,iar 00106b98 dear 0246dd9c,E70,iar <*> dear <*>,0.1,Normal,0
BGL,1723,09-11-2005 23:46,22,R62-M0-NC-C:J05-U11,KERNEL,INFO,iar 00106c0c dear 0246de1c,E70,iar <*> dear <*>,0.1,Normal,0
BGL,1724,10-11-2005 00:24,2332,R63-M0-NA-C:J09-U01,KERNEL,INFO,5302707 floating point alignment exceptions,E4,<*> floating point alignment exceptions,0.1,Normal,0
BGL,1725,10-11-2005 00:25,28,R63-M0-N8-C:J14-U11,KERNEL,INFO,iar 00106448 dear 0246dbbc,E70,iar <*> dear <*>,0.1,Normal,0
BGL,1726,10-11-2005 00:25,22,R63-M0-N5-C:J05-U11,KERNEL,INFO,iar 00106448 dear 0246db5c,E70,iar <*> dear <*>,0.1,Normal,0
BGL,1727,10-11-2005 00:25,1,R63-M0-N0-C:J03-U11,KERNEL,INFO,iar 00106448 dear 0246dbec,E70,iar <*> dear <*>,0.1,Normal,0
BGL,1728,10-11-2005 00:28,163,R61-M0-NB-C:J05-U01,KERNEL,INFO,"CE sym 25, at 0x10e1bce0, mask 0x40",E18,"CE sym <*>, at <*>, mask <*>",0.1,Normal,0
BGL,1729,10-11-2005 00:36,495,R63-M0-NF-C:J05-U11,KERNEL,INFO,iar 00106288 dear 02f7a0fc,E70,iar <*> dear <*>,0.1,Normal,0
BGL,1730,10-11-2005 02:47,7850,R63-M0-N6-C:J13-U01,KERNEL,INFO,iar 00113890 dear 0fee9c3c,E70,iar <*> dear <*>,0.1,Normal,0
BGL,1731,10-11-2005 02:47,14,R63-M0-N1-C:J07-U01,KERNEL,INFO,iar 00113898 dear 0fee9c4c,E70,iar <*> dear <*>,0.1,Normal,0
BGL,1732,10-11-2005 02:48,13,R63-M0-N4-C:J05-U11,KERNEL,INFO,iar 00113898 dear 0fee9c4c,E70,iar <*> dear <*>,0.1,Normal,0
BGL,1733,10-11-2005 05:46,10686,R51-M1-N4-C:J07-U01,KERNEL,INFO,5 torus receiver z+ input pipe error(s) (dcr 0x02f0) detected and corrected,E10,<*> torus receiver z+ input pipe error(s) (dcr <*>) detected and corrected,0.1,Normal,0
BGL,1734,10-11-2005 05:46,25,R45-M1-NA-C:J10-U01,KERNEL,INFO,"CE sym 9, at 0x12870760, mask 0x40",E18,"CE sym <*>, at <*>, mask <*>",0.1,Normal,0
BGL,1735,10-11-2005 12:07,22843,R22-M1-N1-C:J17-U11,KERNEL,INFO,3 L3 EDRAM error(s) (dcr 0x0157) detected and corrected,E5,<*> L3 EDRAM error(s) (dcr <*>) detected and corrected,0.1,Normal,0
BGL,1736,10-11-2005 12:07,3,R65-M0-N2-C:J05-U11,KERNEL,INFO,"CE sym 6, at 0x00e462c0, mask 0x02",E18,"CE sym <*>, at <*>, mask <*>",0.1,Normal,0
BGL,1737,10-11-2005 12:07,18,R61-M0-NB-C:J05-U01,KERNEL,INFO,"CE sym 25, at 0x00e19cc0, mask 0x10",E18,"CE sym <*>, at <*>, mask <*>",0.1,Normal,0
BGL,1738,10-11-2005 14:28,8467,R34-M1-N4-C:J10-U01,KERNEL,INFO,"2 ddr errors(s) detected and corrected on rank 0, symbol 4, bit 4",E2,"<*> ddr errors(s) detected and corrected on rank <*>, symbol <*>, bit <*>",0.1,Normal,0
BGL,1739,10-11-2005 20:11,20589,R21-M1-N3-C:J03-U11,KERNEL,INFO,"CE sym 15, at 0x1bb2fe80, mask 0x02",E18,"CE sym <*>, at <*>, mask <*>",0.1,Normal,0
BGL,1740,11-11-2005 03:38,26810,R63-M0-N6-C:J12-U11,KERNEL,FATAL,rts: kernel terminated for reason 1004,E111,rts: kernel terminated for reason <*>,0.9,Risk,2
BGL,1741,11-11-2005 07:03,12299,R63-M0-NF-C:J06-U01,KERNEL,INFO,iar 00106274 dear 0246da8c,E70,iar <*> dear <*>,0.1,Normal,0
BGL,1742,11-11-2005 07:04,20,R63-M0-N4-C:J04-U11,KERNEL,INFO,iar 00106448 dear 0246dacc,E70,iar <*> dear <*>,0.1,Normal,0
BGL,1743,11-11-2005 07:04,8,R63-M0-N3-C:J14-U11,KERNEL,INFO,iar 00106298 dear 02f7a18c,E70,iar <*> dear <*>,0.1,Normal,0
BGL,1744,11-11-2005 07:12,503,R63-M0-N5-C:J12-U01,KERNEL,INFO,488205 floating point alignment exceptions,E4,<*> floating point alignment exceptions,0.1,Normal,0
BGL,1745,11-11-2005 12:39,19640,R31-M0-N8-I:J18-U01,KERNEL,INFO,ciod: generated 128 core files for program /bgl/apps/followup/SPaSM_static/SPaSM_mpi.new_comp,E34,ciod: generated <*> core files for program <*>,0.1,Normal,0
BGL,1746,11-11-2005 14:45,7531,R02-M1-N4-C:J06-U01,KERNEL,INFO,"1 ddr errors(s) detected and corrected on rank 0, symbol 8, bit 7",E2,"<*> ddr errors(s) detected and corrected on rank <*>, symbol <*>, bit <*>",0.1,Normal,0
BGL,1747,12-11-2005 02:58,43979,R23-M1-N0-C:J08-U11,KERNEL,INFO,"CE sym 25, at 0x12127ee0, mask 0x10",E18,"CE sym <*>, at <*>, mask <*>",0.1,Normal,0
BGL,1748,15-11-2005 02:25,257221,R46-M1-NE-C:J14-U11,KERNEL,FATAL,rts: kernel terminated for reason 1004,E111,rts: kernel terminated for reason <*>,0.9,Risk,2
BGL,1749,15-11-2005 02:25,18,R46-M1-NF-C:J11-U01,KERNEL,FATAL,"Error receiving packet on tree network, expecting type 57 instead of type 3 (softheader=00ce22e8 e6200003 00000002 00000000) PSR0=00001f01 PSR1=00000000 PRXF=00000002 PIXF=00000007",E60,"Error receiving packet on tree network, expecting type <*> instead of type <*> (softheader=<*> <*> <*> <*>) PSR0=<*> PSR1=<*> PRXF=<*> PIXF=<*>",0.9,Risk,2
BGL,1750,15-11-2005 02:25,1,R46-M1-N1-C:J02-U01,KERNEL,FATAL,"Error receiving packet on tree network, expecting type 57 instead of type 3 (softheader=00ce22e8 e6200003 00000002 00000000) PSR0=20021f01 PSR1=00000000 PRXF=00000002 PIXF=00000007",E60,"Error receiving packet on tree network, expecting type <*> instead of type <*> (softheader=<*> <*> <*> <*>) PSR0=<*> PSR1=<*> PRXF=<*> PIXF=<*>",0.9,Risk,2
BGL,1751,15-11-2005 13:41,40541,R05-M0-NC-C:J04-U11,KERNEL,INFO,"critical input interrupt (unit=0x0b bit=0x0a): warning for torus z+ wire, suppressing further interrupts of same type",E46,"critical input interrupt (unit=<*> bit=<*>): warning for torus z+ wire, suppressing further interrupts of same type",0.1,Normal,0
BGL,1752,15-11-2005 15:04,4996,R17-M1-N0-I:J18-U01,KERNEL,INFO,ciod: generated 128 core files for program /bgl/apps/followup/SPaSM_static/SPaSM_mpi.rel2,E34,ciod: generated <*> core files for program <*>,0.1,Normal,0
BGL,1753,15-11-2005 15:53,2904,R34-M1-N4-I:J18-U01,KERNEL,INFO,ciod: generated 64 core files for program /bgl/apps/followup/hellow/a.out.1111,E34,ciod: generated <*> core files for program <*>,0.1,Normal,0
BGL,1754,15-11-2005 15:53,56,R15-M0-NC-I:J18-U11,KERNEL,INFO,ciod: generated 64 core files for program /bgl/apps/followup/hellow/a.out.1111,E34,ciod: generated <*> core files for program <*>,0.1,Normal,0
BGL,1755,15-11-2005 17:43,6558,R23-M0-N7,DISCOVERY,INFO,"Node card VPD check: U11 node in processor card slot J04 do not match. VPD ecid 04D58088CB2FFFFF08031C104CE9, found 04CA80D8012FFFFF08061A8094CB",E93,"Node card VPD check: U<*> node in processor card slot J<*> do not match. VPD ecid <*>, found <*>",0.1,Normal,0
BGL,1756,15-11-2005 17:49,355,R67-M1-NA,DISCOVERY,INFO,"Node card VPD check: U11 node in processor card slot J10 do not match. VPD ecid 07570DD8002FFFFF09031B7090E2, found 04D480D8482FFFFF0A071BA052DE",E93,"Node card VPD check: U<*> node in processor card slot J<*> do not match. VPD ecid <*>, found <*>",0.1,Normal,0
BGL,1757,16-11-2005 03:19,34216,R57-M0-NA-C:J13-U11,KERNEL,FATAL,rts: kernel terminated for reason 1004,E111,rts: kernel terminated for reason <*>,0.9,Risk,2
BGL,1758,16-11-2005 03:21,110,R57-M0-N8-C:J12-U01,KERNEL,FATAL,"Error receiving packet on tree network, expecting type 57 instead of type 3 (softheader=009756d5 8bfa0003 00000002 00000000) PSR0=20021f01 PSR1=00000000 PRXF=00000002 PIXF=00000007",E60,"Error receiving packet on tree network, expecting type <*> instead of type <*> (softheader=<*> <*> <*> <*>) PSR0=<*> PSR1=<*> PRXF=<*> PIXF=<*>",0.9,Risk,2
BGL,1759,17-11-2005 13:02,121257,R64-M1-N4-I:J18-U01,APP,FATAL,"ciod: Error loading /bgl/apps/followup/SPaSM_static/SPaSM.460-1115: invalid or missing program image, Permission denied",E26,"ciod: Error loading /<*>: invalid or missing program image, Permission denied",0.1,Normal,0
BGL,1760,17-11-2005 13:35,1991,R72-M1-NE-C:J04-U01,KERNEL,INFO,18507114 torus sender z- retransmission error(s) (dcr 0x02f9) detected and corrected over 198 seconds,E11,<*> torus sender z- retransmission error(s) (dcr <*>) detected and corrected over <*> seconds,0.1,Normal,0
BGL,1761,17-11-2005 14:16,2446,R72-M1-N6-C:J04-U01,KERNEL,INFO,26741629 torus sender z- retransmission error(s) (dcr 0x02f9) detected and corrected over 268 seconds,E11,<*> torus sender z- retransmission error(s) (dcr <*>) detected and corrected over <*> seconds,0.1,Normal,0
BGL,1762,18-11-2005 13:35,83963,R02-M1-NC-I:J18-U01,KERNEL,INFO,"ciod: Received signal 15, code=0, errno=0, address=0x000001b0",E41,"ciod: Received signal <*>, code=<*>, errno=<*>, address=<*>",0.1,Normal,0
BGL,1763,18-11-2005 15:14,5918,R63-M1-N4-I:J18-U01,KERNEL,INFO,"ciod: Received signal 15, code=0, errno=0, address=0x000001b0",E41,"ciod: Received signal <*>, code=<*>, errno=<*>, address=<*>",0.1,Normal,0
BGL,1764,18-11-2005 15:40,1581,R35-M0-NC-I:J18-U11,KERNEL,INFO,"ciod: Received signal 15, code=0, errno=0, address=0x000001b0",E41,"ciod: Received signal <*>, code=<*>, errno=<*>, address=<*>",0.1,Normal,0
BGL,1765,21-11-2005 04:07,217625,R25-M0-N2-C:J11-U11,KERNEL,INFO,"CE sym 28, at 0x1efc7020, mask 0x20",E18,"CE sym <*>, at <*>, mask <*>",0.1,Normal,0
BGL,1766,21-11-2005 05:03,3359,R55-M1-N8-I:J18-U11,KERNEL,INFO,ciod: generated 128 core files for program /g/g90/glosli/src/ddcMD/ddcMD1.1.18a/bin/ddcMDbglV,E34,ciod: generated <*> core files for program <*>,0.1,Normal,0
BGL,1767,21-11-2005 05:04,69,R06-M1-N8-I:J18-U01,KERNEL,INFO,ciod: generated 128 core files for program /g/g90/glosli/src/ddcMD/ddcMD1.1.18a/bin/ddcMDbglV,E34,ciod: generated <*> core files for program <*>,0.1,Normal,0
BGL,1768,21-11-2005 12:23,26311,R04-M1-N8-I:J18-U01,KERNEL,FATAL,Lustre mount FAILED : bglio78 : block_id : location,E80,Lustre mount FAILED : bglio<*> : block_id : location,0.9,Risk,2
BGL,1769,21-11-2005 13:26,3794,R10-M1-N0-I:J18-U11,KERNEL,INFO,"ciod: Received signal 15, code=0, errno=0, address=0x000001b0",E41,"ciod: Received signal <*>, code=<*>, errno=<*>, address=<*>",0.1,Normal,0
BGL,1770,21-11-2005 14:41,4497,R26-M0-N0-I:J18-U11,KERNEL,INFO,MACHINE CHECK DCR read timeout (mc=e08x iar 0x00000000 lr 0xc00045a4),E82,MACHINE CHECK DCR read timeout (mc=<*> iar <*> lr <*>),0.1,Normal,0
BGL,1771,21-11-2005 14:48,406,R26-M0-N0-I:J18-U11,KERNEL,INFO,MACHINE CHECK DCR read timeout (mc=e08x iar 0x00000000 lr 0xc00045a4),E82,MACHINE CHECK DCR read timeout (mc=<*> iar <*> lr <*>),0.1,Normal,0
BGL,1772,21-11-2005 14:56,468,R26-M0-N0-I:J18-U11,KERNEL,INFO,MACHINE CHECK DCR read timeout (mc=e08x iar 0x00000000 lr 0xc00045a4),E82,MACHINE CHECK DCR read timeout (mc=<*> iar <*> lr <*>),0.1,Normal,0
BGL,1773,21-11-2005 14:57,107,R26-M0-N0-I:J18-U11,KERNEL,INFO,MACHINE CHECK DCR read timeout (mc=e08x iar 0x00000000 lr 0xc00045a4),E82,MACHINE CHECK DCR read timeout (mc=<*> iar <*> lr <*>),0.1,Normal,0
BGL,1774,21-11-2005 15:00,160,R26-M0-N0-I:J18-U11,KERNEL,INFO,MACHINE CHECK DCR read timeout (mc=e08x iar 0x00000000 lr 0xc00045a4),E82,MACHINE CHECK DCR read timeout (mc=<*> iar <*> lr <*>),0.1,Normal,0
BGL,1775,21-11-2005 15:20,1210,R26-M0-N0-I:J18-U11,KERNEL,INFO,MACHINE CHECK DCR read timeout (mc=e08x iar 0x00000000 lr 0xc00045a4),E82,MACHINE CHECK DCR read timeout (mc=<*> iar <*> lr <*>),0.1,Normal,0
BGL,1776,21-11-2005 15:20,11,R26-M0-N0-I:J18-U11,KERNEL,INFO,MACHINE CHECK DCR read timeout (mc=e08x iar 0x00000000 lr 0xc00045a4),E82,MACHINE CHECK DCR read timeout (mc=<*> iar <*> lr <*>),0.1,Normal,0
BGL,1777,21-11-2005 18:00,9558,R16-M0-NC-I:J18-U01,KERNEL,INFO,"ciod: Received signal 15, code=0, errno=0, address=0x000001b2",E41,"ciod: Received signal <*>, code=<*>, errno=<*>, address=<*>",0.1,Normal,0
BGL,1778,21-11-2005 19:08,4075,R14-M0-NC-I:J18-U11,APP,FATAL,"ciod: Error reading message prefix on CioStream socket to 172.16.96.116:41554, Connection timed out",E31,"ciod: Error reading message prefix on CioStream socket to <*>:<*>, Connection timed out",0.9,Risk,2
BGL,1779,21-11-2005 21:40,9174,R13-M1-N4-I:J18-U11,APP,FATAL,"ciod: Error reading message prefix on CioStream socket to 172.16.96.116:52839, Connection reset by peer",E30,"ciod: Error reading message prefix on CioStream socket to <*>:<*>, Connection reset by peer",0.9,Risk,2
BGL,1780,21-11-2005 21:41,19,R55-M0-NC-I:J18-U01,KERNEL,INFO,"ciod: Received signal 15, code=0, errno=0, address=0x0000044a",E41,"ciod: Received signal <*>, code=<*>, errno=<*>, address=<*>",0.1,Normal,0
BGL,1781,21-11-2005 21:41,27,R22-M0-N0-I:J18-U01,APP,FATAL,"ciod: Error reading message prefix on CioStream socket to 172.16.96.116:52930, Connection reset by peer",E30,"ciod: Error reading message prefix on CioStream socket to <*>:<*>, Connection reset by peer",0.9,Risk,2
BGL,1782,21-11-2005 21:41,10,R36-M1-N4-I:J18-U11,KERNEL,INFO,"ciod: Received signal 15, code=0, errno=0, address=0x0000044d",E41,"ciod: Received signal <*>, code=<*>, errno=<*>, address=<*>",0.1,Normal,0
BGL,1783,21-11-2005 21:42,28,R65-M1-NC-I:J18-U11,APP,FATAL,"ciod: Error reading message prefix on CioStream socket to 172.16.96.116:53387, Connection reset by peer",E30,"ciod: Error reading message prefix on CioStream socket to <*>:<*>, Connection reset by peer",0.9,Risk,2
BGL,1784,21-11-2005 22:47,3881,R16-M1-NC-I:J18-U11,APP,FATAL,"ciod: Error reading message prefix on CioStream socket to 172.16.96.116:41060, Connection timed out",E31,"ciod: Error reading message prefix on CioStream socket to <*>:<*>, Connection timed out",0.9,Risk,2
BGL,1785,21-11-2005 22:56,546,R66-M1-N8-I:J18-U01,APP,FATAL,"ciod: Error reading message prefix on CioStream socket to 172.16.96.116:41587, Connection reset by peer",E30,"ciod: Error reading message prefix on CioStream socket to <*>:<*>, Connection reset by peer",0.9,Risk,2
BGL,1786,22-11-2005 15:58,61352,R26-M1-N1-C:J02-U11,KERNEL,INFO,"CE sym 14, at 0x136cd5e0, mask 0x04",E18,"CE sym <*>, at <*>, mask <*>",0.1,Normal,0
BGL,1787,24-11-2005 14:07,166155,R03-M1-NF-C:J07-U01,KERNEL,FATAL,dbcr0=0x00000000 dbsr=0x00000000 ccr0=0x40002000,E56,dbcr0=<*> dbsr=<*> ccr0=<*>,0.1,Normal,0
BGL,1788,24-11-2005 17:38,12609,R14-M0-N8-I:J18-U01,APP,FATAL,"ciod: Error reading message prefix on CioStream socket to 172.16.96.116:41534, Link has been severed",E32,"ciod: Error reading message prefix on CioStream socket to <*>:<*>, Link has been severed",0.9,Risk,2
BGL,1789,24-11-2005 22:17,16760,R77-M0-N4-I:J18-U01,KERNEL,INFO,"ciod: Received signal 15, code=0, errno=0, address=0x00001a12",E41,"ciod: Received signal <*>, code=<*>, errno=<*>, address=<*>",0.1,Normal,0
BGL,1790,25-11-2005 09:48,41458,R45-M1-N0-I:J18-U01,APP,FATAL,"ciod: Error reading message prefix on CioStream socket to 172.16.96.116:54780, Link has been severed",E32,"ciod: Error reading message prefix on CioStream socket to <*>:<*>, Link has been severed",0.9,Risk,2
BGL,1791,26-11-2005 01:38,57035,R76-M0-NC-I:J18-U11,KERNEL,INFO,"ciod: Received signal 15, code=0, errno=0, address=0x000001f8",E41,"ciod: Received signal <*>, code=<*>, errno=<*>, address=<*>",0.1,Normal,0
BGL,1792,26-11-2005 12:48,40195,R54-M0-N0-I:J18-U01,APP,FATAL,"ciod: Error reading message prefix on CioStream socket to 172.16.96.116:60243, Link has been severed",E32,"ciod: Error reading message prefix on CioStream socket to <*>:<*>, Link has been severed",0.9,Risk,2
BGL,1793,26-11-2005 13:28,2395,R72-M1-NC-I:J18-U11,KERNEL,INFO,"ciod: Received signal 15, code=0, errno=0, address=0x000001f5",E41,"ciod: Received signal <*>, code=<*>, errno=<*>, address=<*>",0.1,Normal,0
BGL,1794,26-11-2005 13:29,39,R01-M1-NC-I:J18-U11,KERNEL,INFO,"ciod: Received signal 15, code=0, errno=0, address=0x000001f2",E41,"ciod: Received signal <*>, code=<*>, errno=<*>, address=<*>",0.1,Normal,0
BGL,1795,26-11-2005 22:41,33139,R33-M1-N4-I:J18-U11,APP,FATAL,"ciod: Error reading message prefix on CioStream socket to 172.16.96.116:47189, Link has been severed",E32,"ciod: Error reading message prefix on CioStream socket to <*>:<*>, Link has been severed",0.9,Risk,2
BGL,1796,27-11-2005 00:39,7090,R03-M1-NF-C:J07-U01,KERNEL,FATAL,r24=0x0ffea4c8 r25=0x00000003 r26=0x0000000f r27=0xffffd000,E106,r24=<*> r25=<*> r26=<*> r27=<*>,0.1,Normal,0
BGL,1797,27-11-2005 00:42,175,R14-M1-NC-I:J18-U01,KERNEL,INFO,"ciod: Received signal 15, code=0, errno=0, address=0x000001f2",E41,"ciod: Received signal <*>, code=<*>, errno=<*>, address=<*>",0.1,Normal,0
BGL,1798,28-11-2005 04:05,98551,R15-M0-N0-I:J18-U11,KERNEL,INFO,"ciod: Received signal 15, code=0, errno=0, address=0x000001f5",E41,"ciod: Received signal <*>, code=<*>, errno=<*>, address=<*>",0.1,Normal,0
BGL,1799,29-11-2005 16:12,130052,R55-M0-N9-C:J06-U11,KERNEL,INFO,13 tree receiver 1 in re-synch state event(s) (dcr 0x0185) detected over 4562 seconds,E14,<*> tree receiver <*> in re-synch state event(s) (dcr <*>) detected over <*> seconds,0.1,Normal,0
BGL,1800,29-11-2005 23:18,25511,R60-M0-N4-I:J18-U01,KERNEL,INFO,"ciod: Received signal 15, code=0, errno=0, address=0x000001f2",E41,"ciod: Received signal <*>, code=<*>, errno=<*>, address=<*>",0.1,Normal,0
BGL,1801,29-11-2005 23:18,41,R21-M0-N8-I:J18-U01,KERNEL,INFO,"ciod: Received signal 15, code=0, errno=0, address=0x000001f2",E41,"ciod: Received signal <*>, code=<*>, errno=<*>, address=<*>",0.1,Normal,0
BGL,1802,30-11-2005 00:21,3790,R67-M1-N7,DISCOVERY,INFO,"Node card VPD check: U01 node in processor card slot J05 do not match. VPD ecid 04D37DF2DE7BFFFF0D081AF0DAD2, found 04DD80740E2FFFFF0A0C19D0CEBD",E93,"Node card VPD check: U<*> node in processor card slot J<*> do not match. VPD ecid <*>, found <*>",0.1,Normal,0
BGL,1803,30-11-2005 02:29,7662,R01-M1-NC-I:J18-U01,KERNEL,INFO,"ciod: Received signal 15, code=0, errno=0, address=0x000001f5",E41,"ciod: Received signal <*>, code=<*>, errno=<*>, address=<*>",0.1,Normal,0
BGL,1804,30-11-2005 16:24,50069,R74-M1-NB-C:J02-U11,KERNEL,INFO,"CE sym 1, at 0x01d7eaa0, mask 0x02",E18,"CE sym <*>, at <*>, mask <*>",0.1,Normal,0
BGL,1805,01-12-2005 03:57,41628,R15-M1-NC-I:J18-U01,APP,FATAL,ciod: LOGIN chdir(/g/g0/spelce1/Linpack_SWL) failed: No such file or directory,E37,ciod: LOGIN chdir(<*>) failed: No such file or directory,0.1,Normal,0
BGL,1806,01-12-2005 04:02,304,R13-M1-NC-I:J18-U01,APP,FATAL,ciod: LOGIN chdir(/g/g0/spelce1/Linpack_SWL) failed: No such file or directory,E37,ciod: LOGIN chdir(<*>) failed: No such file or directory,0.1,Normal,0
BGL,1807,01-12-2005 14:34,37915,R11-M1-ND-C:J08-U01,KERNEL,INFO,0 microseconds spent in the rbs signal handler during 0 calls. 0 microseconds was the maximum time for a single instance of a correctable ddr.,E7,<*> microseconds spent in the rbs signal handler during <*> calls. <*> microseconds was the maximum time for a single instance of a correctable ddr.,0.1,Normal,0
BGL,1808,01-12-2005 14:35,9,R11-M1-NA-C:J13-U01,KERNEL,INFO,0 microseconds spent in the rbs signal handler during 0 calls. 0 microseconds was the maximum time for a single instance of a correctable ddr.,E7,<*> microseconds spent in the rbs signal handler during <*> calls. <*> microseconds was the maximum time for a single instance of a correctable ddr.,0.1,Normal,0
BGL,1809,01-12-2005 14:35,19,R11-M1-NF-C:J07-U01,KERNEL,INFO,0 microseconds spent in the rbs signal handler during 0 calls. 0 microseconds was the maximum time for a single instance of a correctable ddr.,E7,<*> microseconds spent in the rbs signal handler during <*> calls. <*> microseconds was the maximum time for a single instance of a correctable ddr.,0.1,Normal,0
BGL,1810,01-12-2005 14:35,6,R06-M0-N3-C:J13-U11,KERNEL,INFO,"10722 total interrupts. 0 critical input interrupts. 0 microseconds total spent on critical input interrupts, 0 microseconds max time in a critical input interrupt.",E12,"<*> total interrupts. 0 critical input interrupts. <*> microseconds total spent on critical input interrupts, <*> microseconds max time in a critical input interrupt.",0.1,Normal,0
BGL,1811,01-12-2005 14:35,10,R10-M0-N7-C:J08-U11,KERNEL,INFO,"10740 total interrupts. 0 critical input interrupts. 0 microseconds total spent on critical input interrupts, 0 microseconds max time in a critical input interrupt.",E12,"<*> total interrupts. 0 critical input interrupts. <*> microseconds total spent on critical input interrupts, <*> microseconds max time in a critical input interrupt.",0.1,Normal,0
BGL,1812,01-12-2005 14:36,23,R17-M0-N8-C:J09-U11,KERNEL,INFO,"10744 total interrupts. 0 critical input interrupts. 0 microseconds total spent on critical input interrupts, 0 microseconds max time in a critical input interrupt.",E12,"<*> total interrupts. 0 critical input interrupts. <*> microseconds total spent on critical input interrupts, <*> microseconds max time in a critical input interrupt.",0.1,Normal,0
BGL,1813,01-12-2005 14:36,2,R06-M0-N7-C:J05-U01,KERNEL,INFO,"10700 total interrupts. 0 critical input interrupts. 0 microseconds total spent on critical input interrupts, 0 microseconds max time in a critical input interrupt.",E12,"<*> total interrupts. 0 critical input interrupts. <*> microseconds total spent on critical input interrupts, <*> microseconds max time in a critical input interrupt.",0.1,Normal,0
BGL,1814,01-12-2005 14:36,13,R16-M0-N4-C:J07-U11,KERNEL,INFO,"10732 total interrupts. 0 critical input interrupts. 0 microseconds total spent on critical input interrupts, 0 microseconds max time in a critical input interrupt.",E12,"<*> total interrupts. 0 critical input interrupts. <*> microseconds total spent on critical input interrupts, <*> microseconds max time in a critical input interrupt.",0.1,Normal,0
BGL,1815,01-12-2005 14:36,1,R16-M0-N4-C:J06-U11,KERNEL,INFO,0 microseconds spent in the rbs signal handler during 0 calls. 0 microseconds was the maximum time for a single instance of a correctable ddr.,E7,<*> microseconds spent in the rbs signal handler during <*> calls. <*> microseconds was the maximum time for a single instance of a correctable ddr.,0.1,Normal,0
BGL,1816,01-12-2005 14:36,12,R07-M1-N0-C:J07-U01,KERNEL,INFO,0 microseconds spent in the rbs signal handler during 0 calls. 0 microseconds was the maximum time for a single instance of a correctable ddr.,E7,<*> microseconds spent in the rbs signal handler during <*> calls. <*> microseconds was the maximum time for a single instance of a correctable ddr.,0.1,Normal,0
BGL,1817,01-12-2005 14:39,151,R36-M0-NB-C:J12-U01,KERNEL,INFO,"10655 total interrupts. 0 critical input interrupts. 0 microseconds total spent on critical input interrupts, 0 microseconds max time in a critical input interrupt.",E12,"<*> total interrupts. 0 critical input interrupts. <*> microseconds total spent on critical input interrupts, <*> microseconds max time in a critical input interrupt.",0.1,Normal,0
BGL,1818,01-12-2005 14:39,1,R13-M0-NA-C:J08-U01,KERNEL,INFO,"10650 total interrupts. 0 critical input interrupts. 0 microseconds total spent on critical input interrupts, 0 microseconds max time in a critical input interrupt.",E12,"<*> total interrupts. 0 critical input interrupts. <*> microseconds total spent on critical input interrupts, <*> microseconds max time in a critical input interrupt.",0.1,Normal,0
BGL,1819,01-12-2005 14:39,17,R13-M1-N9-C:J02-U11,KERNEL,INFO,0 microseconds spent in the rbs signal handler during 0 calls. 0 microseconds was the maximum time for a single instance of a correctable ddr.,E7,<*> microseconds spent in the rbs signal handler during <*> calls. <*> microseconds was the maximum time for a single instance of a correctable ddr.,0.1,Normal,0
BGL,1820,01-12-2005 14:39,6,R34-M0-N8-C:J06-U11,KERNEL,INFO,"10686 total interrupts. 0 critical input interrupts. 0 microseconds total spent on critical input interrupts, 0 microseconds max time in a critical input interrupt.",E12,"<*> total interrupts. 0 critical input interrupts. <*> microseconds total spent on critical input interrupts, <*> microseconds max time in a critical input interrupt.",0.1,Normal,0
BGL,1821,01-12-2005 14:40,75,R55-M1-N5-C:J04-U01,KERNEL,INFO,0 microseconds spent in the rbs signal handler during 0 calls. 0 microseconds was the maximum time for a single instance of a correctable ddr.,E7,<*> microseconds spent in the rbs signal handler during <*> calls. <*> microseconds was the maximum time for a single instance of a correctable ddr.,0.1,Normal,0
BGL,1822,01-12-2005 14:40,13,R33-M1-N7-C:J12-U01,KERNEL,INFO,"10674 total interrupts. 0 critical input interrupts. 0 microseconds total spent on critical input interrupts, 0 microseconds max time in a critical input interrupt.",E12,"<*> total interrupts. 0 critical input interrupts. <*> microseconds total spent on critical input interrupts, <*> microseconds max time in a critical input interrupt.",0.1,Normal,0
BGL,1823,01-12-2005 14:40,1,R37-M0-N3-C:J11-U11,KERNEL,INFO,"10722 total interrupts. 0 critical input interrupts. 0 microseconds total spent on critical input interrupts, 0 microseconds max time in a critical input interrupt.",E12,"<*> total interrupts. 0 critical input interrupts. <*> microseconds total spent on critical input interrupts, <*> microseconds max time in a critical input interrupt.",0.1,Normal,0
BGL,1824,01-12-2005 14:41,21,R56-M0-NA-C:J12-U11,KERNEL,INFO,0 microseconds spent in the rbs signal handler during 0 calls. 0 microseconds was the maximum time for a single instance of a correctable ddr.,E7,<*> microseconds spent in the rbs signal handler during <*> calls. <*> microseconds was the maximum time for a single instance of a correctable ddr.,0.1,Normal,0
BGL,1825,01-12-2005 14:41,6,R56-M0-N1-C:J05-U11,KERNEL,INFO,"10730 total interrupts. 0 critical input interrupts. 0 microseconds total spent on critical input interrupts, 0 microseconds max time in a critical input interrupt.",E12,"<*> total interrupts. 0 critical input interrupts. <*> microseconds total spent on critical input interrupts, <*> microseconds max time in a critical input interrupt.",0.1,Normal,0
BGL,1826,01-12-2005 14:41,6,R37-M1-NE-C:J04-U11,KERNEL,INFO,"10686 total interrupts. 0 critical input interrupts. 0 microseconds total spent on critical input interrupts, 0 microseconds max time in a critical input interrupt.",E12,"<*> total interrupts. 0 critical input interrupts. <*> microseconds total spent on critical input interrupts, <*> microseconds max time in a critical input interrupt.",0.1,Normal,0
BGL,1827,01-12-2005 14:41,4,R50-M0-N9-C:J11-U01,KERNEL,INFO,"10692 total interrupts. 0 critical input interrupts. 0 microseconds total spent on critical input interrupts, 0 microseconds max time in a critical input interrupt.",E12,"<*> total interrupts. 0 critical input interrupts. <*> microseconds total spent on critical input interrupts, <*> microseconds max time in a critical input interrupt.",0.1,Normal,0
BGL,1828,01-12-2005 14:41,20,R56-M0-N9-C:J08-U01,KERNEL,INFO,"10660 total interrupts. 0 critical input interrupts. 0 microseconds total spent on critical input interrupts, 0 microseconds max time in a critical input interrupt.",E12,"<*> total interrupts. 0 critical input interrupts. <*> microseconds total spent on critical input interrupts, <*> microseconds max time in a critical input interrupt.",0.1,Normal,0
BGL,1829,01-12-2005 14:42,50,R37-M1-N0-C:J16-U11,KERNEL,INFO,"10752 total interrupts. 0 critical input interrupts. 0 microseconds total spent on critical input interrupts, 0 microseconds max time in a critical input interrupt.",E12,"<*> total interrupts. 0 critical input interrupts. <*> microseconds total spent on critical input interrupts, <*> microseconds max time in a critical input interrupt.",0.1,Normal,0
BGL,1830,01-12-2005 14:42,6,R32-M0-N4-C:J17-U11,KERNEL,INFO,"10732 total interrupts. 0 critical input interrupts. 0 microseconds total spent on critical input interrupts, 0 microseconds max time in a critical input interrupt.",E12,"<*> total interrupts. 0 critical input interrupts. <*> microseconds total spent on critical input interrupts, <*> microseconds max time in a critical input interrupt.",0.1,Normal,0
BGL,1831,01-12-2005 14:42,2,R57-M1-N0-C:J02-U01,KERNEL,INFO,0 microseconds spent in the rbs signal handler during 0 calls. 0 microseconds was the maximum time for a single instance of a correctable ddr.,E7,<*> microseconds spent in the rbs signal handler during <*> calls. <*> microseconds was the maximum time for a single instance of a correctable ddr.,0.1,Normal,0
BGL,1832,01-12-2005 14:42,0,R32-M1-NC-C:J16-U11,KERNEL,INFO,"10676 total interrupts. 0 critical input interrupts. 0 microseconds total spent on critical input interrupts, 0 microseconds max time in a critical input interrupt.",E12,"<*> total interrupts. 0 critical input interrupts. <*> microseconds total spent on critical input interrupts, <*> microseconds max time in a critical input interrupt.",0.1,Normal,0
BGL,1833,01-12-2005 14:44,95,R52-M0-N5-C:J10-U01,KERNEL,INFO,"10752 total interrupts. 0 critical input interrupts. 0 microseconds total spent on critical input interrupts, 0 microseconds max time in a critical input interrupt.",E12,"<*> total interrupts. 0 critical input interrupts. <*> microseconds total spent on critical input interrupts, <*> microseconds max time in a critical input interrupt.",0.1,Normal,0
BGL,1834,01-12-2005 14:44,15,R52-M0-N1-C:J10-U11,KERNEL,INFO,0 microseconds spent in the rbs signal handler during 0 calls. 0 microseconds was the maximum time for a single instance of a correctable ddr.,E7,<*> microseconds spent in the rbs signal handler during <*> calls. <*> microseconds was the maximum time for a single instance of a correctable ddr.,0.1,Normal,0
BGL,1835,01-12-2005 14:44,18,R72-M0-NF-C:J15-U11,KERNEL,INFO,"10728 total interrupts. 0 critical input interrupts. 0 microseconds total spent on critical input interrupts, 0 microseconds max time in a critical input interrupt.",E12,"<*> total interrupts. 0 critical input interrupts. <*> microseconds total spent on critical input interrupts, <*> microseconds max time in a critical input interrupt.",0.1,Normal,0
BGL,1836,01-12-2005 14:44,2,R73-M1-N7-C:J04-U01,KERNEL,INFO,"10712 total interrupts. 0 critical input interrupts. 0 microseconds total spent on critical input interrupts, 0 microseconds max time in a critical input interrupt.",E12,"<*> total interrupts. 0 critical input interrupts. <*> microseconds total spent on critical input interrupts, <*> microseconds max time in a critical input interrupt.",0.1,Normal,0
BGL,1837,01-12-2005 14:45,4,R75-M0-N4-C:J12-U01,KERNEL,INFO,"10718 total interrupts. 0 critical input interrupts. 0 microseconds total spent on critical input interrupts, 0 microseconds max time in a critical input interrupt.",E12,"<*> total interrupts. 0 critical input interrupts. <*> microseconds total spent on critical input interrupts, <*> microseconds max time in a critical input interrupt.",0.1,Normal,0
BGL,1838,01-12-2005 14:45,4,R53-M0-N1-C:J11-U11,KERNEL,INFO,"10722 total interrupts. 0 critical input interrupts. 0 microseconds total spent on critical input interrupts, 0 microseconds max time in a critical input interrupt.",E12,"<*> total interrupts. 0 critical input interrupts. <*> microseconds total spent on critical input interrupts, <*> microseconds max time in a critical input interrupt.",0.1,Normal,0
BGL,1839,01-12-2005 14:45,4,R76-M1-NC-C:J16-U01,KERNEL,INFO,"10644 total interrupts. 0 critical input interrupts. 0 microseconds total spent on critical input interrupts, 0 microseconds max time in a critical input interrupt.",E12,"<*> total interrupts. 0 critical input interrupts. <*> microseconds total spent on critical input interrupts, <*> microseconds max time in a critical input interrupt.",0.1,Normal,0
BGL,1840,01-12-2005 14:46,83,R66-M0-N2-C:J17-U11,KERNEL,INFO,0 microseconds spent in the rbs signal handler during 0 calls. 0 microseconds was the maximum time for a single instance of a correctable ddr.,E7,<*> microseconds spent in the rbs signal handler during <*> calls. <*> microseconds was the maximum time for a single instance of a correctable ddr.,0.1,Normal,0
BGL,1841,01-12-2005 14:46,4,R66-M0-NB-C:J17-U11,KERNEL,INFO,0 microseconds spent in the rbs signal handler during 0 calls. 0 microseconds was the maximum time for a single instance of a correctable ddr.,E7,<*> microseconds spent in the rbs signal handler during <*> calls. <*> microseconds was the maximum time for a single instance of a correctable ddr.,0.1,Normal,0
BGL,1842,01-12-2005 14:46,13,R41-M0-NB-C:J05-U11,KERNEL,INFO,0 microseconds spent in the rbs signal handler during 0 calls. 0 microseconds was the maximum time for a single instance of a correctable ddr.,E7,<*> microseconds spent in the rbs signal handler during <*> calls. <*> microseconds was the maximum time for a single instance of a correctable ddr.,0.1,Normal,0
BGL,1843,01-12-2005 14:47,29,R73-M0-N2-C:J11-U11,KERNEL,INFO,"10738 total interrupts. 0 critical input interrupts. 0 microseconds total spent on critical input interrupts, 0 microseconds max time in a critical input interrupt.",E12,"<*> total interrupts. 0 critical input interrupts. <*> microseconds total spent on critical input interrupts, <*> microseconds max time in a critical input interrupt.",0.1,Normal,0
BGL,1844,01-12-2005 14:47,9,R73-M0-NE-C:J14-U01,KERNEL,INFO,"10646 total interrupts. 0 critical input interrupts. 0 microseconds total spent on critical input interrupts, 0 microseconds max time in a critical input interrupt.",E12,"<*> total interrupts. 0 critical input interrupts. <*> microseconds total spent on critical input interrupts, <*> microseconds max time in a critical input interrupt.",0.1,Normal,0
BGL,1845,01-12-2005 14:47,18,R44-M0-N3-C:J06-U01,KERNEL,INFO,0 microseconds spent in the rbs signal handler during 0 calls. 0 microseconds was the maximum time for a single instance of a correctable ddr.,E7,<*> microseconds spent in the rbs signal handler during <*> calls. <*> microseconds was the maximum time for a single instance of a correctable ddr.,0.1,Normal,0
BGL,1846,01-12-2005 14:47,2,R77-M0-N5-C:J04-U11,KERNEL,INFO,"10710 total interrupts. 0 critical input interrupts. 0 microseconds total spent on critical input interrupts, 0 microseconds max time in a critical input interrupt.",E12,"<*> total interrupts. 0 critical input interrupts. <*> microseconds total spent on critical input interrupts, <*> microseconds max time in a critical input interrupt.",0.1,Normal,0
BGL,1847,01-12-2005 14:47,1,R61-M0-N9-C:J16-U01,KERNEL,INFO,0 microseconds spent in the rbs signal handler during 0 calls. 0 microseconds was the maximum time for a single instance of a correctable ddr.,E7,<*> microseconds spent in the rbs signal handler during <*> calls. <*> microseconds was the maximum time for a single instance of a correctable ddr.,0.1,Normal,0
BGL,1848,01-12-2005 14:47,10,R64-M0-N2-C:J16-U01,KERNEL,INFO,0 microseconds spent in the rbs signal handler during 0 calls. 0 microseconds was the maximum time for a single instance of a correctable ddr.,E7,<*> microseconds spent in the rbs signal handler during <*> calls. <*> microseconds was the maximum time for a single instance of a correctable ddr.,0.1,Normal,0
BGL,1849,01-12-2005 14:48,12,R45-M0-N4-C:J13-U01,KERNEL,INFO,"10706 total interrupts. 0 critical input interrupts. 0 microseconds total spent on critical input interrupts, 0 microseconds max time in a critical input interrupt.",E12,"<*> total interrupts. 0 critical input interrupts. <*> microseconds total spent on critical input interrupts, <*> microseconds max time in a critical input interrupt.",0.1,Normal,0
BGL,1850,01-12-2005 14:48,2,R64-M0-N1-C:J06-U11,KERNEL,INFO,0 microseconds spent in the rbs signal handler during 0 calls. 0 microseconds was the maximum time for a single instance of a correctable ddr.,E7,<*> microseconds spent in the rbs signal handler during <*> calls. <*> microseconds was the maximum time for a single instance of a correctable ddr.,0.1,Normal,0
BGL,1851,01-12-2005 14:48,5,R64-M0-N8-C:J05-U11,KERNEL,INFO,0 microseconds spent in the rbs signal handler during 0 calls. 0 microseconds was the maximum time for a single instance of a correctable ddr.,E7,<*> microseconds spent in the rbs signal handler during <*> calls. <*> microseconds was the maximum time for a single instance of a correctable ddr.,0.1,Normal,0
BGL,1852,01-12-2005 14:49,90,R46-M1-N5-C:J16-U01,KERNEL,INFO,"10765 total interrupts. 0 critical input interrupts. 0 microseconds total spent on critical input interrupts, 0 microseconds max time in a critical input interrupt.",E12,"<*> total interrupts. 0 critical input interrupts. <*> microseconds total spent on critical input interrupts, <*> microseconds max time in a critical input interrupt.",0.1,Normal,0
BGL,1853,01-12-2005 14:50,40,R42-M0-NA-C:J09-U11,KERNEL,INFO,0 microseconds spent in the rbs signal handler during 0 calls. 0 microseconds was the maximum time for a single instance of a correctable ddr.,E7,<*> microseconds spent in the rbs signal handler during <*> calls. <*> microseconds was the maximum time for a single instance of a correctable ddr.,0.1,Normal,0
BGL,1854,01-12-2005 14:50,25,R27-M1-N9-C:J09-U01,KERNEL,INFO,"10698 total interrupts. 0 critical input interrupts. 0 microseconds total spent on critical input interrupts, 0 microseconds max time in a critical input interrupt.",E12,"<*> total interrupts. 0 critical input interrupts. <*> microseconds total spent on critical input interrupts, <*> microseconds max time in a critical input interrupt.",0.1,Normal,0
BGL,1855,01-12-2005 14:50,3,R27-M1-NA-C:J05-U11,KERNEL,INFO,"10744 total interrupts. 0 critical input interrupts. 0 microseconds total spent on critical input interrupts, 0 microseconds max time in a critical input interrupt.",E12,"<*> total interrupts. 0 critical input interrupts. <*> microseconds total spent on critical input interrupts, <*> microseconds max time in a critical input interrupt.",0.1,Normal,0
BGL,1856,01-12-2005 14:50,2,R27-M0-NE-C:J17-U11,KERNEL,INFO,"10740 total interrupts. 0 critical input interrupts. 0 microseconds total spent on critical input interrupts, 0 microseconds max time in a critical input interrupt.",E12,"<*> total interrupts. 0 critical input interrupts. <*> microseconds total spent on critical input interrupts, <*> microseconds max time in a critical input interrupt.",0.1,Normal,0
BGL,1857,01-12-2005 14:51,16,R26-M1-NF-C:J09-U01,KERNEL,INFO,0 microseconds spent in the rbs signal handler during 0 calls. 0 microseconds was the maximum time for a single instance of a correctable ddr.,E7,<*> microseconds spent in the rbs signal handler during <*> calls. <*> microseconds was the maximum time for a single instance of a correctable ddr.,0.1,Normal,0
BGL,1858,01-12-2005 14:51,12,R45-M1-N8-C:J14-U11,KERNEL,INFO,"10684 total interrupts. 0 critical input interrupts. 0 microseconds total spent on critical input interrupts, 0 microseconds max time in a critical input interrupt.",E12,"<*> total interrupts. 0 critical input interrupts. <*> microseconds total spent on critical input interrupts, <*> microseconds max time in a critical input interrupt.",0.1,Normal,0
BGL,1859,01-12-2005 14:51,4,R26-M1-N8-C:J08-U01,KERNEL,INFO,"10652 total interrupts. 0 critical input interrupts. 0 microseconds total spent on critical input interrupts, 0 microseconds max time in a critical input interrupt.",E12,"<*> total interrupts. 0 critical input interrupts. <*> microseconds total spent on critical input interrupts, <*> microseconds max time in a critical input interrupt.",0.1,Normal,0
BGL,1860,01-12-2005 14:52,72,R25-M0-N4-C:J13-U01,KERNEL,INFO,0 microseconds spent in the rbs signal handler during 0 calls. 0 microseconds was the maximum time for a single instance of a correctable ddr.,E7,<*> microseconds spent in the rbs signal handler during <*> calls. <*> microseconds was the maximum time for a single instance of a correctable ddr.,0.1,Normal,0
BGL,1861,01-12-2005 14:53,29,R22-M0-ND-C:J17-U01,KERNEL,INFO,0 microseconds spent in the rbs signal handler during 0 calls. 0 microseconds was the maximum time for a single instance of a correctable ddr.,E7,<*> microseconds spent in the rbs signal handler during <*> calls. <*> microseconds was the maximum time for a single instance of a correctable ddr.,0.1,Normal,0
BGL,1862,01-12-2005 14:53,9,R23-M1-NF-C:J15-U01,KERNEL,INFO,0 microseconds spent in the rbs signal handler during 0 calls. 0 microseconds was the maximum time for a single instance of a correctable ddr.,E7,<*> microseconds spent in the rbs signal handler during <*> calls. <*> microseconds was the maximum time for a single instance of a correctable ddr.,0.1,Normal,0
BGL,1863,01-12-2005 15:02,550,R20-M1-N5-C:J04-U01,KERNEL,INFO,"1966 total interrupts. 0 critical input interrupts. 0 microseconds total spent on critical input interrupts, 0 microseconds max time in a critical input interrupt.",E12,"<*> total interrupts. 0 critical input interrupts. <*> microseconds total spent on critical input interrupts, <*> microseconds max time in a critical input interrupt.",0.1,Normal,0
BGL,1864,01-12-2005 16:29,5203,R16-M0-N2-C:J07-U11,KERNEL,INFO,0 microseconds spent in the rbs signal handler during 0 calls. 0 microseconds was the maximum time for a single instance of a correctable ddr.,E7,<*> microseconds spent in the rbs signal handler during <*> calls. <*> microseconds was the maximum time for a single instance of a correctable ddr.,0.1,Normal,0
BGL,1865,01-12-2005 16:29,29,R14-M1-NA-C:J11-U11,KERNEL,INFO,"10738 total interrupts. 0 critical input interrupts. 0 microseconds total spent on critical input interrupts, 0 microseconds max time in a critical input interrupt.",E12,"<*> total interrupts. 0 critical input interrupts. <*> microseconds total spent on critical input interrupts, <*> microseconds max time in a critical input interrupt.",0.1,Normal,0
BGL,1866,01-12-2005 16:29,2,R17-M0-N6-C:J06-U01,KERNEL,INFO,0 microseconds spent in the rbs signal handler during 0 calls. 0 microseconds was the maximum time for a single instance of a correctable ddr.,E7,<*> microseconds spent in the rbs signal handler during <*> calls. <*> microseconds was the maximum time for a single instance of a correctable ddr.,0.1,Normal,0
BGL,1867,01-12-2005 16:29,4,R06-M0-N2-C:J09-U01,KERNEL,INFO,"10714 total interrupts. 0 critical input interrupts. 0 microseconds total spent on critical input interrupts, 0 microseconds max time in a critical input interrupt.",E12,"<*> total interrupts. 0 critical input interrupts. <*> microseconds total spent on critical input interrupts, <*> microseconds max time in a critical input interrupt.",0.1,Normal,0
BGL,1868,01-12-2005 16:29,3,R15-M0-N3-C:J09-U11,KERNEL,INFO,0 microseconds spent in the rbs signal handler during 0 calls. 0 microseconds was the maximum time for a single instance of a correctable ddr.,E7,<*> microseconds spent in the rbs signal handler during <*> calls. <*> microseconds was the maximum time for a single instance of a correctable ddr.,0.1,Normal,0
BGL,1869,01-12-2005 16:29,3,R04-M0-N6-C:J10-U01,KERNEL,INFO,"10718 total interrupts. 0 critical input interrupts. 0 microseconds total spent on critical input interrupts, 0 microseconds max time in a critical input interrupt.",E12,"<*> total interrupts. 0 critical input interrupts. <*> microseconds total spent on critical input interrupts, <*> microseconds max time in a critical input interrupt.",0.1,Normal,0
BGL,1870,01-12-2005 16:30,7,R14-M1-N1-C:J10-U01,KERNEL,INFO,0 microseconds spent in the rbs signal handler during 0 calls. 0 microseconds was the maximum time for a single instance of a correctable ddr.,E7,<*> microseconds spent in the rbs signal handler during <*> calls. <*> microseconds was the maximum time for a single instance of a correctable ddr.,0.1,Normal,0
BGL,1871,01-12-2005 16:30,10,R16-M1-ND-C:J05-U11,KERNEL,INFO,"10698 total interrupts. 0 critical input interrupts. 0 microseconds total spent on critical input interrupts, 0 microseconds max time in a critical input interrupt.",E12,"<*> total interrupts. 0 critical input interrupts. <*> microseconds total spent on critical input interrupts, <*> microseconds max time in a critical input interrupt.",0.1,Normal,0
BGL,1872,01-12-2005 16:30,13,R00-M0-N4-C:J09-U11,KERNEL,INFO,0 microseconds spent in the rbs signal handler during 0 calls. 0 microseconds was the maximum time for a single instance of a correctable ddr.,E7,<*> microseconds spent in the rbs signal handler during <*> calls. <*> microseconds was the maximum time for a single instance of a correctable ddr.,0.1,Normal,0
BGL,1873,01-12-2005 16:30,6,R00-M0-N0-C:J10-U01,KERNEL,INFO,0 microseconds spent in the rbs signal handler during 0 calls. 0 microseconds was the maximum time for a single instance of a correctable ddr.,E7,<*> microseconds spent in the rbs signal handler during <*> calls. <*> microseconds was the maximum time for a single instance of a correctable ddr.,0.1,Normal,0
BGL,1874,01-12-2005 16:30,4,R01-M0-NC-C:J12-U01,KERNEL,INFO,"10644 total interrupts. 0 critical input interrupts. 0 microseconds total spent on critical input interrupts, 0 microseconds max time in a critical input interrupt.",E12,"<*> total interrupts. 0 critical input interrupts. <*> microseconds total spent on critical input interrupts, <*> microseconds max time in a critical input interrupt.",0.1,Normal,0
BGL,1875,01-12-2005 16:31,81,R11-M1-N3-C:J10-U01,KERNEL,INFO,"10752 total interrupts. 0 critical input interrupts. 0 microseconds total spent on critical input interrupts, 0 microseconds max time in a critical input interrupt.",E12,"<*> total interrupts. 0 critical input interrupts. <*> microseconds total spent on critical input interrupts, <*> microseconds max time in a critical input interrupt.",0.1,Normal,0
BGL,1876,01-12-2005 16:32,7,R11-M1-ND-C:J09-U01,KERNEL,INFO,"10698 total interrupts. 0 critical input interrupts. 0 microseconds total spent on critical input interrupts, 0 microseconds max time in a critical input interrupt.",E12,"<*> total interrupts. 0 critical input interrupts. <*> microseconds total spent on critical input interrupts, <*> microseconds max time in a critical input interrupt.",0.1,Normal,0
BGL,1877,01-12-2005 16:32,10,R07-M1-N7-C:J07-U01,KERNEL,INFO,"10666 total interrupts. 0 critical input interrupts. 0 microseconds total spent on critical input interrupts, 0 microseconds max time in a critical input interrupt.",E12,"<*> total interrupts. 0 critical input interrupts. <*> microseconds total spent on critical input interrupts, <*> microseconds max time in a critical input interrupt.",0.1,Normal,0
BGL,1878,01-12-2005 16:32,2,R07-M1-N7-C:J14-U01,KERNEL,INFO,0 microseconds spent in the rbs signal handler during 0 calls. 0 microseconds was the maximum time for a single instance of a correctable ddr.,E7,<*> microseconds spent in the rbs signal handler during <*> calls. <*> microseconds was the maximum time for a single instance of a correctable ddr.,0.1,Normal,0
BGL,1879,01-12-2005 16:32,3,R50-M1-NA-C:J11-U11,KERNEL,INFO,"10738 total interrupts. 0 critical input interrupts. 0 microseconds total spent on critical input interrupts, 0 microseconds max time in a critical input interrupt.",E12,"<*> total interrupts. 0 critical input interrupts. <*> microseconds total spent on critical input interrupts, <*> microseconds max time in a critical input interrupt.",0.1,Normal,0
BGL,1880,01-12-2005 16:32,2,R05-M1-N2-C:J08-U01,KERNEL,INFO,0 microseconds spent in the rbs signal handler during 0 calls. 0 microseconds was the maximum time for a single instance of a correctable ddr.,E7,<*> microseconds spent in the rbs signal handler during <*> calls. <*> microseconds was the maximum time for a single instance of a correctable ddr.,0.1,Normal,0
BGL,1881,01-12-2005 16:32,9,R36-M1-NA-C:J05-U11,KERNEL,INFO,"10744 total interrupts. 0 critical input interrupts. 0 microseconds total spent on critical input interrupts, 0 microseconds max time in a critical input interrupt.",E12,"<*> total interrupts. 0 critical input interrupts. <*> microseconds total spent on critical input interrupts, <*> microseconds max time in a critical input interrupt.",0.1,Normal,0
BGL,1882,01-12-2005 16:32,8,R07-M0-NF-C:J13-U11,KERNEL,INFO,0 microseconds spent in the rbs signal handler during 0 calls. 0 microseconds was the maximum time for a single instance of a correctable ddr.,E7,<*> microseconds spent in the rbs signal handler during <*> calls. <*> microseconds was the maximum time for a single instance of a correctable ddr.,0.1,Normal,0
BGL,1883,01-12-2005 16:33,27,R05-M0-N5-C:J08-U11,KERNEL,INFO,0 microseconds spent in the rbs signal handler during 0 calls. 0 microseconds was the maximum time for a single instance of a correctable ddr.,E7,<*> microseconds spent in the rbs signal handler during <*> calls. <*> microseconds was the maximum time for a single instance of a correctable ddr.,0.1,Normal,0
BGL,1884,01-12-2005 16:34,103,R32-M0-NB-C:J14-U01,KERNEL,INFO,"10663 total interrupts. 0 critical input interrupts. 0 microseconds total spent on critical input interrupts, 0 microseconds max time in a critical input interrupt.",E12,"<*> total interrupts. 0 critical input interrupts. <*> microseconds total spent on critical input interrupts, <*> microseconds max time in a critical input interrupt.",0.1,Normal,0
BGL,1885,01-12-2005 16:34,0,R35-M0-N5-C:J16-U01,KERNEL,INFO,"10766 total interrupts. 0 critical input interrupts. 0 microseconds total spent on critical input interrupts, 0 microseconds max time in a critical input interrupt.",E12,"<*> total interrupts. 0 critical input interrupts. <*> microseconds total spent on critical input interrupts, <*> microseconds max time in a critical input interrupt.",0.1,Normal,0
BGL,1886,01-12-2005 16:35,22,R32-M1-N7-C:J02-U01,KERNEL,INFO,0 microseconds spent in the rbs signal handler during 0 calls. 0 microseconds was the maximum time for a single instance of a correctable ddr.,E7,<*> microseconds spent in the rbs signal handler during <*> calls. <*> microseconds was the maximum time for a single instance of a correctable ddr.,0.1,Normal,0
BGL,1887,01-12-2005 16:35,48,R56-M1-NE-C:J11-U01,KERNEL,INFO,0 microseconds spent in the rbs signal handler during 0 calls. 0 microseconds was the maximum time for a single instance of a correctable ddr.,E7,<*> microseconds spent in the rbs signal handler during <*> calls. <*> microseconds was the maximum time for a single instance of a correctable ddr.,0.1,Normal,0
BGL,1888,01-12-2005 16:36,12,R55-M1-NE-C:J16-U01,KERNEL,INFO,0 microseconds spent in the rbs signal handler during 0 calls. 0 microseconds was the maximum time for a single instance of a correctable ddr.,E7,<*> microseconds spent in the rbs signal handler during <*> calls. <*> microseconds was the maximum time for a single instance of a correctable ddr.,0.1,Normal,0
BGL,1889,01-12-2005 16:36,9,R35-M0-NC-C:J15-U11,KERNEL,INFO,0 microseconds spent in the rbs signal handler during 0 calls. 0 microseconds was the maximum time for a single instance of a correctable ddr.,E7,<*> microseconds spent in the rbs signal handler during <*> calls. <*> microseconds was the maximum time for a single instance of a correctable ddr.,0.1,Normal,0
BGL,1890,01-12-2005 16:36,29,R55-M1-N8-C:J03-U11,KERNEL,INFO,0 microseconds spent in the rbs signal handler during 0 calls. 0 microseconds was the maximum time for a single instance of a correctable ddr.,E7,<*> microseconds spent in the rbs signal handler during <*> calls. <*> microseconds was the maximum time for a single instance of a correctable ddr.,0.1,Normal,0
BGL,1891,01-12-2005 16:37,52,R53-M1-N9-C:J11-U11,KERNEL,INFO,"10722 total interrupts. 0 critical input interrupts. 0 microseconds total spent on critical input interrupts, 0 microseconds max time in a critical input interrupt.",E12,"<*> total interrupts. 0 critical input interrupts. <*> microseconds total spent on critical input interrupts, <*> microseconds max time in a critical input interrupt.",0.1,Normal,0
BGL,1892,01-12-2005 16:37,6,R52-M0-N5-C:J04-U01,KERNEL,INFO,"10680 total interrupts. 0 critical input interrupts. 0 microseconds total spent on critical input interrupts, 0 microseconds max time in a critical input interrupt.",E12,"<*> total interrupts. 0 critical input interrupts. <*> microseconds total spent on critical input interrupts, <*> microseconds max time in a critical input interrupt.",0.1,Normal,0
BGL,1893,01-12-2005 16:37,2,R77-M1-N7-C:J08-U11,KERNEL,INFO,"10740 total interrupts. 0 critical input interrupts. 0 microseconds total spent on critical input interrupts, 0 microseconds max time in a critical input interrupt.",E12,"<*> total interrupts. 0 critical input interrupts. <*> microseconds total spent on critical input interrupts, <*> microseconds max time in a critical input interrupt.",0.1,Normal,0
BGL,1894,01-12-2005 16:38,21,R73-M1-N5-C:J07-U01,KERNEL,INFO,0 microseconds spent in the rbs signal handler during 0 calls. 0 microseconds was the maximum time for a single instance of a correctable ddr.,E7,<*> microseconds spent in the rbs signal handler during <*> calls. <*> microseconds was the maximum time for a single instance of a correctable ddr.,0.1,Normal,0
BGL,1895,01-12-2005 16:38,23,R71-M1-N3-C:J08-U01,KERNEL,INFO,0 microseconds spent in the rbs signal handler during 0 calls. 0 microseconds was the maximum time for a single instance of a correctable ddr.,E7,<*> microseconds spent in the rbs signal handler during <*> calls. <*> microseconds was the maximum time for a single instance of a correctable ddr.,0.1,Normal,0
BGL,1896,01-12-2005 16:38,12,R53-M1-N8-C:J08-U11,KERNEL,INFO,"10684 total interrupts. 0 critical input interrupts. 0 microseconds total spent on critical input interrupts, 0 microseconds max time in a critical input interrupt.",E12,"<*> total interrupts. 0 critical input interrupts. <*> microseconds total spent on critical input interrupts, <*> microseconds max time in a critical input interrupt.",0.1,Normal,0
BGL,1897,01-12-2005 16:38,3,R71-M0-NF-C:J11-U11,KERNEL,INFO,"CE sym 4, at 0x0589f8e0, mask 0x10",E18,"CE sym <*>, at <*>, mask <*>",0.1,Normal,0
BGL,1898,01-12-2005 16:38,5,R74-M1-NB-C:J09-U01,KERNEL,INFO,0 microseconds spent in the rbs signal handler during 0 calls. 0 microseconds was the maximum time for a single instance of a correctable ddr.,E7,<*> microseconds spent in the rbs signal handler during <*> calls. <*> microseconds was the maximum time for a single instance of a correctable ddr.,0.1,Normal,0
BGL,1899,01-12-2005 16:39,10,R71-M0-NC-C:J14-U01,KERNEL,INFO,"10616 total interrupts. 0 critical input interrupts. 0 microseconds total spent on critical input interrupts, 0 microseconds max time in a critical input interrupt.",E12,"<*> total interrupts. 0 critical input interrupts. <*> microseconds total spent on critical input interrupts, <*> microseconds max time in a critical input interrupt.",0.1,Normal,0
BGL,1900,01-12-2005 16:39,16,R76-M1-N4-C:J06-U11,KERNEL,INFO,"10754 total interrupts. 0 critical input interrupts. 0 microseconds total spent on critical input interrupts, 0 microseconds max time in a critical input interrupt.",E12,"<*> total interrupts. 0 critical input interrupts. <*> microseconds total spent on critical input interrupts, <*> microseconds max time in a critical input interrupt.",0.1,Normal,0
BGL,1901,01-12-2005 16:39,3,R60-M0-N4-C:J05-U11,KERNEL,INFO,"10668 total interrupts. 0 critical input interrupts. 0 microseconds total spent on critical input interrupts, 0 microseconds max time in a critical input interrupt.",E12,"<*> total interrupts. 0 critical input interrupts. <*> microseconds total spent on critical input interrupts, <*> microseconds max time in a critical input interrupt.",0.1,Normal,0
BGL,1902,01-12-2005 16:41,103,R61-M0-N7-C:J14-U11,KERNEL,INFO,"10708 total interrupts. 0 critical input interrupts. 0 microseconds total spent on critical input interrupts, 0 microseconds max time in a critical input interrupt.",E12,"<*> total interrupts. 0 critical input interrupts. <*> microseconds total spent on critical input interrupts, <*> microseconds max time in a critical input interrupt.",0.1,Normal,0
BGL,1903,01-12-2005 16:41,10,R65-M0-NE-C:J10-U11,KERNEL,INFO,"10676 total interrupts. 0 critical input interrupts. 0 microseconds total spent on critical input interrupts, 0 microseconds max time in a critical input interrupt.",E12,"<*> total interrupts. 0 critical input interrupts. <*> microseconds total spent on critical input interrupts, <*> microseconds max time in a critical input interrupt.",0.1,Normal,0
BGL,1904,01-12-2005 16:41,16,R41-M1-NF-C:J04-U01,KERNEL,INFO,"10640 total interrupts. 0 critical input interrupts. 0 microseconds total spent on critical input interrupts, 0 microseconds max time in a critical input interrupt.",E12,"<*> total interrupts. 0 critical input interrupts. <*> microseconds total spent on critical input interrupts, <*> microseconds max time in a critical input interrupt.",0.1,Normal,0
BGL,1905,01-12-2005 16:41,12,R66-M0-N9-C:J08-U11,KERNEL,INFO,"10666 total interrupts. 0 critical input interrupts. 0 microseconds total spent on critical input interrupts, 0 microseconds max time in a critical input interrupt.",E12,"<*> total interrupts. 0 critical input interrupts. <*> microseconds total spent on critical input interrupts, <*> microseconds max time in a critical input interrupt.",0.1,Normal,0
BGL,1906,01-12-2005 16:41,2,R70-M0-N8-C:J12-U11,KERNEL,INFO,"10676 total interrupts. 0 critical input interrupts. 0 microseconds total spent on critical input interrupts, 0 microseconds max time in a critical input interrupt.",E12,"<*> total interrupts. 0 critical input interrupts. <*> microseconds total spent on critical input interrupts, <*> microseconds max time in a critical input interrupt.",0.1,Normal,0
BGL,1907,01-12-2005 16:41,3,R66-M0-N5-C:J13-U11,KERNEL,INFO,"10722 total interrupts. 0 critical input interrupts. 0 microseconds total spent on critical input interrupts, 0 microseconds max time in a critical input interrupt.",E12,"<*> total interrupts. 0 critical input interrupts. <*> microseconds total spent on critical input interrupts, <*> microseconds max time in a critical input interrupt.",0.1,Normal,0
BGL,1908,01-12-2005 16:41,14,R40-M0-N8-C:J06-U11,KERNEL,INFO,0 microseconds spent in the rbs signal handler during 0 calls. 0 microseconds was the maximum time for a single instance of a correctable ddr.,E7,<*> microseconds spent in the rbs signal handler during <*> calls. <*> microseconds was the maximum time for a single instance of a correctable ddr.,0.1,Normal,0
BGL,1909,01-12-2005 16:42,3,R66-M0-NC-C:J04-U11,KERNEL,INFO,"10684 total interrupts. 0 critical input interrupts. 0 microseconds total spent on critical input interrupts, 0 microseconds max time in a critical input interrupt.",E12,"<*> total interrupts. 0 critical input interrupts. <*> microseconds total spent on critical input interrupts, <*> microseconds max time in a critical input interrupt.",0.1,Normal,0
BGL,1910,01-12-2005 16:44,133,R44-M0-N3-C:J05-U01,KERNEL,INFO,0 microseconds spent in the rbs signal handler during 0 calls. 0 microseconds was the maximum time for a single instance of a correctable ddr.,E7,<*> microseconds spent in the rbs signal handler during <*> calls. <*> microseconds was the maximum time for a single instance of a correctable ddr.,0.1,Normal,0
BGL,1911,01-12-2005 16:44,12,R40-M1-NE-C:J10-U11,KERNEL,INFO,"10676 total interrupts. 0 critical input interrupts. 0 microseconds total spent on critical input interrupts, 0 microseconds max time in a critical input interrupt.",E12,"<*> total interrupts. 0 critical input interrupts. <*> microseconds total spent on critical input interrupts, <*> microseconds max time in a critical input interrupt.",0.1,Normal,0
BGL,1912,01-12-2005 16:44,16,R43-M0-N2-C:J09-U01,KERNEL,INFO,0 microseconds spent in the rbs signal handler during 0 calls. 0 microseconds was the maximum time for a single instance of a correctable ddr.,E7,<*> microseconds spent in the rbs signal handler during <*> calls. <*> microseconds was the maximum time for a single instance of a correctable ddr.,0.1,Normal,0
BGL,1913,01-12-2005 16:44,5,R25-M0-N7-C:J07-U01,KERNEL,INFO,0 microseconds spent in the rbs signal handler during 0 calls. 0 microseconds was the maximum time for a single instance of a correctable ddr.,E7,<*> microseconds spent in the rbs signal handler during <*> calls. <*> microseconds was the maximum time for a single instance of a correctable ddr.,0.1,Normal,0
BGL,1914,01-12-2005 16:44,6,R44-M1-NC-C:J03-U01,KERNEL,INFO,"10714 total interrupts. 0 critical input interrupts. 0 microseconds total spent on critical input interrupts, 0 microseconds max time in a critical input interrupt.",E12,"<*> total interrupts. 0 critical input interrupts. <*> microseconds total spent on critical input interrupts, <*> microseconds max time in a critical input interrupt.",0.1,Normal,0
BGL,1915,01-12-2005 16:44,4,R45-M1-NC-C:J07-U01,KERNEL,INFO,"10712 total interrupts. 0 critical input interrupts. 0 microseconds total spent on critical input interrupts, 0 microseconds max time in a critical input interrupt.",E12,"<*> total interrupts. 0 critical input interrupts. <*> microseconds total spent on critical input interrupts, <*> microseconds max time in a critical input interrupt.",0.1,Normal,0
BGL,1916,01-12-2005 16:45,13,R25-M1-ND-C:J08-U01,KERNEL,INFO,0 microseconds spent in the rbs signal handler during 0 calls. 0 microseconds was the maximum time for a single instance of a correctable ddr.,E7,<*> microseconds spent in the rbs signal handler during <*> calls. <*> microseconds was the maximum time for a single instance of a correctable ddr.,0.1,Normal,0
BGL,1917,01-12-2005 16:45,6,R43-M1-ND-C:J08-U01,KERNEL,INFO,"10636 total interrupts. 0 critical input interrupts. 0 microseconds total spent on critical input interrupts, 0 microseconds max time in a critical input interrupt.",E12,"<*> total interrupts. 0 critical input interrupts. <*> microseconds total spent on critical input interrupts, <*> microseconds max time in a critical input interrupt.",0.1,Normal,0
BGL,1918,01-12-2005 16:47,104,R26-M0-N9-C:J06-U01,KERNEL,INFO,"10664 total interrupts. 0 critical input interrupts. 0 microseconds total spent on critical input interrupts, 0 microseconds max time in a critical input interrupt.",E12,"<*> total interrupts. 0 critical input interrupts. <*> microseconds total spent on critical input interrupts, <*> microseconds max time in a critical input interrupt.",0.1,Normal,0
BGL,1919,01-12-2005 16:47,10,R24-M0-N5-C:J03-U11,KERNEL,INFO,"10730 total interrupts. 0 critical input interrupts. 0 microseconds total spent on critical input interrupts, 0 microseconds max time in a critical input interrupt.",E12,"<*> total interrupts. 0 critical input interrupts. <*> microseconds total spent on critical input interrupts, <*> microseconds max time in a critical input interrupt.",0.1,Normal,0
BGL,1920,01-12-2005 16:47,10,R27-M1-N6-C:J11-U11,KERNEL,INFO,"10722 total interrupts. 0 critical input interrupts. 0 microseconds total spent on critical input interrupts, 0 microseconds max time in a critical input interrupt.",E12,"<*> total interrupts. 0 critical input interrupts. <*> microseconds total spent on critical input interrupts, <*> microseconds max time in a critical input interrupt.",0.1,Normal,0
BGL,1921,01-12-2005 16:47,0,R23-M0-ND-C:J11-U11,KERNEL,INFO,"10722 total interrupts. 0 critical input interrupts. 0 microseconds total spent on critical input interrupts, 0 microseconds max time in a critical input interrupt.",E12,"<*> total interrupts. 0 critical input interrupts. <*> microseconds total spent on critical input interrupts, <*> microseconds max time in a critical input interrupt.",0.1,Normal,0
BGL,1922,01-12-2005 16:47,1,R23-M0-ND-C:J08-U11,KERNEL,INFO,0 microseconds spent in the rbs signal handler during 0 calls. 0 microseconds was the maximum time for a single instance of a correctable ddr.,E7,<*> microseconds spent in the rbs signal handler during <*> calls. <*> microseconds was the maximum time for a single instance of a correctable ddr.,0.1,Normal,0
BGL,1923,01-12-2005 16:47,1,R22-M0-N5-C:J06-U11,KERNEL,INFO,0 microseconds spent in the rbs signal handler during 0 calls. 0 microseconds was the maximum time for a single instance of a correctable ddr.,E7,<*> microseconds spent in the rbs signal handler during <*> calls. <*> microseconds was the maximum time for a single instance of a correctable ddr.,0.1,Normal,0
BGL,1924,01-12-2005 16:47,5,R23-M0-N2-C:J09-U11,KERNEL,INFO,"10736 total interrupts. 0 critical input interrupts. 0 microseconds total spent on critical input interrupts, 0 microseconds max time in a critical input interrupt.",E12,"<*> total interrupts. 0 critical input interrupts. <*> microseconds total spent on critical input interrupts, <*> microseconds max time in a critical input interrupt.",0.1,Normal,0
BGL,1925,01-12-2005 16:47,1,R23-M1-N5-C:J07-U11,KERNEL,INFO,0 microseconds spent in the rbs signal handler during 0 calls. 0 microseconds was the maximum time for a single instance of a correctable ddr.,E7,<*> microseconds spent in the rbs signal handler during <*> calls. <*> microseconds was the maximum time for a single instance of a correctable ddr.,0.1,Normal,0
BGL,1926,01-12-2005 16:47,5,R24-M0-N6-C:J05-U11,KERNEL,INFO,0 microseconds spent in the rbs signal handler during 0 calls. 0 microseconds was the maximum time for a single instance of a correctable ddr.,E7,<*> microseconds spent in the rbs signal handler during <*> calls. <*> microseconds was the maximum time for a single instance of a correctable ddr.,0.1,Normal,0
BGL,1927,01-12-2005 16:47,6,R24-M0-N9-C:J10-U11,KERNEL,INFO,0 microseconds spent in the rbs signal handler during 0 calls. 0 microseconds was the maximum time for a single instance of a correctable ddr.,E7,<*> microseconds spent in the rbs signal handler during <*> calls. <*> microseconds was the maximum time for a single instance of a correctable ddr.,0.1,Normal,0
BGL,1928,01-12-2005 17:31,2636,R00-M0-NA-C:J14-U11,KERNEL,INFO,"720 total interrupts. 0 critical input interrupts. 0 microseconds total spent on critical input interrupts, 0 microseconds max time in a critical input interrupt.",E12,"<*> total interrupts. 0 critical input interrupts. <*> microseconds total spent on critical input interrupts, <*> microseconds max time in a critical input interrupt.",0.1,Normal,0
BGL,1929,01-12-2005 17:32,67,R00-M0-N8-C:J17-U01,KERNEL,INFO,"720 total interrupts. 0 critical input interrupts. 0 microseconds total spent on critical input interrupts, 0 microseconds max time in a critical input interrupt.",E12,"<*> total interrupts. 0 critical input interrupts. <*> microseconds total spent on critical input interrupts, <*> microseconds max time in a critical input interrupt.",0.1,Normal,0
BGL,1930,01-12-2005 22:06,16422,R47-M1-N4-C:J17-U11,KERNEL,INFO,"CE sym 27, at 0x00284720, mask 0x11",E18,"CE sym <*>, at <*>, mask <*>",0.1,Normal,0
BGL,1931,01-12-2005 22:15,533,R20-M1-NB-C:J09-U01,KERNEL,INFO,"CE sym 9, at 0x0021d9c0, mask 0x20",E18,"CE sym <*>, at <*>, mask <*>",0.1,Normal,0
BGL,1932,03-12-2005 01:39,98668,R66-M0-N1-C:J03-U01,KERNEL,INFO,"CE sym 15, at 0x06a72120, mask 0x04",E18,"CE sym <*>, at <*>, mask <*>",0.1,Normal,0
BGL,1933,03-12-2005 15:59,51606,R06-M1-NF-C:J12-U01,KERNEL,INFO,"1 ddr error(s) detected and corrected on rank 0, symbol 24 over 335 seconds",E1,"<*> ddr error(s) detected and corrected on rank <*>, symbol <*> over <*> seconds",0.1,Normal,0
BGL,1934,03-12-2005 17:29,5407,R10-M1-N2,HARDWARE,WARNING,"PrepareForService shutting down Node card(mLctn(R10-M1-N2), mCardSernum(203231503833343000000000594c31304b34323934303257), mLp(FF:F2:9F:16:E0:DA:00:0D:60:E9:1F:25), mIp(10.1.1.164), mType(4)) as part of Service Action 648",E95,"PrepareForService shutting down Node card(mLctn(<*>), mCardSernum(<*>), mLp(<*>), mIp(<*>), mType(<*>)) as part of Service Action <*>",0.1,Normal,0
BGL,1935,03-12-2005 19:32,7374,R56-M0-NA-C:J15-U11,KERNEL,INFO,"Kernel detected 35591540 integer alignment exceptions (35591533) iar 0x0023f108, dear 0x1feaa260 (35591534) iar 0x00265564, dear 0x1feaa1c0 (35591535) iar 0x00265574, dear 0x1feaa1e0 (35591536) iar 0x00265578, dear 0x1feaa200 (35591537) iar 0x00265588, dear 0x1feaa220 (35591538) iar 0x0026558c, dear 0x1feaa240 (35591539) iar 0x00265594, dear 0x1feaa260 (35591540) iar 0x00265598, dear 0x1feaa280",E78,"Kernel detected <*> integer alignment exceptions (<*>) iar <*>, dear <*> (<*>) iar <*>, dear <*> (<*>) iar <*>, dear <*> (<*>) iar <*>, dear <*> (<*>) iar <*>, dear <*> (<*>) iar <*>, dear <*> (<*>) iar <*>, dear <*> (<*>) iar <*>, dear <*>",0.1,Normal,0
BGL,1936,03-12-2005 21:49,8214,R55-M0-N9-C:J06-U11,KERNEL,INFO,1 tree receiver 1 in re-synch state event(s) (dcr 0x0185) detected over 244 seconds,E14,<*> tree receiver <*> in re-synch state event(s) (dcr <*>) detected over <*> seconds,0.1,Normal,0
BGL,1937,04-12-2005 10:21,45089,R65-M1-NA-C:J14-U01,KERNEL,INFO,"CE sym 27, at 0x1b70b860, mask 0x80",E18,"CE sym <*>, at <*>, mask <*>",0.1,Normal,0
BGL,1938,04-12-2005 12:46,8702,R60-M0-N2-C:J12-U11,KERNEL,INFO,"CE sym 33, at 0x1ff2fc60, mask 0x04",E18,"CE sym <*>, at <*>, mask <*>",0.1,Normal,0
BGL,1939,04-12-2005 12:46,8,R21-M1-N4-C:J10-U01,KERNEL,INFO,"CE sym 12, at 0x18e33e80, mask 0x04",E18,"CE sym <*>, at <*>, mask <*>",0.1,Normal,0
BGL,1940,04-12-2005 14:25,5919,R74-M0-N1-C:J05-U01,KERNEL,INFO,"CE sym 30, at 0x042358a0, mask 0x20",E18,"CE sym <*>, at <*>, mask <*>",0.1,Normal,0
BGL,1941,04-12-2005 14:45,1244,R60-M0-ND-C:J07-U11,KERNEL,INFO,"CE sym 11, at 0x06366640, mask 0x04",E18,"CE sym <*>, at <*>, mask <*>",0.1,Normal,0
BGL,1942,04-12-2005 15:26,2415,R35-M1-N9-C:J14-U01,KERNEL,INFO,"CE sym 19, at 0x057c7e00, mask 0x20",E18,"CE sym <*>, at <*>, mask <*>",0.1,Normal,0
BGL,1943,04-12-2005 17:00,5677,R23-M0-NC-C:J05-U01,KERNEL,INFO,"159 ddr error(s) detected and corrected on rank 0, symbol 29 over 2486 seconds",E1,"<*> ddr error(s) detected and corrected on rank <*>, symbol <*> over <*> seconds",0.1,Normal,0
BGL,1944,04-12-2005 17:00,0,R23-M0-NC-C:J05-U01,KERNEL,INFO,"CE sym 29, at 0x0ea9fd60, mask 0x40",E18,"CE sym <*>, at <*>, mask <*>",0.1,Normal,0
BGL,1945,04-12-2005 17:04,227,R06-M1-N6-C:J08-U01,KERNEL,INFO,total of 1 ddr error(s) detected and corrected over 2487 seconds,E119,total of <*> ddr error(s) detected and corrected over <*> seconds,0.1,Normal,0
BGL,1946,04-12-2005 18:31,5219,R71-M0-N4-C:J14-U01,KERNEL,FATAL,minus normalized number..................0,E87,minus normalized number..................<*>,0.1,Normal,0
BGL,1947,04-12-2005 20:05,5650,R46-M0-N8-I:J18-U11,KERNEL,FATAL,Lustre mount FAILED : bglio617 : block_id : location,E80,Lustre mount FAILED : bglio<*> : block_id : location,0.9,Risk,2
BGL,1948,06-12-2005 02:10,108304,R52-M1-NA-C:J03-U01,KERNEL,FATAL,fraction rounded.........................0,E66,fraction rounded.........................<*>,0.1,Normal,0
BGL,1949,06-12-2005 18:05,57263,R12-M0-NC,DISCOVERY,WARNING,Node card is not fully functional,E90,Node card is not fully functional,0.1,Normal,0
BGL,1950,07-12-2005 00:04,21566,R01-M0-N0-C:J04-U01,KERNEL,INFO,"critical input interrupt (unit=0x0b bit=0x17): warning for tree C1 wire, suppressing further interrupts of same type",E47,"critical input interrupt (unit=<*> bit=<*>): warning for tree C1 wire, suppressing further interrupts of same type",0.1,Normal,0
BGL,1951,07-12-2005 01:42,5877,R03-M0-N7-C:J07-U01,KERNEL,FATAL,size of scratchpad portion of L3.........0 (0M),E114,size of scratchpad portion of L3.........<*> (<*>),0.1,Normal,0
BGL,1952,07-12-2005 03:24,6098,R36-M0-N2-C:J05-U01,KERNEL,INFO,"Kernel detected 3830884 integer alignment exceptions (3830877) iar 0x00544ea8, dear 0x01fc1ba0 (3830878) iar 0x00544eb8, dear 0x01fc1bc0 (3830879) iar 0x00544ea8, dear 0x01fc1be0 (3830880) iar 0x00544eb8, dear 0x01fc1c00 (3830881) iar 0x00544ee0, dear 0x01fc1c20 (3830882) iar 0x00544ef0, dear 0x01fc1c40 (3830883) iar 0x00544ee0, dear 0x01fc1c60 (3830884) iar 0x00544ef0, dear 0x01fc1c80",E78,"Kernel detected <*> integer alignment exceptions (<*>) iar <*>, dear <*> (<*>) iar <*>, dear <*> (<*>) iar <*>, dear <*> (<*>) iar <*>, dear <*> (<*>) iar <*>, dear <*> (<*>) iar <*>, dear <*> (<*>) iar <*>, dear <*> (<*>) iar <*>, dear <*>",0.1,Normal,0
BGL,1953,07-12-2005 03:34,633,R27-M0-NB-C:J08-U01,KERNEL,INFO,"Kernel detected 3853444 integer alignment exceptions (3853437) iar 0x00544ea8, dear 0x01ef5e20 (3853438) iar 0x00544eb8, dear 0x01ef5e40 (3853439) iar 0x00544ea8, dear 0x01ef5e60 (3853440) iar 0x00544eb8, dear 0x01ef5e80 (3853441) iar 0x00544ee0, dear 0x01ef5ea0 (3853442) iar 0x00544ef0, dear 0x01ef5ec0 (3853443) iar 0x00544ee0, dear 0x01ef5ee0 (3853444) iar 0x00544ef0, dear 0x01ef5f00",E78,"Kernel detected <*> integer alignment exceptions (<*>) iar <*>, dear <*> (<*>) iar <*>, dear <*> (<*>) iar <*>, dear <*> (<*>) iar <*>, dear <*> (<*>) iar <*>, dear <*> (<*>) iar <*>, dear <*> (<*>) iar <*>, dear <*> (<*>) iar <*>, dear <*>",0.1,Normal,0
BGL,1954,07-12-2005 03:38,254,R27-M1-NF-C:J17-U01,KERNEL,INFO,"Kernel detected 3747792 integer alignment exceptions (3747785) iar 0x00544ea8, dear 0x01fc9220 (3747786) iar 0x00544eb8, dear 0x01fc9240 (3747787) iar 0x00544ea8, dear 0x01fc9260 (3747788) iar 0x00544eb8, dear 0x01fc9280 (3747789) iar 0x00544ee0, dear 0x01fc92a0 (3747790) iar 0x00544ef0, dear 0x01fc92c0 (3747791) iar 0x00544ee0, dear 0x01fc92e0 (3747792) iar 0x00544ef0, dear 0x01fc9300",E78,"Kernel detected <*> integer alignment exceptions (<*>) iar <*>, dear <*> (<*>) iar <*>, dear <*> (<*>) iar <*>, dear <*> (<*>) iar <*>, dear <*> (<*>) iar <*>, dear <*> (<*>) iar <*>, dear <*> (<*>) iar <*>, dear <*> (<*>) iar <*>, dear <*>",0.1,Normal,0
BGL,1955,07-12-2005 04:02,1393,R36-M0-N7-C:J09-U11,KERNEL,INFO,"Kernel detected 3946290 integer alignment exceptions (3946283) iar 0x00544ea8, dear 0x01ef6080 (3946284) iar 0x00544eb8, dear 0x01ef60a0 (3946285) iar 0x00544ea8, dear 0x01ef60c0 (3946286) iar 0x00544eb8, dear 0x01ef60e0 (3946287) iar 0x00544ee0, dear 0x01ef6100 (3946288) iar 0x00544ef0, dear 0x01ef6120 (3946289) iar 0x00544ee0, dear 0x01ef6140 (3946290) iar 0x00544ef0, dear 0x01ef6160",E78,"Kernel detected <*> integer alignment exceptions (<*>) iar <*>, dear <*> (<*>) iar <*>, dear <*> (<*>) iar <*>, dear <*> (<*>) iar <*>, dear <*> (<*>) iar <*>, dear <*> (<*>) iar <*>, dear <*> (<*>) iar <*>, dear <*> (<*>) iar <*>, dear <*>",0.1,Normal,0
BGL,1956,07-12-2005 04:04,153,R26-M0-N9-C:J11-U01,KERNEL,INFO,"Kernel detected 4909176 integer alignment exceptions (4909169) iar 0x00544ea8, dear 0x01fc8a40 (4909170) iar 0x00544eb8, dear 0x01fc8a60 (4909171) iar 0x00544ea8, dear 0x01fc8a80 (4909172) iar 0x00544eb8, dear 0x01fc8aa0 (4909173) iar 0x00544ee0, dear 0x01fc8ac0 (4909174) iar 0x00544ef0, dear 0x01fc8ae0 (4909175) iar 0x00544ee0, dear 0x01fc8b00 (4909176) iar 0x00544ef0, dear 0x01fc8b20",E78,"Kernel detected <*> integer alignment exceptions (<*>) iar <*>, dear <*> (<*>) iar <*>, dear <*> (<*>) iar <*>, dear <*> (<*>) iar <*>, dear <*> (<*>) iar <*>, dear <*> (<*>) iar <*>, dear <*> (<*>) iar <*>, dear <*> (<*>) iar <*>, dear <*>",0.1,Normal,0
BGL,1957,07-12-2005 04:05,45,R31-M0-NF-C:J07-U11,KERNEL,INFO,"Kernel detected 4898338 integer alignment exceptions (4898331) iar 0x00544ea8, dear 0x049e75e0 (4898332) iar 0x00544eb8, dear 0x049e7600 (4898333) iar 0x00544ea8, dear 0x049e7620 (4898334) iar 0x00544eb8, dear 0x049e7640 (4898335) iar 0x00544ee0, dear 0x049e7660 (4898336) iar 0x00544ef0, dear 0x049e7680 (4898337) iar 0x00544ee0, dear 0x049e76a0 (4898338) iar 0x00544ef0, dear 0x049e76c0",E78,"Kernel detected <*> integer alignment exceptions (<*>) iar <*>, dear <*> (<*>) iar <*>, dear <*> (<*>) iar <*>, dear <*> (<*>) iar <*>, dear <*> (<*>) iar <*>, dear <*> (<*>) iar <*>, dear <*> (<*>) iar <*>, dear <*> (<*>) iar <*>, dear <*>",0.1,Normal,0
BGL,1958,07-12-2005 04:07,124,R37-M1-N1-C:J02-U01,KERNEL,INFO,"Kernel detected 3945740 integer alignment exceptions (3945733) iar 0x00544ea8, dear 0x01ef7960 (3945734) iar 0x00544eb8, dear 0x01ef7980 (3945735) iar 0x00544ea8, dear 0x01ef79a0 (3945736) iar 0x00544eb8, dear 0x01ef79c0 (3945737) iar 0x00544ee0, dear 0x01ef79e0 (3945738) iar 0x00544ef0, dear 0x01ef7a00 (3945739) iar 0x00544ee0, dear 0x01ef7a20 (3945740) iar 0x00544ef0, dear 0x01ef7a40",E78,"Kernel detected <*> integer alignment exceptions (<*>) iar <*>, dear <*> (<*>) iar <*>, dear <*> (<*>) iar <*>, dear <*> (<*>) iar <*>, dear <*> (<*>) iar <*>, dear <*> (<*>) iar <*>, dear <*> (<*>) iar <*>, dear <*> (<*>) iar <*>, dear <*>",0.1,Normal,0
BGL,1959,07-12-2005 04:12,296,R36-M0-NE-C:J13-U01,KERNEL,INFO,"Kernel detected 3486044 integer alignment exceptions (3486037) iar 0x00544ea8, dear 0x01ef7c60 (3486038) iar 0x00544eb8, dear 0x01ef7c80 (3486039) iar 0x00544ea8, dear 0x01ef7ca0 (3486040) iar 0x00544eb8, dear 0x01ef7cc0 (3486041) iar 0x00544ee0, dear 0x01ef7ce0 (3486042) iar 0x00544ef0, dear 0x01ef7d00 (3486043) iar 0x00544ee0, dear 0x01ef7d20 (3486044) iar 0x00544ef0, dear 0x01ef7d40",E78,"Kernel detected <*> integer alignment exceptions (<*>) iar <*>, dear <*> (<*>) iar <*>, dear <*> (<*>) iar <*>, dear <*> (<*>) iar <*>, dear <*> (<*>) iar <*>, dear <*> (<*>) iar <*>, dear <*> (<*>) iar <*>, dear <*> (<*>) iar <*>, dear <*>",0.1,Normal,0
BGL,1960,09-12-2005 06:17,180313,R64-M1-NC-I:J18-U01,APP,FATAL,"ciod: Error loading /g/g90/glosli/src/ddcMD/ddcMD1.1.17/bin/ddcMDbglV: invalid or missing program image, No such file or directory",E28,"ciod: Error loading <*>: invalid or missing program image, No such file or directory",0.1,Normal,0
BGL,1961,09-12-2005 06:18,82,R20-M1-N0-I:J18-U11,APP,FATAL,"ciod: Error loading /g/g90/glosli/src/ddcMD/ddcMD1.1.17/bin/ddcMDbglV: invalid or missing program image, No such file or directory",E28,"ciod: Error loading <*>: invalid or missing program image, No such file or directory",0.1,Normal,0
BGL,1962,09-12-2005 08:38,8352,R70-M0-N7-C:J15-U01,KERNEL,INFO,"1 ddr error(s) detected and corrected on rank 0, symbol 9 over 986 seconds",E1,"<*> ddr error(s) detected and corrected on rank <*>, symbol <*> over <*> seconds",0.1,Normal,0
BGL,1963,09-12-2005 12:13,12931,R34-M1-NB-C:J17-U11,KERNEL,INFO,total of 5 ddr error(s) detected and corrected over 9108 seconds,E119,total of <*> ddr error(s) detected and corrected over <*> seconds,0.1,Normal,0
BGL,1964,09-12-2005 20:14,28835,R20-M1-N4-I:J18-U01,APP,FATAL,"ciod: Error loading /p/gb1/stella/SPPM/1322/sppm_DD: invalid or missing program image, Permission denied",E26,"ciod: Error loading /<*>: invalid or missing program image, Permission denied",0.1,Normal,0
BGL,1965,09-12-2005 20:18,239,R27-M0-N4-I:J18-U11,APP,FATAL,"ciod: Error loading /bgl/apps/SWL/stability/MDCASK/WORK/1383/inferno: invalid or missing program image, Permission denied",E26,"ciod: Error loading /<*>: invalid or missing program image, Permission denied",0.1,Normal,0
BGL,1966,09-12-2005 20:19,64,R03-M0-N0-I:J18-U11,APP,FATAL,"ciod: Error loading /p/gb1/stella/UMT2K/1372/umt2k_DD: invalid or missing program image, Permission denied",E26,"ciod: Error loading /<*>: invalid or missing program image, Permission denied",0.1,Normal,0
BGL,1967,09-12-2005 20:33,846,R06-M0-N4-I:J18-U01,APP,FATAL,"ciod: Error loading /bgl/apps/SWL/stability/NEWS05/news05_DD: invalid or missing program image, Permission denied",E26,"ciod: Error loading /<*>: invalid or missing program image, Permission denied",0.1,Normal,0
BGL,1968,09-12-2005 20:35,129,R61-M1-N8-I:J18-U01,APP,FATAL,"ciod: Error loading /p/gb1/stella/UMT2K/1325/umt2k_DD: invalid or missing program image, Permission denied",E26,"ciod: Error loading /<*>: invalid or missing program image, Permission denied",0.1,Normal,0
BGL,1969,09-12-2005 20:38,163,R64-M0-N8-I:J18-U11,APP,FATAL,"ciod: Error loading /p/gb1/stella/UMT2K/1369/umt2k_DD: invalid or missing program image, Permission denied",E26,"ciod: Error loading /<*>: invalid or missing program image, Permission denied",0.1,Normal,0
BGL,1970,09-12-2005 20:48,636,R61-M0-N0-I:J18-U11,APP,FATAL,"ciod: Error loading /bgl/apps/SWL/stability/HPL/WORK/1498./hpl_DD: invalid or missing program image, No such file or directory",E28,"ciod: Error loading <*>: invalid or missing program image, No such file or directory",0.1,Normal,0
BGL,1971,09-12-2005 20:49,55,R07-M0-N8-I:J18-U11,APP,FATAL,"ciod: Error loading /bgl/apps/SWL/stability/HPL/WORK/1501./hpl_DD: invalid or missing program image, No such file or directory",E28,"ciod: Error loading <*>: invalid or missing program image, No such file or directory",0.1,Normal,0
BGL,1972,11-12-2005 00:09,98386,R15-M1-NE-C:J06-U01,KERNEL,INFO,"28 ddr error(s) detected and corrected on rank 0, symbol 21 over 11562 seconds",E1,"<*> ddr error(s) detected and corrected on rank <*>, symbol <*> over <*> seconds",0.1,Normal,0
BGL,1973,12-12-2005 03:19,97775,R63-M1-N0-I:J18-U11,APP,FATAL,ciod: LOGIN chdir(/p/gb1/stella/RAPTOR/2183) failed: Input/output error,E36,ciod: LOGIN chdir(<*>) failed: Input/output error,0.9,Risk,2
BGL,1974,13-12-2005 17:52,138806,R74-M1-N8-I:J18-U11,APP,FATAL,"ciod: Error reading message prefix on CioStream socket to 172.16.96.116:55929, Link has been severed",E32,"ciod: Error reading message prefix on CioStream socket to <*>:<*>, Link has been severed",0.9,Risk,2
BGL,1975,13-12-2005 17:53,43,R44-M0-N4-I:J18-U01,APP,FATAL,"ciod: Error reading message prefix on CioStream socket to 172.16.96.116:56170, Link has been severed",E32,"ciod: Error reading message prefix on CioStream socket to <*>:<*>, Link has been severed",0.9,Risk,2
BGL,1976,14-12-2005 03:22,34138,R74-M1-N0-C:J12-U01,KERNEL,INFO,"2 ddr error(s) detected and corrected on rank 0, symbol 28 over 3365 seconds",E1,"<*> ddr error(s) detected and corrected on rank <*>, symbol <*> over <*> seconds",0.1,Normal,0
BGL,1977,14-12-2005 22:33,69065,R76-M1-N0-I:J18-U01,APP,FATAL,"ciod: Error loading /g/g0/spelce1/Tuned/SPaSM-base/rundir/SPaSM.baseline: invalid or missing program image, Permission denied",E26,"ciod: Error loading /<*>: invalid or missing program image, Permission denied",0.1,Normal,0
BGL,1978,14-12-2005 23:03,1793,R42-M1-N2-C:J03-U11,KERNEL,INFO,"critical input interrupt (unit=0x0b bit=0x0a): warning for torus z+ wire, suppressing further interrupts of same type",E46,"critical input interrupt (unit=<*> bit=<*>): warning for torus z+ wire, suppressing further interrupts of same type",0.1,Normal,0
BGL,1979,15-12-2005 05:05,21762,R61-M0-N8-C:J17-U11,KERNEL,INFO,"2 ddr error(s) detected and corrected on rank 0, symbol 34 over 2738 seconds",E1,"<*> ddr error(s) detected and corrected on rank <*>, symbol <*> over <*> seconds",0.1,Normal,0
BGL,1980,15-12-2005 05:56,3027,R74-M1-N0-C:J12-U01,KERNEL,INFO,"5 ddr error(s) detected and corrected on rank 0, symbol 28 over 2946 seconds",E1,"<*> ddr error(s) detected and corrected on rank <*>, symbol <*> over <*> seconds",0.1,Normal,0
BGL,1981,15-12-2005 07:16,4798,R37-M1-N8-I:J18-U11,APP,FATAL,"ciod: Error reading message prefix on CioStream socket to 172.16.96.116:49934, Link has been severed",E32,"ciod: Error reading message prefix on CioStream socket to <*>:<*>, Link has been severed",0.9,Risk,2
BGL,1982,15-12-2005 07:16,38,R32-M0-NC-I:J18-U01,APP,FATAL,"ciod: Error reading message prefix on CioStream socket to 172.16.96.116:50288, Link has been severed",E32,"ciod: Error reading message prefix on CioStream socket to <*>:<*>, Link has been severed",0.9,Risk,2
BGL,1983,16-12-2005 15:54,117464,R60-M1-N7-C:J17-U01,KERNEL,INFO,total of 20 ddr error(s) detected and corrected over 22070 seconds,E119,total of <*> ddr error(s) detected and corrected over <*> seconds,0.1,Normal,0
BGL,1984,17-12-2005 01:58,36197,R66-M0-N8-I:J18-U01,KERNEL,INFO,ciod: pollControlDescriptors: Detected the debugger died.,E40,ciod: pollControlDescriptors: Detected the debugger died.,0.1,Normal,0
BGL,1985,18-12-2005 18:10,144776,R30-M1-N3-C:J13-U01,KERNEL,INFO,2 L3 EDRAM error(s) (dcr 0x0157) detected and corrected over 282 seconds,E6,<*> L3 EDRAM error(s) (dcr <*>) detected and corrected over <*> seconds,0.1,Normal,0
BGL,1986,19-12-2005 01:15,25447,R13-M1-N1-C:J03-U01,KERNEL,INFO,total of 3 ddr error(s) detected and corrected over 8732 seconds,E119,total of <*> ddr error(s) detected and corrected over <*> seconds,0.1,Normal,0
BGL,1987,20-12-2005 03:51,95795,R77-M1-NC-I:J18-U01,KERNEL,INFO,ciod: pollControlDescriptors: Detected the debugger died.,E40,ciod: pollControlDescriptors: Detected the debugger died.,0.1,Normal,0
BGL,1988,20-12-2005 16:15,44622,R45-M0-N4-I:J18-U01,KERNEL,INFO,ciod: generated 128 core files for program /g/g24/germann2/SPaSM_static/SPaSM_mpi,E34,ciod: generated <*> core files for program <*>,0.1,Normal,0
BGL,1989,21-12-2005 15:27,83517,R62-M0-N4-I:J18-U01,APP,FATAL,"ciod: Error loading /g/g24/buber/Yunsic/BlueGene/partad.develf/taddriver.32.exe: program image too big, 361544528 > 266076160",E27,"ciod: Error loading /<*>: program image too big, <*> > <*>",0.1,Normal,0
BGL,1990,26-12-2005 06:47,400798,R62-M1-NA-C:J04-U01,KERNEL,FATAL,fpr29=0xffffffff ffffffff ffffffff ffffffff,E65,fpr29=<*>,0.1,Normal,0
BGL,1991,26-12-2005 13:13,23204,R61-M0-N3-C:J11-U11,KERNEL,FATAL,Machine State Register: 0x0002f900,E86,Machine State Register: <*>,0.1,Normal,0
BGL,1992,27-12-2005 00:28,40449,R37-M1-NC-C:J02-U11,KERNEL,INFO,instruction cache parity error corrected,E77,instruction cache parity error corrected,0.1,Normal,0
BGL,1993,27-12-2005 02:50,8523,R37-M1-NC-C:J02-U11,KERNEL,INFO,instruction cache parity error corrected,E77,instruction cache parity error corrected,0.1,Normal,0
BGL,1994,27-12-2005 03:17,1631,R37-M1-NC-C:J02-U11,KERNEL,INFO,instruction cache parity error corrected,E77,instruction cache parity error corrected,0.1,Normal,0
BGL,1995,27-12-2005 05:28,7886,R37-M1-NC-C:J02-U11,KERNEL,INFO,instruction cache parity error corrected,E77,instruction cache parity error corrected,0.1,Normal,0
BGL,1996,27-12-2005 06:37,4148,R37-M1-NC-C:J02-U11,KERNEL,INFO,instruction cache parity error corrected,E77,instruction cache parity error corrected,0.1,Normal,0
BGL,1997,27-12-2005 07:43,3954,R37-M1-NC-C:J02-U11,KERNEL,INFO,instruction cache parity error corrected,E77,instruction cache parity error corrected,0.1,Normal,0
BGL,1998,27-12-2005 07:45,87,R37-M1-NC-C:J02-U11,KERNEL,INFO,instruction cache parity error corrected,E77,instruction cache parity error corrected,0.1,Normal,0
BGL,1999,27-12-2005 09:24,5981,R37-M1-NC-C:J02-U11,KERNEL,INFO,instruction cache parity error corrected,E77,instruction cache parity error corrected,0.1,Normal,0
BGL,2000,03-01-2006 15:13,625691,R07-M0-N0-I:J18-U11,KERNEL,INFO,ciod: generated 128 core files for program /g/g24/germann2/SPaSM_mini/MEAM/r13,E34,ciod: generated <*> core files for program <*>,0.1,Normal,0
HDFS,1,09-11-2008 20:36,0,UNKNOWN,dfs.DataNode$PacketResponder,INFO,PacketResponder 1 for block blk_38865049064139660 terminating,E10,PacketResponder <*> for block blk_<*> terminating,0.05,Normal,0
HDFS,2,09-11-2008 20:38,112,UNKNOWN,dfs.DataNode$PacketResponder,INFO,PacketResponder 0 for block blk_-6952295868487656571 terminating,E10,PacketResponder <*> for block blk_<*> terminating,0.05,Normal,0
HDFS,3,09-11-2008 20:40,118,UNKNOWN,dfs.FSNamesystem,INFO,BLOCK* NameSystem.addStoredBlock: blockMap updated: 10.251.73.220:50010 is added to blk_7128370237687728475 size 67108864,E6,BLOCK* NameSystem.addStoredBlock: blockMap updated: <*>:<*> is added to blk_<*> size <*>,0.05,Normal,0
HDFS,4,09-11-2008 20:40,10,UNKNOWN,dfs.DataNode$PacketResponder,INFO,PacketResponder 2 for block blk_8229193803249955061 terminating,E10,PacketResponder <*> for block blk_<*> terminating,0.05,Normal,0
HDFS,5,09-11-2008 20:41,51,UNKNOWN,dfs.DataNode$PacketResponder,INFO,PacketResponder 2 for block blk_-6670958622368987959 terminating,E10,PacketResponder <*> for block blk_<*> terminating,0.05,Normal,0
HDFS,6,09-11-2008 20:41,26,UNKNOWN,dfs.FSNamesystem,INFO,BLOCK* NameSystem.addStoredBlock: blockMap updated: 10.251.43.115:50010 is added to blk_3050920587428079149 size 67108864,E6,BLOCK* NameSystem.addStoredBlock: blockMap updated: <*>:<*> is added to blk_<*> size <*>,0.05,Normal,0
HDFS,7,09-11-2008 20:43,112,UNKNOWN,dfs.FSNamesystem,INFO,BLOCK* NameSystem.addStoredBlock: blockMap updated: 10.251.203.80:50010 is added to blk_7888946331804732825 size 67108864,E6,BLOCK* NameSystem.addStoredBlock: blockMap updated: <*>:<*> is added to blk_<*> size <*>,0.05,Normal,0
HDFS,8,09-11-2008 20:44,89,UNKNOWN,dfs.FSNamesystem,INFO,BLOCK* NameSystem.addStoredBlock: blockMap updated: 10.250.11.85:50010 is added to blk_2377150260128098806 size 67108864,E6,BLOCK* NameSystem.addStoredBlock: blockMap updated: <*>:<*> is added to blk_<*> size <*>,0.05,Normal,0
HDFS,9,09-11-2008 20:45,32,UNKNOWN,dfs.DataNode$PacketResponder,INFO,PacketResponder 2 for block blk_572492839287299681 terminating,E10,PacketResponder <*> for block blk_<*> terminating,0.05,Normal,0
HDFS,10,09-11-2008 20:46,90,UNKNOWN,dfs.DataNode$PacketResponder,INFO,Received block blk_3587508140051953248 of size 67108864 from /10.251.42.84,E11,Received block blk_<*> of size <*> from /<*>,0.05,Normal,0
HDFS,11,09-11-2008 20:47,27,UNKNOWN,dfs.DataNode$PacketResponder,INFO,Received block blk_5402003568334525940 of size 67108864 from /10.251.214.112,E11,Received block blk_<*> of size <*> from /<*>,0.05,Normal,0
HDFS,12,09-11-2008 20:48,53,UNKNOWN,dfs.DataNode$DataXceiver,INFO,Receiving block blk_5792489080791696128 src: /10.251.30.6:33145 dest: /10.251.30.6:50010,E13,Receiving block blk_<*> src: /<*>:<*> dest: /<*>:<*>,0.05,Normal,0
HDFS,13,09-11-2008 20:48,27,UNKNOWN,dfs.DataNode$DataXceiver,INFO,Receiving block blk_1724757848743533110 src: /10.251.111.130:49851 dest: /10.251.111.130:50010,E13,Receiving block blk_<*> src: /<*>:<*> dest: /<*>:<*>,0.05,Normal,0
HDFS,14,09-11-2008 20:49,26,UNKNOWN,dfs.FSNamesystem,INFO,BLOCK* NameSystem.addStoredBlock: blockMap updated: 10.251.110.8:50010 is added to blk_8015913224713045110 size 67108864,E6,BLOCK* NameSystem.addStoredBlock: blockMap updated: <*>:<*> is added to blk_<*> size <*>,0.05,Normal,0
HDFS,15,09-11-2008 20:49,17,UNKNOWN,dfs.DataNode$DataXceiver,INFO,Receiving block blk_-5623176793330377570 src: /10.251.75.228:53725 dest: /10.251.75.228:50010,E13,Receiving block blk_<*> src: /<*>:<*> dest: /<*>:<*>,0.05,Normal,0
HDFS,16,09-11-2008 20:50,70,UNKNOWN,dfs.FSNamesystem,INFO,BLOCK* NameSystem.allocateBlock: /user/root/rand/_temporary/_task_200811092030_0001_m_000590_0/part-00590. blk_-1727475099218615100,E7,BLOCK* NameSystem.allocateBlock: /<*>/part-<*>. blk_<*>,0.05,Normal,0
HDFS,17,09-11-2008 20:50,21,UNKNOWN,dfs.DataNode$PacketResponder,INFO,PacketResponder 1 for block blk_5017373558217225674 terminating,E10,PacketResponder <*> for block blk_<*> terminating,0.05,Normal,0
HDFS,18,09-11-2008 20:51,61,UNKNOWN,dfs.DataNode$PacketResponder,INFO,Received block blk_9212264480425680329 of size 67108864 from /10.251.123.1,E11,Received block blk_<*> of size <*> from /<*>,0.05,Normal,0
HDFS,19,09-11-2008 20:53,78,UNKNOWN,dfs.FSNamesystem,INFO,BLOCK* NameSystem.allocateBlock: /user/root/rand/_temporary/_task_200811092030_0001_m_000742_0/part-00742. blk_-7878121102358435702,E7,BLOCK* NameSystem.allocateBlock: /<*>/part-<*>. blk_<*>,0.05,Normal,0
HDFS,20,09-11-2008 20:54,54,UNKNOWN,dfs.FSNamesystem,INFO,BLOCK* NameSystem.addStoredBlock: blockMap updated: 10.251.111.130:50010 is added to blk_4568434182693165548 size 67108864,E6,BLOCK* NameSystem.addStoredBlock: blockMap updated: <*>:<*> is added to blk_<*> size <*>,0.05,Normal,0
HDFS,21,09-11-2008 20:54,3,UNKNOWN,dfs.DataNode$PacketResponder,INFO,Received block blk_-5704899712662113150 of size 67108864 from /10.251.91.229,E11,Received block blk_<*> of size <*> from /<*>,0.05,Normal,0
HDFS,22,09-11-2008 20:56,140,UNKNOWN,dfs.FSNamesystem,INFO,BLOCK* NameSystem.addStoredBlock: blockMap updated: 10.251.74.79:50010 is added to blk_-4794867979917102672 size 67108864,E6,BLOCK* NameSystem.addStoredBlock: blockMap updated: <*>:<*> is added to blk_<*> size <*>,0.05,Normal,0
HDFS,23,09-11-2008 20:57,67,UNKNOWN,dfs.FSNamesystem,INFO,BLOCK* NameSystem.addStoredBlock: blockMap updated: 10.251.38.197:50010 is added to blk_8763662564934652249 size 67108864,E6,BLOCK* NameSystem.addStoredBlock: blockMap updated: <*>:<*> is added to blk_<*> size <*>,0.05,Normal,0
HDFS,24,09-11-2008 20:57,3,UNKNOWN,dfs.DataNode$PacketResponder,INFO,Received block blk_-5861636720645142679 of size 67108864 from /10.251.70.211,E11,Received block blk_<*> of size <*> from /<*>,0.05,Normal,0
HDFS,25,09-11-2008 20:57,4,UNKNOWN,dfs.FSNamesystem,INFO,BLOCK* NameSystem.addStoredBlock: blockMap updated: 10.251.74.134:50010 is added to blk_7453815855294711849 size 67108864,E6,BLOCK* NameSystem.addStoredBlock: blockMap updated: <*>:<*> is added to blk_<*> size <*>,0.05,Normal,0
HDFS,26,09-11-2008 20:57,3,UNKNOWN,dfs.DataNode$DataXceiver,INFO,Receiving block blk_-28342503914935090 src: /10.251.123.132:57542 dest: /10.251.123.132:50010,E13,Receiving block blk_<*> src: /<*>:<*> dest: /<*>:<*>,0.05,Normal,0
HDFS,27,09-11-2008 20:57,5,UNKNOWN,dfs.DataNode$PacketResponder,INFO,Received block blk_8291449241650212794 of size 67108864 from /10.251.89.155,E11,Received block blk_<*> of size <*> from /<*>,0.05,Normal,0
HDFS,28,09-11-2008 20:58,64,UNKNOWN,dfs.FSNamesystem,INFO,BLOCK* NameSystem.allocateBlock: /user/root/rand/_temporary/_task_200811092030_0001_m_000487_0/part-00487. blk_-5319073033164653435,E7,BLOCK* NameSystem.allocateBlock: /<*>/part-<*>. blk_<*>,0.05,Normal,0
HDFS,29,09-11-2008 20:59,33,UNKNOWN,dfs.DataBlockScanner,INFO,Verification succeeded for blk_-4980916519894289629,E14,Verification succeeded for blk_<*>,0.05,Normal,0
HDFS,30,09-11-2008 21:00,51,UNKNOWN,dfs.DataNode$PacketResponder,INFO,Received block blk_-5974833545991408899 of size 67108864 from /10.251.31.180,E11,Received block blk_<*> of size <*> from /<*>,0.05,Normal,0
HDFS,31,09-11-2008 21:00,15,UNKNOWN,dfs.DataNode$DataXceiver,INFO,Receiving block blk_-5009020203888190378 src: /10.251.199.19:52622 dest: /10.251.199.19:50010,E13,Receiving block blk_<*> src: /<*>:<*> dest: /<*>:<*>,0.05,Normal,0
HDFS,32,09-11-2008 21:02,131,UNKNOWN,dfs.DataNode$PacketResponder,INFO,Received block blk_6921674711959888070 of size 67108864 from /10.251.65.203,E11,Received block blk_<*> of size <*> from /<*>,0.05,Normal,0
HDFS,33,09-11-2008 21:04,79,UNKNOWN,dfs.FSNamesystem,INFO,BLOCK* NameSystem.addStoredBlock: blockMap updated: 10.250.7.244:50010 is added to blk_5165786360127153975 size 67108864,E6,BLOCK* NameSystem.addStoredBlock: blockMap updated: <*>:<*> is added to blk_<*> size <*>,0.05,Normal,0
HDFS,34,09-11-2008 21:04,51,UNKNOWN,dfs.DataNode$DataXceiver,INFO,Receiving block blk_2937758977269298350 src: /10.251.194.129:37476 dest: /10.251.194.129:50010,E13,Receiving block blk_<*> src: /<*>:<*> dest: /<*>:<*>,0.05,Normal,0
HDFS,35,09-11-2008 21:05,53,UNKNOWN,dfs.FSNamesystem,INFO,BLOCK* NameSystem.addStoredBlock: blockMap updated: 10.250.6.191:50010 is added to blk_673825774073966710 size 67108864,E6,BLOCK* NameSystem.addStoredBlock: blockMap updated: <*>:<*> is added to blk_<*> size <*>,0.05,Normal,0
HDFS,36,09-11-2008 21:06,46,UNKNOWN,dfs.DataNode$PacketResponder,INFO,Received block blk_-7526945448667194862 of size 67108864 from /10.251.203.80,E11,Received block blk_<*> of size <*> from /<*>,0.05,Normal,0
HDFS,37,09-11-2008 21:06,19,UNKNOWN,dfs.DataNode$PacketResponder,INFO,Received block blk_-2094397855762091248 of size 67108864 from /10.251.126.83,E11,Received block blk_<*> of size <*> from /<*>,0.05,Normal,0
HDFS,38,09-11-2008 21:07,16,UNKNOWN,dfs.DataNode$PacketResponder,INFO,Received block blk_-8523968015014407246 of size 67108864 from /10.251.214.225,E11,Received block blk_<*> of size <*> from /<*>,0.05,Normal,0
HDFS,39,09-11-2008 21:07,31,UNKNOWN,dfs.FSNamesystem,INFO,BLOCK* NameSystem.addStoredBlock: blockMap updated: 10.251.89.155:50010 is added to blk_8181993091797661153 size 67108864,E6,BLOCK* NameSystem.addStoredBlock: blockMap updated: <*>:<*> is added to blk_<*> size <*>,0.05,Normal,0
HDFS,40,09-11-2008 21:08,18,UNKNOWN,dfs.DataNode$DataXceiver,INFO,Receiving block blk_-6276023454199613372 src: /10.251.65.237:34085 dest: /10.251.65.237:50010,E13,Receiving block blk_<*> src: /<*>:<*> dest: /<*>:<*>,0.05,Normal,0
HDFS,41,09-11-2008 21:08,6,UNKNOWN,dfs.DataNode$PacketResponder,INFO,Received block blk_4755566011267050000 of size 67108864 from /10.251.75.79,E11,Received block blk_<*> of size <*> from /<*>,0.05,Normal,0
HDFS,42,09-11-2008 21:08,5,UNKNOWN,dfs.DataNode$PacketResponder,INFO,Received block blk_-3909548841543565741 of size 3542967 from /10.251.195.33,E11,Received block blk_<*> of size <*> from /<*>,0.05,Normal,0
HDFS,43,09-11-2008 21:09,69,UNKNOWN,dfs.DataNode$DataXceiver,INFO,Receiving block blk_-6809181994368905854 src: /10.250.17.225:51754 dest: /10.250.17.225:50010,E13,Receiving block blk_<*> src: /<*>:<*> dest: /<*>:<*>,0.05,Normal,0
HDFS,44,09-11-2008 21:09,14,UNKNOWN,dfs.DataNode$PacketResponder,INFO,Received block blk_8829027411458566099 of size 67108864 from /10.251.38.214,E11,Received block blk_<*> of size <*> from /<*>,0.05,Normal,0
HDFS,45,09-11-2008 21:10,54,UNKNOWN,dfs.FSNamesystem,INFO,BLOCK* NameSystem.addStoredBlock: blockMap updated: 10.251.106.50:50010 is added to blk_-29548654251973735 size 67108864,E6,BLOCK* NameSystem.addStoredBlock: blockMap updated: <*>:<*> is added to blk_<*> size <*>,0.05,Normal,0
HDFS,46,09-11-2008 21:10,9,UNKNOWN,dfs.DataNode$PacketResponder,INFO,PacketResponder 1 for block blk_-5073870177832699716 terminating,E10,PacketResponder <*> for block blk_<*> terminating,0.05,Normal,0
HDFS,47,09-11-2008 21:12,98,UNKNOWN,dfs.DataNode$PacketResponder,INFO,Received block blk_-8241093737585222406 of size 67108864 from /10.250.5.161,E11,Received block blk_<*> of size <*> from /<*>,0.05,Normal,0
HDFS,48,09-11-2008 21:13,45,UNKNOWN,dfs.FSNamesystem,INFO,BLOCK* NameSystem.addStoredBlock: blockMap updated: 10.251.111.228:50010 is added to blk_-2480595760294717232 size 67108864,E6,BLOCK* NameSystem.addStoredBlock: blockMap updated: <*>:<*> is added to blk_<*> size <*>,0.05,Normal,0
HDFS,49,09-11-2008 21:13,52,UNKNOWN,dfs.DataNode$PacketResponder,INFO,PacketResponder 0 for block blk_7791237942696729620 terminating,E10,PacketResponder <*> for block blk_<*> terminating,0.05,Normal,0
HDFS,50,09-11-2008 21:14,10,UNKNOWN,dfs.FSNamesystem,INFO,BLOCK* NameSystem.addStoredBlock: blockMap updated: 10.251.202.134:50010 is added to blk_2113880130496815041 size 3549917,E6,BLOCK* NameSystem.addStoredBlock: blockMap updated: <*>:<*> is added to blk_<*> size <*>,0.05,Normal,0
HDFS,51,09-11-2008 21:14,50,UNKNOWN,dfs.DataNode$PacketResponder,INFO,Received block blk_1064470652608359218 of size 67108864 from /10.251.39.242,E11,Received block blk_<*> of size <*> from /<*>,0.05,Normal,0
HDFS,52,09-11-2008 21:15,35,UNKNOWN,dfs.FSNamesystem,INFO,BLOCK* NameSystem.addStoredBlock: blockMap updated: 10.251.110.8:50010 is added to blk_-1661553043410372067 size 67108864,E6,BLOCK* NameSystem.addStoredBlock: blockMap updated: <*>:<*> is added to blk_<*> size <*>,0.05,Normal,0
HDFS,53,09-11-2008 21:16,49,UNKNOWN,dfs.DataNode$PacketResponder,INFO,PacketResponder 1 for block blk_-1527267659500322006 terminating,E10,PacketResponder <*> for block blk_<*> terminating,0.05,Normal,0
HDFS,54,09-11-2008 21:19,181,UNKNOWN,dfs.DataNode$PacketResponder,INFO,PacketResponder 1 for block blk_4886940526690879848 terminating,E10,PacketResponder <*> for block blk_<*> terminating,0.05,Normal,0
HDFS,55,09-11-2008 21:20,71,UNKNOWN,dfs.DataNode$PacketResponder,INFO,Received block blk_-2452477352812192142 of size 67108864 from /10.250.7.244,E11,Received block blk_<*> of size <*> from /<*>,0.05,Normal,0
HDFS,56,09-11-2008 21:22,110,UNKNOWN,dfs.DataNode$PacketResponder,INFO,PacketResponder 0 for block blk_-4229375751333894621 terminating,E10,PacketResponder <*> for block blk_<*> terminating,0.05,Normal,0
HDFS,57,09-11-2008 21:22,1,UNKNOWN,dfs.DataNode$DataXceiver,INFO,Receiving block blk_-774267833966018354 src: /10.251.38.53:51057 dest: /10.251.38.53:50010,E13,Receiving block blk_<*> src: /<*>:<*> dest: /<*>:<*>,0.05,Normal,0
HDFS,58,09-11-2008 21:22,25,UNKNOWN,dfs.FSNamesystem,INFO,BLOCK* NameSystem.allocateBlock: /user/root/rand/_temporary/_task_200811092030_0001_m_001648_0/part-01648. blk_2513940824125131775,E7,BLOCK* NameSystem.allocateBlock: /<*>/part-<*>. blk_<*>,0.05,Normal,0
HDFS,59,09-11-2008 21:23,32,UNKNOWN,dfs.FSNamesystem,INFO,BLOCK* NameSystem.allocateBlock: /user/root/rand/_temporary/_task_200811092030_0001_m_001866_0/part-01866. blk_-1282453782148343691,E7,BLOCK* NameSystem.allocateBlock: /<*>/part-<*>. blk_<*>,0.05,Normal,0
HDFS,60,09-11-2008 21:23,21,UNKNOWN,dfs.DataNode$PacketResponder,INFO,Received block blk_-518701095493827363 of size 67108864 from /10.251.214.67,E11,Received block blk_<*> of size <*> from /<*>,0.05,Normal,0
HDFS,61,09-11-2008 21:24,25,UNKNOWN,dfs.FSNamesystem,INFO,BLOCK* NameSystem.addStoredBlock: blockMap updated: 10.251.106.50:50010 is added to blk_-2530087534157630851 size 67108864,E6,BLOCK* NameSystem.addStoredBlock: blockMap updated: <*>:<*> is added to blk_<*> size <*>,0.05,Normal,0
HDFS,62,09-11-2008 21:24,37,UNKNOWN,dfs.FSNamesystem,INFO,BLOCK* NameSystem.addStoredBlock: blockMap updated: 10.251.198.196:50010 is added to blk_427714267500527780 size 67108864,E6,BLOCK* NameSystem.addStoredBlock: blockMap updated: <*>:<*> is added to blk_<*> size <*>,0.05,Normal,0
HDFS,63,09-11-2008 21:27,143,UNKNOWN,dfs.DataNode$PacketResponder,INFO,Received block blk_-967145856473901804 of size 67108864 from /10.250.6.191,E11,Received block blk_<*> of size <*> from /<*>,0.05,Normal,0
HDFS,64,09-11-2008 21:29,121,UNKNOWN,dfs.DataNode$PacketResponder,INFO,Received block blk_8408125361497769001 of size 67108864 from /10.251.70.211,E11,Received block blk_<*> of size <*> from /<*>,0.05,Normal,0
HDFS,65,09-11-2008 21:29,27,UNKNOWN,dfs.DataNode$PacketResponder,INFO,Received block blk_-1614641487214609125 of size 67108864 from /10.251.193.175,E11,Received block blk_<*> of size <*> from /<*>,0.05,Normal,0
HDFS,66,09-11-2008 21:30,38,UNKNOWN,dfs.DataNode$PacketResponder,INFO,Received block blk_7577595658377008671 of size 67108864 from /10.251.71.97,E11,Received block blk_<*> of size <*> from /<*>,0.05,Normal,0
HDFS,67,09-11-2008 21:30,19,UNKNOWN,dfs.DataNode$PacketResponder,INFO,Received block blk_3777400576053320362 of size 67108864 from /10.251.31.5,E11,Received block blk_<*> of size <*> from /<*>,0.05,Normal,0
HDFS,68,09-11-2008 21:32,109,UNKNOWN,dfs.DataNode$PacketResponder,INFO,PacketResponder 0 for block blk_-5852844080027817147 terminating,E10,PacketResponder <*> for block blk_<*> terminating,0.05,Normal,0
HDFS,69,09-11-2008 21:33,96,UNKNOWN,dfs.DataNode$PacketResponder,INFO,Received block blk_-2129171714384027465 of size 67108864 from /10.251.75.228,E11,Received block blk_<*> of size <*> from /<*>,0.05,Normal,0
HDFS,70,09-11-2008 21:34,43,UNKNOWN,dfs.DataBlockScanner,INFO,Verification succeeded for blk_-2827716238972737794,E14,Verification succeeded for blk_<*>,0.05,Normal,0
HDFS,71,09-11-2008 21:35,30,UNKNOWN,dfs.DataNode$DataXceiver,INFO,Receiving block blk_-3509323198988774369 src: /10.250.6.214:52922 dest: /10.250.6.214:50010,E13,Receiving block blk_<*> src: /<*>:<*> dest: /<*>:<*>,0.05,Normal,0
HDFS,72,09-11-2008 21:35,4,UNKNOWN,dfs.DataNode$PacketResponder,INFO,PacketResponder 0 for block blk_9093049293972551787 terminating,E10,PacketResponder <*> for block blk_<*> terminating,0.05,Normal,0
HDFS,73,09-11-2008 21:38,207,UNKNOWN,dfs.FSDataset,INFO,Deleting block blk_1781953582842324563 file /mnt/hadoop/dfs/data/current/subdir5/blk_1781953582842324563,E9,Deleting block blk_<*> file /<*>/blk_<*>,0.05,Normal,0
HDFS,74,09-11-2008 21:38,10,UNKNOWN,dfs.DataNode$DataXceiver,INFO,10.251.194.213:50010 Served block blk_-7724713468912166542 to /10.251.203.80,E1,<*>:<*> Served block blk_<*> to /<*>,0.05,Normal,0
HDFS,75,09-11-2008 21:39,20,UNKNOWN,dfs.DataNode$DataXceiver,INFO,10.251.91.229:50010 Served block blk_-3358448553918665902 to /10.251.91.229,E1,<*>:<*> Served block blk_<*> to /<*>,0.05,Normal,0
HDFS,76,09-11-2008 21:39,1,UNKNOWN,dfs.DataNode$DataXceiver,INFO,10.251.39.192:50010 Served block blk_-5341992729755584578 to /10.251.39.192,E1,<*>:<*> Served block blk_<*> to /<*>,0.05,Normal,0
HDFS,77,09-11-2008 21:40,61,UNKNOWN,dfs.DataNode$DataXceiver,INFO,10.250.5.237:50010 Served block blk_3166960787499091856 to /10.251.43.147,E1,<*>:<*> Served block blk_<*> to /<*>,0.05,Normal,0
HDFS,78,09-11-2008 21:40,34,UNKNOWN,dfs.DataNode$DataXceiver,WARN,10.251.30.85:50010:Got exception while serving blk_-2918118818249673980 to /10.251.90.64:,E3,<*>:<*>:Got exception while serving blk_<*> to /<*>:,0.7,Medium,1
HDFS,79,09-11-2008 21:44,199,UNKNOWN,dfs.DataNode$DataXceiver,WARN,10.251.126.255:50010:Got exception while serving blk_8376667364205250596 to /10.251.91.159:,E3,<*>:<*>:Got exception while serving blk_<*> to /<*>:,0.7,Medium,1
HDFS,80,09-11-2008 21:45,82,UNKNOWN,dfs.DataNode$DataXceiver,INFO,10.251.71.68:50010 Served block blk_-2794533871450434534 to /10.251.199.150,E1,<*>:<*> Served block blk_<*> to /<*>,0.05,Normal,0
HDFS,81,09-11-2008 21:45,5,UNKNOWN,dfs.DataNode$DataXceiver,WARN,10.251.123.132:50010:Got exception while serving blk_3763728533434719668 to /10.251.38.214:,E3,<*>:<*>:Got exception while serving blk_<*> to /<*>:,0.7,Medium,1
HDFS,82,09-11-2008 21:49,221,UNKNOWN,dfs.DataNode$DataXceiver,WARN,10.250.13.188:50010:Got exception while serving blk_6241141267506413726 to /10.251.194.245:,E3,<*>:<*>:Got exception while serving blk_<*> to /<*>:,0.7,Medium,1
HDFS,83,09-11-2008 21:49,9,UNKNOWN,dfs.DataNode$DataXceiver,INFO,10.251.214.32:50010 Served block blk_-6520030462660619051 to /10.251.215.70,E1,<*>:<*> Served block blk_<*> to /<*>,0.05,Normal,0
HDFS,84,09-11-2008 21:51,137,UNKNOWN,dfs.DataNode$DataXceiver,WARN,10.251.199.19:50010:Got exception while serving blk_8466246428293623262 to /10.251.106.37:,E3,<*>:<*>:Got exception while serving blk_<*> to /<*>:,0.7,Medium,1
HDFS,85,09-11-2008 21:52,83,UNKNOWN,dfs.DataNode$DataXceiver,WARN,10.250.9.207:50010:Got exception while serving blk_-3140754468249228022 to /10.250.9.207:,E3,<*>:<*>:Got exception while serving blk_<*> to /<*>:,0.7,Medium,1
HDFS,86,09-11-2008 21:57,243,UNKNOWN,dfs.DataNode$DataXceiver,WARN,10.251.202.134:50010:Got exception while serving blk_3441699978641526775 to /10.251.126.5:,E3,<*>:<*>:Got exception while serving blk_<*> to /<*>:,0.7,Medium,1
HDFS,87,09-11-2008 21:57,32,UNKNOWN,dfs.DataNode$DataXceiver,INFO,10.250.6.214:50010 Served block blk_5739119717322549945 to /10.251.43.115,E1,<*>:<*> Served block blk_<*> to /<*>,0.05,Normal,0
HDFS,88,09-11-2008 22:00,178,UNKNOWN,dfs.DataNode$DataXceiver,WARN,10.250.14.196:50010:Got exception while serving blk_-305633040016166849 to /10.251.38.53:,E3,<*>:<*>:Got exception while serving blk_<*> to /<*>:,0.7,Medium,1
HDFS,89,09-11-2008 22:04,211,UNKNOWN,dfs.DataNode$DataXceiver,WARN,10.251.107.227:50010:Got exception while serving blk_-6290631608800952376 to /10.251.109.209:,E3,<*>:<*>:Got exception while serving blk_<*> to /<*>:,0.7,Medium,1
HDFS,90,09-11-2008 22:05,85,UNKNOWN,dfs.DataNode$DataXceiver,INFO,10.251.203.166:50010 Served block blk_8787656642683881295 to /10.251.107.98,E1,<*>:<*> Served block blk_<*> to /<*>,0.05,Normal,0
HDFS,91,09-11-2008 22:11,337,UNKNOWN,dfs.DataNode$DataXceiver,WARN,10.251.90.64:50010:Got exception while serving blk_-4841792440390267307 to /10.251.90.239:,E3,<*>:<*>:Got exception while serving blk_<*> to /<*>:,0.7,Medium,1
HDFS,92,09-11-2008 22:11,46,UNKNOWN,dfs.DataNode$DataXceiver,WARN,10.250.10.144:50010:Got exception while serving blk_5126469776250053435 to /10.250.11.100:,E3,<*>:<*>:Got exception while serving blk_<*> to /<*>:,0.7,Medium,1
HDFS,93,09-11-2008 22:20,529,UNKNOWN,dfs.DataNode$DataXceiver,WARN,10.251.71.146:50010:Got exception while serving blk_-2032740670708110312 to /10.251.197.161:,E3,<*>:<*>:Got exception while serving blk_<*> to /<*>:,0.7,Medium,1
HDFS,94,09-11-2008 22:20,1,UNKNOWN,dfs.DataNode$DataXceiver,WARN,10.251.67.113:50010:Got exception while serving blk_-62891505109755100 to /10.250.7.96:,E3,<*>:<*>:Got exception while serving blk_<*> to /<*>:,0.7,Medium,1
HDFS,95,09-11-2008 22:23,181,UNKNOWN,dfs.DataNode$DataXceiver,WARN,10.251.74.79:50010:Got exception while serving blk_2244903517044280975 to /10.251.74.134:,E3,<*>:<*>:Got exception while serving blk_<*> to /<*>:,0.7,Medium,1
HDFS,96,09-11-2008 22:26,188,UNKNOWN,dfs.DataNode$DataXceiver,WARN,10.251.214.112:50010:Got exception while serving blk_5905933788014151041 to /10.251.214.112:,E3,<*>:<*>:Got exception while serving blk_<*> to /<*>:,0.7,Medium,1
HDFS,97,09-11-2008 22:32,321,UNKNOWN,dfs.DataNode$DataXceiver,INFO,10.251.111.80:50010 Served block blk_6296828743242110158 to /10.251.42.246,E1,<*>:<*> Served block blk_<*> to /<*>,0.05,Normal,0
HDFS,98,09-11-2008 22:39,419,UNKNOWN,dfs.DataNode$DataXceiver,WARN,10.251.43.210:50010:Got exception while serving blk_2969087638814291714 to /10.251.199.86:,E3,<*>:<*>:Got exception while serving blk_<*> to /<*>:,0.7,Medium,1
HDFS,99,09-11-2008 22:40,104,UNKNOWN,dfs.DataNode$DataXceiver,WARN,10.251.126.255:50010:Got exception while serving blk_2879780987351022871 to /10.251.39.144:,E3,<*>:<*>:Got exception while serving blk_<*> to /<*>:,0.7,Medium,1
HDFS,100,09-11-2008 22:42,100,UNKNOWN,dfs.DataNode$DataXceiver,WARN,10.251.73.220:50010:Got exception while serving blk_4934527196392001803 to /10.251.203.246:,E3,<*>:<*>:Got exception while serving blk_<*> to /<*>:,0.7,Medium,1
HDFS,101,09-11-2008 22:44,106,UNKNOWN,dfs.DataNode$DataXceiver,WARN,10.251.73.188:50010:Got exception while serving blk_7517964792804498202 to /10.250.6.191:,E3,<*>:<*>:Got exception while serving blk_<*> to /<*>:,0.7,Medium,1
HDFS,102,09-11-2008 22:47,201,UNKNOWN,dfs.DataNode$DataXceiver,WARN,10.251.35.1:50010:Got exception while serving blk_7940316270494947483 to /10.251.122.38:,E3,<*>:<*>:Got exception while serving blk_<*> to /<*>:,0.7,Medium,1
HDFS,103,09-11-2008 23:01,809,UNKNOWN,dfs.DataNode$DataXceiver,WARN,10.251.90.134:50010:Got exception while serving blk_7154985168984871115 to /10.251.110.160:,E3,<*>:<*>:Got exception while serving blk_<*> to /<*>:,0.7,Medium,1
HDFS,104,09-11-2008 23:22,1250,UNKNOWN,dfs.DataNode$PacketResponder,INFO,Received block blk_-6867873931012347356 of size 67108864 from /10.251.39.64,E11,Received block blk_<*> of size <*> from /<*>,0.05,Normal,0
HDFS,105,09-11-2008 23:23,84,UNKNOWN,dfs.FSNamesystem,INFO,BLOCK* NameSystem.addStoredBlock: blockMap updated: 10.251.107.19:50010 is added to blk_6093743385844975689 size 67108864,E6,BLOCK* NameSystem.addStoredBlock: blockMap updated: <*>:<*> is added to blk_<*> size <*>,0.05,Normal,0
HDFS,106,09-11-2008 23:23,22,UNKNOWN,dfs.DataNode$DataXceiver,INFO,Receiving block blk_8692428775973608797 src: /10.250.10.213:56574 dest: /10.250.10.213:50010,E13,Receiving block blk_<*> src: /<*>:<*> dest: /<*>:<*>,0.05,Normal,0
HDFS,107,09-11-2008 23:26,173,UNKNOWN,dfs.DataNode$PacketResponder,INFO,PacketResponder 0 for block blk_-6837050820114491742 terminating,E10,PacketResponder <*> for block blk_<*> terminating,0.05,Normal,0
HDFS,108,09-11-2008 23:28,109,UNKNOWN,dfs.DataNode$PacketResponder,INFO,Received block blk_-5195432543794777448 of size 67108864 from /10.250.10.6,E11,Received block blk_<*> of size <*> from /<*>,0.05,Normal,0
HDFS,109,09-11-2008 23:28,1,UNKNOWN,dfs.FSNamesystem,INFO,BLOCK* NameSystem.addStoredBlock: blockMap updated: 10.251.110.68:50010 is added to blk_1636660629634995787 size 67108864,E6,BLOCK* NameSystem.addStoredBlock: blockMap updated: <*>:<*> is added to blk_<*> size <*>,0.05,Normal,0
HDFS,110,09-11-2008 23:28,4,UNKNOWN,dfs.FSNamesystem,INFO,BLOCK* NameSystem.addStoredBlock: blockMap updated: 10.251.75.79:50010 is added to blk_467589865104023338 size 67108864,E6,BLOCK* NameSystem.addStoredBlock: blockMap updated: <*>:<*> is added to blk_<*> size <*>,0.05,Normal,0
HDFS,111,09-11-2008 23:29,50,UNKNOWN,dfs.DataNode$PacketResponder,INFO,Received block blk_7929144620252342335 of size 67108864 from /10.251.31.5,E11,Received block blk_<*> of size <*> from /<*>,0.05,Normal,0
HDFS,112,09-11-2008 23:29,3,UNKNOWN,dfs.DataNode$DataXceiver,INFO,Receiving block blk_-1798958443298220150 src: /10.251.111.209:57419 dest: /10.251.111.209:50010,E13,Receiving block blk_<*> src: /<*>:<*> dest: /<*>:<*>,0.05,Normal,0
HDFS,113,09-11-2008 23:31,102,UNKNOWN,dfs.DataNode$PacketResponder,INFO,PacketResponder 0 for block blk_-54240672253074715 terminating,E10,PacketResponder <*> for block blk_<*> terminating,0.05,Normal,0
HDFS,114,09-11-2008 23:33,168,UNKNOWN,dfs.DataNode$DataXceiver,INFO,Receiving block blk_-7172347691639518373 src: /10.251.111.37:35327 dest: /10.251.111.37:50010,E13,Receiving block blk_<*> src: /<*>:<*> dest: /<*>:<*>,0.05,Normal,0
HDFS,115,09-11-2008 23:37,237,UNKNOWN,dfs.DataNode$DataXceiver,INFO,Receiving block blk_-6412155847905320411 src: /10.251.30.85:58995 dest: /10.251.30.85:50010,E13,Receiving block blk_<*> src: /<*>:<*> dest: /<*>:<*>,0.05,Normal,0
HDFS,116,09-11-2008 23:38,42,UNKNOWN,dfs.DataNode$DataXceiver,INFO,Receiving block blk_699651392443620263 src: /10.251.70.5:34703 dest: /10.251.70.5:50010,E13,Receiving block blk_<*> src: /<*>:<*> dest: /<*>:<*>,0.05,Normal,0
HDFS,117,09-11-2008 23:38,1,UNKNOWN,dfs.DataNode$DataXceiver,INFO,Receiving block blk_-8788032532930439012 src: /10.251.126.255:41104 dest: /10.251.126.255:50010,E13,Receiving block blk_<*> src: /<*>:<*> dest: /<*>:<*>,0.05,Normal,0
HDFS,118,09-11-2008 23:38,13,UNKNOWN,dfs.DataNode$PacketResponder,INFO,Received block blk_-3455521536483250153 of size 67108864 from /10.251.106.37,E11,Received block blk_<*> of size <*> from /<*>,0.05,Normal,0
HDFS,119,09-11-2008 23:40,98,UNKNOWN,dfs.FSNamesystem,INFO,BLOCK* NameSystem.addStoredBlock: blockMap updated: 10.251.31.85:50010 is added to blk_-7017553867379051457 size 67108864,E6,BLOCK* NameSystem.addStoredBlock: blockMap updated: <*>:<*> is added to blk_<*> size <*>,0.05,Normal,0
HDFS,120,09-11-2008 23:41,40,UNKNOWN,dfs.DataNode$DataXceiver,INFO,Receiving block blk_-1259190292740306590 src: /10.251.65.203:36289 dest: /10.251.65.203:50010,E13,Receiving block blk_<*> src: /<*>:<*> dest: /<*>:<*>,0.05,Normal,0
HDFS,121,09-11-2008 23:41,3,UNKNOWN,dfs.FSNamesystem,INFO,BLOCK* NameSystem.allocateBlock: /user/root/sortrand/_temporary/_task_200811092030_0002_r_000296_0/part-00296. blk_-6620182933895093708,E7,BLOCK* NameSystem.allocateBlock: /<*>/part-<*>. blk_<*>,0.05,Normal,0
HDFS,122,09-11-2008 23:41,1,UNKNOWN,dfs.DataNode$PacketResponder,INFO,PacketResponder 1 for block blk_2028803850179311599 terminating,E10,PacketResponder <*> for block blk_<*> terminating,0.05,Normal,0
HDFS,123,09-11-2008 23:41,1,UNKNOWN,dfs.DataNode$DataXceiver,INFO,Receiving block blk_-8562334328670278932 src: /10.251.194.147:46714 dest: /10.251.194.147:50010,E13,Receiving block blk_<*> src: /<*>:<*> dest: /<*>:<*>,0.05,Normal,0
HDFS,124,09-11-2008 23:43,133,UNKNOWN,dfs.DataNode$PacketResponder,INFO,PacketResponder 1 for block blk_-8108913101671416218 terminating,E10,PacketResponder <*> for block blk_<*> terminating,0.05,Normal,0
HDFS,125,09-11-2008 23:45,107,UNKNOWN,dfs.DataNode$PacketResponder,INFO,PacketResponder 0 for block blk_-7640601843607665080 terminating,E10,PacketResponder <*> for block blk_<*> terminating,0.05,Normal,0
HDFS,126,09-11-2008 23:45,4,UNKNOWN,dfs.DataNode$DataXceiver,INFO,Receiving block blk_7654726977769174867 src: /10.251.110.160:49990 dest: /10.251.110.160:50010,E13,Receiving block blk_<*> src: /<*>:<*> dest: /<*>:<*>,0.05,Normal,0
HDFS,127,09-11-2008 23:45,39,UNKNOWN,dfs.DataNode$PacketResponder,INFO,PacketResponder 1 for block blk_8320088109701056055 terminating,E10,PacketResponder <*> for block blk_<*> terminating,0.05,Normal,0
HDFS,128,09-11-2008 23:46,10,UNKNOWN,dfs.FSNamesystem,INFO,BLOCK* NameSystem.addStoredBlock: blockMap updated: 10.251.197.226:50010 is added to blk_4585055992495043771 size 67108864,E6,BLOCK* NameSystem.addStoredBlock: blockMap updated: <*>:<*> is added to blk_<*> size <*>,0.05,Normal,0
HDFS,129,09-11-2008 23:46,39,UNKNOWN,dfs.DataNode$PacketResponder,INFO,Received block blk_-4330512786228504138 of size 67108864 from /10.251.67.225,E11,Received block blk_<*> of size <*> from /<*>,0.05,Normal,0
HDFS,130,09-11-2008 23:47,22,UNKNOWN,dfs.FSNamesystem,INFO,BLOCK* NameSystem.addStoredBlock: blockMap updated: 10.251.30.179:50010 is added to blk_4628142183191390143 size 67108864,E6,BLOCK* NameSystem.addStoredBlock: blockMap updated: <*>:<*> is added to blk_<*> size <*>,0.05,Normal,0
HDFS,131,09-11-2008 23:47,13,UNKNOWN,dfs.DataNode$PacketResponder,INFO,PacketResponder 2 for block blk_-6766351519628312408 terminating,E10,PacketResponder <*> for block blk_<*> terminating,0.05,Normal,0
HDFS,132,09-11-2008 23:47,9,UNKNOWN,dfs.FSNamesystem,INFO,BLOCK* NameSystem.addStoredBlock: blockMap updated: 10.250.5.237:50010 is added to blk_-476906696485288376 size 67108864,E6,BLOCK* NameSystem.addStoredBlock: blockMap updated: <*>:<*> is added to blk_<*> size <*>,0.05,Normal,0
HDFS,133,09-11-2008 23:48,67,UNKNOWN,dfs.DataNode$PacketResponder,INFO,PacketResponder 0 for block blk_-7436749154361133879 terminating,E10,PacketResponder <*> for block blk_<*> terminating,0.05,Normal,0
HDFS,134,09-11-2008 23:48,0,UNKNOWN,dfs.DataNode$DataXceiver,INFO,Receiving block blk_7061131805920430446 src: /10.250.7.32:53397 dest: /10.250.7.32:50010,E13,Receiving block blk_<*> src: /<*>:<*> dest: /<*>:<*>,0.05,Normal,0
HDFS,135,09-11-2008 23:49,49,UNKNOWN,dfs.DataNode$PacketResponder,INFO,Received block blk_-684595390732854503 of size 67108864 from /10.250.6.191,E11,Received block blk_<*> of size <*> from /<*>,0.05,Normal,0
HDFS,136,09-11-2008 23:50,66,UNKNOWN,dfs.FSNamesystem,INFO,BLOCK* NameSystem.addStoredBlock: blockMap updated: 10.250.7.244:50010 is added to blk_-6956067134432991406 size 67108864,E6,BLOCK* NameSystem.addStoredBlock: blockMap updated: <*>:<*> is added to blk_<*> size <*>,0.05,Normal,0
HDFS,137,09-11-2008 23:51,68,UNKNOWN,dfs.DataNode$PacketResponder,INFO,PacketResponder 0 for block blk_549647953114643908 terminating,E10,PacketResponder <*> for block blk_<*> terminating,0.05,Normal,0
HDFS,138,09-11-2008 23:51,2,UNKNOWN,dfs.FSNamesystem,INFO,BLOCK* NameSystem.allocateBlock: /user/root/sortrand/_temporary/_task_200811092030_0002_r_000230_0/part-00230. blk_559204981722276126,E7,BLOCK* NameSystem.allocateBlock: /<*>/part-<*>. blk_<*>,0.05,Normal,0
HDFS,139,09-11-2008 23:53,85,UNKNOWN,dfs.DataNode$PacketResponder,INFO,PacketResponder 1 for block blk_-165500353496111884 terminating,E10,PacketResponder <*> for block blk_<*> terminating,0.05,Normal,0
HDFS,140,09-11-2008 23:53,6,UNKNOWN,dfs.FSNamesystem,INFO,BLOCK* NameSystem.allocateBlock: /user/root/sortrand/_temporary/_task_200811092030_0002_r_000169_0/part-00169. blk_-7105305952901940477,E7,BLOCK* NameSystem.allocateBlock: /<*>/part-<*>. blk_<*>,0.05,Normal,0
HDFS,141,09-11-2008 23:53,11,UNKNOWN,dfs.DataNode$DataXceiver,INFO,Receiving block blk_-9103764593642564543 src: /10.251.43.115:46385 dest: /10.251.43.115:50010,E13,Receiving block blk_<*> src: /<*>:<*> dest: /<*>:<*>,0.05,Normal,0
HDFS,142,09-11-2008 23:53,15,UNKNOWN,dfs.DataNode$PacketResponder,INFO,PacketResponder 0 for block blk_3160319368100972992 terminating,E10,PacketResponder <*> for block blk_<*> terminating,0.05,Normal,0
HDFS,143,09-11-2008 23:54,49,UNKNOWN,dfs.DataNode$PacketResponder,INFO,Received block blk_-562725280853087685 of size 67108864 from /10.251.91.84,E11,Received block blk_<*> of size <*> from /<*>,0.05,Normal,0
HDFS,144,09-11-2008 23:56,103,UNKNOWN,dfs.DataNode$PacketResponder,INFO,PacketResponder 1 for block blk_4568377692254637284 terminating,E10,PacketResponder <*> for block blk_<*> terminating,0.05,Normal,0
HDFS,145,09-11-2008 23:57,78,UNKNOWN,dfs.DataNode$DataXceiver,INFO,Receiving block blk_-5217146995455608468 src: /10.251.214.67:38871 dest: /10.251.214.67:50010,E13,Receiving block blk_<*> src: /<*>:<*> dest: /<*>:<*>,0.05,Normal,0
HDFS,146,09-11-2008 23:58,46,UNKNOWN,dfs.FSNamesystem,INFO,BLOCK* NameSystem.addStoredBlock: blockMap updated: 10.251.199.225:50010 is added to blk_7481361125021302112 size 67108864,E6,BLOCK* NameSystem.addStoredBlock: blockMap updated: <*>:<*> is added to blk_<*> size <*>,0.05,Normal,0
HDFS,147,09-11-2008 23:59,50,UNKNOWN,dfs.DataNode$PacketResponder,INFO,Received block blk_-71429470616906355 of size 67108864 from /10.250.19.16,E11,Received block blk_<*> of size <*> from /<*>,0.05,Normal,0
HDFS,148,09-11-2008 23:59,1,UNKNOWN,dfs.DataNode$DataXceiver,INFO,Receiving block blk_-522892190802801712 src: /10.251.74.134:39584 dest: /10.251.74.134:50010,E13,Receiving block blk_<*> src: /<*>:<*> dest: /<*>:<*>,0.05,Normal,0
HDFS,149,09-11-2008 23:59,15,UNKNOWN,dfs.FSNamesystem,INFO,BLOCK* NameSystem.addStoredBlock: blockMap updated: 10.251.107.19:50010 is added to blk_-3249711809227781266 size 67108864,E6,BLOCK* NameSystem.addStoredBlock: blockMap updated: <*>:<*> is added to blk_<*> size <*>,0.05,Normal,0
HDFS,150,09-11-2008 23:59,32,UNKNOWN,dfs.DataNode$DataXceiver,INFO,Receiving block blk_-6329494504520216748 src: /10.251.25.237:39332 dest: /10.251.25.237:50010,E13,Receiving block blk_<*> src: /<*>:<*> dest: /<*>:<*>,0.05,Normal,0
HDFS,151,10-11-2008 00:01,86,UNKNOWN,dfs.FSNamesystem,INFO,BLOCK* NameSystem.allocateBlock: /user/root/sortrand/_temporary/_task_200811092030_0002_r_000318_0/part-00318. blk_-207775976836691685,E7,BLOCK* NameSystem.allocateBlock: /<*>/part-<*>. blk_<*>,0.05,Normal,0
HDFS,152,10-11-2008 00:01,19,UNKNOWN,dfs.FSNamesystem,INFO,BLOCK* NameSystem.addStoredBlock: blockMap updated: 10.250.6.4:50010 is added to blk_5114010683183383297 size 67108864,E6,BLOCK* NameSystem.addStoredBlock: blockMap updated: <*>:<*> is added to blk_<*> size <*>,0.05,Normal,0
HDFS,153,10-11-2008 00:01,0,UNKNOWN,dfs.DataNode$PacketResponder,INFO,PacketResponder 1 for block blk_-7656610147924319419 terminating,E10,PacketResponder <*> for block blk_<*> terminating,0.05,Normal,0
HDFS,154,10-11-2008 00:02,56,UNKNOWN,dfs.FSNamesystem,INFO,BLOCK* NameSystem.allocateBlock: /user/root/sortrand/_temporary/_task_200811092030_0002_r_000318_0/part-00318. blk_2096692261399680562,E7,BLOCK* NameSystem.allocateBlock: /<*>/part-<*>. blk_<*>,0.05,Normal,0
HDFS,155,10-11-2008 00:02,6,UNKNOWN,dfs.DataNode$PacketResponder,INFO,PacketResponder 0 for block blk_-6500549130351529113 terminating,E10,PacketResponder <*> for block blk_<*> terminating,0.05,Normal,0
HDFS,156,10-11-2008 00:03,41,UNKNOWN,dfs.DataNode$DataXceiver,INFO,Receiving block blk_-8255732027871411321 src: /10.251.39.179:33950 dest: /10.251.39.179:50010,E13,Receiving block blk_<*> src: /<*>:<*> dest: /<*>:<*>,0.05,Normal,0
HDFS,157,10-11-2008 00:05,108,UNKNOWN,dfs.DataNode$PacketResponder,INFO,PacketResponder 2 for block blk_-2896670847306153652 terminating,E10,PacketResponder <*> for block blk_<*> terminating,0.05,Normal,0
HDFS,158,10-11-2008 00:05,39,UNKNOWN,dfs.DataNode$DataXceiver,INFO,Receiving block blk_-8856628810470361280 src: /10.250.5.237:41923 dest: /10.250.5.237:50010,E13,Receiving block blk_<*> src: /<*>:<*> dest: /<*>:<*>,0.05,Normal,0
HDFS,159,10-11-2008 00:06,30,UNKNOWN,dfs.DataNode$PacketResponder,INFO,Received block blk_3463540868626173125 of size 67108864 from /10.251.30.134,E11,Received block blk_<*> of size <*> from /<*>,0.05,Normal,0
HDFS,160,10-11-2008 00:06,41,UNKNOWN,dfs.DataNode$PacketResponder,INFO,Received block blk_-5309211894896608429 of size 67108864 from /10.251.202.181,E11,Received block blk_<*> of size <*> from /<*>,0.05,Normal,0
HDFS,161,10-11-2008 00:07,30,UNKNOWN,dfs.FSNamesystem,INFO,BLOCK* NameSystem.addStoredBlock: blockMap updated: 10.250.15.240:50010 is added to blk_-1055254430948037872 size 67108864,E6,BLOCK* NameSystem.addStoredBlock: blockMap updated: <*>:<*> is added to blk_<*> size <*>,0.05,Normal,0
HDFS,162,10-11-2008 00:07,28,UNKNOWN,dfs.DataNode$DataXceiver,INFO,Receiving block blk_3962600675982666210 src: /10.251.123.195:37374 dest: /10.251.123.195:50010,E13,Receiving block blk_<*> src: /<*>:<*> dest: /<*>:<*>,0.05,Normal,0
HDFS,163,10-11-2008 00:08,25,UNKNOWN,dfs.DataNode$PacketResponder,INFO,PacketResponder 0 for block blk_-730776401372551814 terminating,E10,PacketResponder <*> for block blk_<*> terminating,0.05,Normal,0
HDFS,164,10-11-2008 00:08,21,UNKNOWN,dfs.DataNode$PacketResponder,INFO,PacketResponder 2 for block blk_-7553009628768897700 terminating,E10,PacketResponder <*> for block blk_<*> terminating,0.05,Normal,0
HDFS,165,10-11-2008 00:12,249,UNKNOWN,dfs.DataNode$PacketResponder,INFO,Received block blk_3068335169639013019 of size 67108864 from /10.251.71.68,E11,Received block blk_<*> of size <*> from /<*>,0.05,Normal,0
HDFS,166,10-11-2008 00:13,17,UNKNOWN,dfs.FSNamesystem,INFO,BLOCK* NameSystem.addStoredBlock: blockMap updated: 10.251.90.239:50010 is added to blk_-9069971851590882719 size 67108864,E6,BLOCK* NameSystem.addStoredBlock: blockMap updated: <*>:<*> is added to blk_<*> size <*>,0.05,Normal,0
HDFS,167,10-11-2008 00:13,30,UNKNOWN,dfs.FSNamesystem,INFO,BLOCK* NameSystem.addStoredBlock: blockMap updated: 10.251.67.4:50010 is added to blk_-8924134715029713489 size 67108864,E6,BLOCK* NameSystem.addStoredBlock: blockMap updated: <*>:<*> is added to blk_<*> size <*>,0.05,Normal,0
HDFS,168,10-11-2008 00:13,13,UNKNOWN,dfs.FSNamesystem,INFO,BLOCK* NameSystem.addStoredBlock: blockMap updated: 10.250.7.146:50010 is added to blk_278357163850888 size 67108864,E6,BLOCK* NameSystem.addStoredBlock: blockMap updated: <*>:<*> is added to blk_<*> size <*>,0.05,Normal,0
HDFS,169,10-11-2008 00:17,235,UNKNOWN,dfs.DataNode$DataXceiver,INFO,Receiving block blk_-5135777574223073423 src: /10.251.65.237:48648 dest: /10.251.65.237:50010,E13,Receiving block blk_<*> src: /<*>:<*> dest: /<*>:<*>,0.05,Normal,0
HDFS,170,10-11-2008 00:18,33,UNKNOWN,dfs.DataNode$PacketResponder,INFO,PacketResponder 2 for block blk_-1148756466197125339 terminating,E10,PacketResponder <*> for block blk_<*> terminating,0.05,Normal,0
HDFS,171,10-11-2008 00:20,143,UNKNOWN,dfs.DataNode$PacketResponder,INFO,PacketResponder 1 for block blk_9074030793567748915 terminating,E10,PacketResponder <*> for block blk_<*> terminating,0.05,Normal,0
HDFS,172,10-11-2008 00:21,22,UNKNOWN,dfs.DataNode$PacketResponder,INFO,Received block blk_-4067446915270471579 of size 25933924 from /10.251.110.8,E11,Received block blk_<*> of size <*> from /<*>,0.05,Normal,0
HDFS,173,10-11-2008 00:22,78,UNKNOWN,dfs.DataNode$PacketResponder,INFO,PacketResponder 0 for block blk_3259872359515191972 terminating,E10,PacketResponder <*> for block blk_<*> terminating,0.05,Normal,0
HDFS,174,10-11-2008 00:22,2,UNKNOWN,dfs.DataNode$PacketResponder,INFO,PacketResponder 1 for block blk_5963816136267066159 terminating,E10,PacketResponder <*> for block blk_<*> terminating,0.05,Normal,0
HDFS,175,10-11-2008 00:22,30,UNKNOWN,dfs.FSNamesystem,INFO,BLOCK* NameSystem.allocateBlock: /user/root/sortrand/_temporary/_task_200811092030_0002_r_000138_0/part-00138. blk_-210021574616486609,E7,BLOCK* NameSystem.allocateBlock: /<*>/part-<*>. blk_<*>,0.05,Normal,0
HDFS,176,10-11-2008 00:23,44,UNKNOWN,dfs.DataBlockScanner,INFO,Verification succeeded for blk_-1547954353065580372,E14,Verification succeeded for blk_<*>,0.05,Normal,0
HDFS,177,10-11-2008 00:29,337,UNKNOWN,dfs.DataNode$DataXceiver,INFO,Receiving block blk_-8524274644018377752 src: /10.251.42.16:33011 dest: /10.251.42.16:50010,E13,Receiving block blk_<*> src: /<*>:<*> dest: /<*>:<*>,0.05,Normal,0
HDFS,178,10-11-2008 00:34,327,UNKNOWN,dfs.DataNode$DataXceiver,INFO,Receiving block blk_-2015110815660478655 src: /10.251.35.1:53344 dest: /10.251.35.1:50010,E13,Receiving block blk_<*> src: /<*>:<*> dest: /<*>:<*>,0.05,Normal,0
HDFS,179,10-11-2008 00:35,21,UNKNOWN,dfs.DataNode$PacketResponder,INFO,Received block blk_7484759945731484842 of size 67108864 from /10.251.203.149,E11,Received block blk_<*> of size <*> from /<*>,0.05,Normal,0
HDFS,180,10-11-2008 00:42,465,UNKNOWN,dfs.FSNamesystem,INFO,BLOCK* NameSystem.addStoredBlock: blockMap updated: 10.251.39.242:50010 is added to blk_-4110733372292809607 size 67108864,E6,BLOCK* NameSystem.addStoredBlock: blockMap updated: <*>:<*> is added to blk_<*> size <*>,0.05,Normal,0
HDFS,181,10-11-2008 01:03,1267,UNKNOWN,dfs.DataNode$PacketResponder,INFO,Received block blk_-7152190882826520998 of size 67108864 from /10.250.14.143,E11,Received block blk_<*> of size <*> from /<*>,0.05,Normal,0
HDFS,182,10-11-2008 01:04,44,UNKNOWN,dfs.DataNode$DataXceiver,INFO,Receiving block blk_-6543889749770222531 src: /10.251.107.98:56224 dest: /10.251.107.98:50010,E13,Receiving block blk_<*> src: /<*>:<*> dest: /<*>:<*>,0.05,Normal,0
HDFS,183,10-11-2008 01:05,28,UNKNOWN,dfs.DataNode$PacketResponder,INFO,Received block blk_8772892713521115147 of size 67108864 from /10.251.194.245,E11,Received block blk_<*> of size <*> from /<*>,0.05,Normal,0
HDFS,184,10-11-2008 01:05,19,UNKNOWN,dfs.DataNode$PacketResponder,INFO,Received block blk_-6979800421545566530 of size 67108864 from /10.250.10.176,E11,Received block blk_<*> of size <*> from /<*>,0.05,Normal,0
HDFS,185,10-11-2008 01:05,18,UNKNOWN,dfs.FSNamesystem,INFO,BLOCK* NameSystem.allocateBlock: /user/root/randtxt/_temporary/_task_200811092030_0003_m_000382_0/part-00382. blk_8935202950442998446,E7,BLOCK* NameSystem.allocateBlock: /<*>/part-<*>. blk_<*>,0.05,Normal,0
HDFS,186,10-11-2008 01:06,46,UNKNOWN,dfs.DataNode$PacketResponder,INFO,PacketResponder 1 for block blk_-4799092443170733505 terminating,E10,PacketResponder <*> for block blk_<*> terminating,0.05,Normal,0
HDFS,187,10-11-2008 01:07,90,UNKNOWN,dfs.FSNamesystem,INFO,BLOCK* NameSystem.allocateBlock: /user/root/randtxt/_temporary/_task_200811092030_0003_m_000392_0/part-00392. blk_-3010126661650043258,E7,BLOCK* NameSystem.allocateBlock: /<*>/part-<*>. blk_<*>,0.05,Normal,0
HDFS,188,10-11-2008 01:08,2,UNKNOWN,dfs.DataNode$PacketResponder,INFO,PacketResponder 2 for block blk_-5215520749152394224 terminating,E10,PacketResponder <*> for block blk_<*> terminating,0.05,Normal,0
HDFS,189,10-11-2008 01:08,14,UNKNOWN,dfs.DataNode$PacketResponder,INFO,PacketResponder 0 for block blk_397848436489409658 terminating,E10,PacketResponder <*> for block blk_<*> terminating,0.05,Normal,0
HDFS,190,10-11-2008 01:08,36,UNKNOWN,dfs.FSNamesystem,INFO,BLOCK* NameSystem.addStoredBlock: blockMap updated: 10.251.199.86:50010 is added to blk_-9181958042427679309 size 67108864,E6,BLOCK* NameSystem.addStoredBlock: blockMap updated: <*>:<*> is added to blk_<*> size <*>,0.05,Normal,0
HDFS,191,10-11-2008 01:09,26,UNKNOWN,dfs.DataNode$PacketResponder,INFO,Received block blk_-5124326558394984439 of size 67108864 from /10.251.122.79,E11,Received block blk_<*> of size <*> from /<*>,0.05,Normal,0
HDFS,192,10-11-2008 01:09,1,UNKNOWN,dfs.FSNamesystem,INFO,BLOCK* NameSystem.addStoredBlock: blockMap updated: 10.251.106.37:50010 is added to blk_-4741127506068309449 size 67108864,E6,BLOCK* NameSystem.addStoredBlock: blockMap updated: <*>:<*> is added to blk_<*> size <*>,0.05,Normal,0
HDFS,193,10-11-2008 01:09,14,UNKNOWN,dfs.DataNode$PacketResponder,INFO,PacketResponder 1 for block blk_-4937215748597091532 terminating,E10,PacketResponder <*> for block blk_<*> terminating,0.05,Normal,0
HDFS,194,10-11-2008 01:10,29,UNKNOWN,dfs.FSNamesystem,INFO,BLOCK* NameSystem.addStoredBlock: blockMap updated: 10.251.25.237:50010 is added to blk_541463031152673662 size 67108864,E6,BLOCK* NameSystem.addStoredBlock: blockMap updated: <*>:<*> is added to blk_<*> size <*>,0.05,Normal,0
HDFS,195,10-11-2008 01:11,59,UNKNOWN,dfs.DataNode$PacketResponder,INFO,Received block blk_-7514806214244798312 of size 67108864 from /10.250.15.101,E11,Received block blk_<*> of size <*> from /<*>,0.05,Normal,0
HDFS,196,10-11-2008 01:11,33,UNKNOWN,dfs.DataNode$PacketResponder,INFO,Received block blk_-7007208336332784130 of size 67108864 from /10.251.27.63,E11,Received block blk_<*> of size <*> from /<*>,0.05,Normal,0
HDFS,197,10-11-2008 01:12,64,UNKNOWN,dfs.DataBlockScanner,INFO,Verification succeeded for blk_6996194389878584395,E14,Verification succeeded for blk_<*>,0.05,Normal,0
HDFS,198,10-11-2008 01:13,58,UNKNOWN,dfs.FSNamesystem,INFO,BLOCK* NameSystem.addStoredBlock: blockMap updated: 10.251.71.146:50010 is added to blk_-6836642008179678048 size 67108864,E6,BLOCK* NameSystem.addStoredBlock: blockMap updated: <*>:<*> is added to blk_<*> size <*>,0.05,Normal,0
HDFS,199,10-11-2008 01:13,17,UNKNOWN,dfs.DataNode$PacketResponder,INFO,PacketResponder 1 for block blk_8060713381303305129 terminating,E10,PacketResponder <*> for block blk_<*> terminating,0.05,Normal,0
HDFS,200,10-11-2008 01:14,14,UNKNOWN,dfs.DataNode$DataXceiver,INFO,Receiving block blk_5760391051658436046 src: /10.251.42.84:59752 dest: /10.251.42.84:50010,E13,Receiving block blk_<*> src: /<*>:<*> dest: /<*>:<*>,0.05,Normal,0
HDFS,201,10-11-2008 01:14,25,UNKNOWN,dfs.FSNamesystem,INFO,BLOCK* NameSystem.allocateBlock: /user/root/randtxt/_temporary/_task_200811092030_0003_m_000675_0/part-00675. blk_-7866582011201618766,E7,BLOCK* NameSystem.allocateBlock: /<*>/part-<*>. blk_<*>,0.05,Normal,0
HDFS,202,10-11-2008 01:14,17,UNKNOWN,dfs.FSNamesystem,INFO,BLOCK* NameSystem.addStoredBlock: blockMap updated: 10.251.214.18:50010 is added to blk_-7555801584297376435 size 67108864,E6,BLOCK* NameSystem.addStoredBlock: blockMap updated: <*>:<*> is added to blk_<*> size <*>,0.05,Normal,0
HDFS,203,10-11-2008 01:15,17,UNKNOWN,dfs.FSNamesystem,INFO,BLOCK* NameSystem.addStoredBlock: blockMap updated: 10.251.26.177:50010 is added to blk_-5949883083428548093 size 67108864,E6,BLOCK* NameSystem.addStoredBlock: blockMap updated: <*>:<*> is added to blk_<*> size <*>,0.05,Normal,0
HDFS,204,10-11-2008 01:15,16,UNKNOWN,dfs.FSNamesystem,INFO,BLOCK* NameSystem.allocateBlock: /user/root/randtxt/_temporary/_task_200811092030_0003_m_000705_0/part-00705. blk_-9162090767925303921,E7,BLOCK* NameSystem.allocateBlock: /<*>/part-<*>. blk_<*>,0.05,Normal,0
HDFS,205,10-11-2008 01:15,17,UNKNOWN,dfs.DataNode$PacketResponder,INFO,PacketResponder 1 for block blk_-4196449318426994195 terminating,E10,PacketResponder <*> for block blk_<*> terminating,0.05,Normal,0
HDFS,206,10-11-2008 01:17,95,UNKNOWN,dfs.DataNode$DataXceiver,INFO,Receiving block blk_4238127626194855481 src: /10.250.11.100:59324 dest: /10.250.11.100:50010,E13,Receiving block blk_<*> src: /<*>:<*> dest: /<*>:<*>,0.05,Normal,0
HDFS,207,10-11-2008 01:17,18,UNKNOWN,dfs.DataNode$PacketResponder,INFO,Received block blk_-3805070405372551730 of size 67108864 from /10.251.109.236,E11,Received block blk_<*> of size <*> from /<*>,0.05,Normal,0
HDFS,208,10-11-2008 01:18,75,UNKNOWN,dfs.DataNode$PacketResponder,INFO,Received block blk_-2013946318750925538 of size 67108864 from /10.251.126.22,E11,Received block blk_<*> of size <*> from /<*>,0.05,Normal,0
HDFS,209,10-11-2008 01:19,39,UNKNOWN,dfs.DataNode$PacketResponder,INFO,PacketResponder 1 for block blk_3278280638950561822 terminating,E10,PacketResponder <*> for block blk_<*> terminating,0.05,Normal,0
HDFS,210,10-11-2008 01:20,40,UNKNOWN,dfs.DataNode$PacketResponder,INFO,PacketResponder 1 for block blk_-26568864070436835 terminating,E10,PacketResponder <*> for block blk_<*> terminating,0.05,Normal,0
HDFS,211,10-11-2008 01:22,160,UNKNOWN,dfs.DataNode$PacketResponder,INFO,PacketResponder 0 for block blk_-9161369067334198861 terminating,E10,PacketResponder <*> for block blk_<*> terminating,0.05,Normal,0
HDFS,212,10-11-2008 01:23,66,UNKNOWN,dfs.DataNode$PacketResponder,INFO,Received block blk_-1094025072435547068 of size 67108864 from /10.251.66.3,E11,Received block blk_<*> of size <*> from /<*>,0.05,Normal,0
HDFS,213,10-11-2008 01:23,6,UNKNOWN,dfs.DataNode$PacketResponder,INFO,Received block blk_6534693994677948144 of size 67108864 from /10.251.201.204,E11,Received block blk_<*> of size <*> from /<*>,0.05,Normal,0
HDFS,214,10-11-2008 01:24,29,UNKNOWN,dfs.DataNode$DataXceiver,INFO,Receiving block blk_7672124247291403094 src: /10.251.66.3:55531 dest: /10.251.66.3:50010,E13,Receiving block blk_<*> src: /<*>:<*> dest: /<*>:<*>,0.05,Normal,0
HDFS,215,10-11-2008 01:25,56,UNKNOWN,dfs.DataNode$PacketResponder,INFO,PacketResponder 1 for block blk_-5569558931000121451 terminating,E10,PacketResponder <*> for block blk_<*> terminating,0.05,Normal,0
HDFS,216,10-11-2008 01:27,151,UNKNOWN,dfs.DataNode$PacketResponder,INFO,PacketResponder 2 for block blk_-4566099704755845087 terminating,E10,PacketResponder <*> for block blk_<*> terminating,0.05,Normal,0
HDFS,217,10-11-2008 01:28,42,UNKNOWN,dfs.DataNode$PacketResponder,INFO,PacketResponder 0 for block blk_-8093500164295459838 terminating,E10,PacketResponder <*> for block blk_<*> terminating,0.05,Normal,0
HDFS,218,10-11-2008 01:28,20,UNKNOWN,dfs.DataNode$PacketResponder,INFO,Received block blk_-3787594914477940893 of size 67108864 from /10.251.71.16,E11,Received block blk_<*> of size <*> from /<*>,0.05,Normal,0
HDFS,219,10-11-2008 01:28,2,UNKNOWN,dfs.DataNode$PacketResponder,INFO,Received block blk_426381928692704514 of size 67108864 from /10.251.122.38,E11,Received block blk_<*> of size <*> from /<*>,0.05,Normal,0
HDFS,220,10-11-2008 01:31,148,UNKNOWN,dfs.FSNamesystem,INFO,BLOCK* NameSystem.allocateBlock: /user/root/randtxt/_temporary/_task_200811092030_0003_m_001095_0/part-01095. blk_-7413910507260978729,E7,BLOCK* NameSystem.allocateBlock: /<*>/part-<*>. blk_<*>,0.05,Normal,0
HDFS,221,10-11-2008 01:32,55,UNKNOWN,dfs.DataNode$PacketResponder,INFO,PacketResponder 1 for block blk_4774656339381154282 terminating,E10,PacketResponder <*> for block blk_<*> terminating,0.05,Normal,0
HDFS,222,10-11-2008 01:32,11,UNKNOWN,dfs.DataNode$DataXceiver,INFO,Receiving block blk_-8227485321105019293 src: /10.251.195.33:56999 dest: /10.251.195.33:50010,E13,Receiving block blk_<*> src: /<*>:<*> dest: /<*>:<*>,0.05,Normal,0
HDFS,223,10-11-2008 01:33,35,UNKNOWN,dfs.FSNamesystem,INFO,BLOCK* NameSystem.addStoredBlock: blockMap updated: 10.251.75.79:50010 is added to blk_5210211633167259832 size 67108864,E6,BLOCK* NameSystem.addStoredBlock: blockMap updated: <*>:<*> is added to blk_<*> size <*>,0.05,Normal,0
HDFS,224,10-11-2008 01:34,60,UNKNOWN,dfs.DataNode$PacketResponder,INFO,PacketResponder 2 for block blk_2917692073041583988 terminating,E10,PacketResponder <*> for block blk_<*> terminating,0.05,Normal,0
HDFS,225,10-11-2008 01:34,6,UNKNOWN,dfs.FSNamesystem,INFO,BLOCK* NameSystem.addStoredBlock: blockMap updated: 10.251.199.159:50010 is added to blk_-8558845834445970595 size 67108864,E6,BLOCK* NameSystem.addStoredBlock: blockMap updated: <*>:<*> is added to blk_<*> size <*>,0.05,Normal,0
HDFS,226,10-11-2008 01:35,50,UNKNOWN,dfs.DataNode$PacketResponder,INFO,Received block blk_3852281952649038166 of size 67108864 from /10.251.122.65,E11,Received block blk_<*> of size <*> from /<*>,0.05,Normal,0
HDFS,227,10-11-2008 01:35,4,UNKNOWN,dfs.DataNode$PacketResponder,INFO,PacketResponder 2 for block blk_-5442040196315589272 terminating,E10,PacketResponder <*> for block blk_<*> terminating,0.05,Normal,0
HDFS,228,10-11-2008 01:35,31,UNKNOWN,dfs.DataNode$DataXceiver,INFO,Receiving block blk_-6486714614940767660 src: /10.250.11.53:48454 dest: /10.250.11.53:50010,E13,Receiving block blk_<*> src: /<*>:<*> dest: /<*>:<*>,0.05,Normal,0
HDFS,229,10-11-2008 01:35,5,UNKNOWN,dfs.DataNode$PacketResponder,INFO,PacketResponder 0 for block blk_755689327380778318 terminating,E10,PacketResponder <*> for block blk_<*> terminating,0.05,Normal,0
HDFS,230,10-11-2008 01:35,3,UNKNOWN,dfs.DataNode$PacketResponder,INFO,Received block blk_-8847552694913526632 of size 67108864 from /10.251.201.204,E11,Received block blk_<*> of size <*> from /<*>,0.05,Normal,0
HDFS,231,10-11-2008 01:35,14,UNKNOWN,dfs.DataNode$PacketResponder,INFO,Received block blk_7736147489540456118 of size 67108864 from /10.251.74.227,E11,Received block blk_<*> of size <*> from /<*>,0.05,Normal,0
HDFS,232,10-11-2008 01:37,76,UNKNOWN,dfs.DataNode$PacketResponder,INFO,Received block blk_-3677956642639780952 of size 67108864 from /10.251.123.20,E11,Received block blk_<*> of size <*> from /<*>,0.05,Normal,0
HDFS,233,10-11-2008 01:37,6,UNKNOWN,dfs.FSNamesystem,INFO,BLOCK* NameSystem.addStoredBlock: blockMap updated: 10.251.73.220:50010 is added to blk_3073404534069578592 size 67108864,E6,BLOCK* NameSystem.addStoredBlock: blockMap updated: <*>:<*> is added to blk_<*> size <*>,0.05,Normal,0
HDFS,234,10-11-2008 01:38,94,UNKNOWN,dfs.DataNode$PacketResponder,INFO,Received block blk_1498192967843651378 of size 67108864 from /10.251.42.84,E11,Received block blk_<*> of size <*> from /<*>,0.05,Normal,0
HDFS,235,10-11-2008 01:39,43,UNKNOWN,dfs.DataNode$DataXceiver,INFO,Receiving block blk_148513789886825227 src: /10.251.123.33:54308 dest: /10.251.123.33:50010,E13,Receiving block blk_<*> src: /<*>:<*> dest: /<*>:<*>,0.05,Normal,0
HDFS,236,10-11-2008 01:40,24,UNKNOWN,dfs.DataNode$DataXceiver,INFO,Receiving block blk_7229716389774599497 src: /10.251.201.204:38310 dest: /10.251.201.204:50010,E13,Receiving block blk_<*> src: /<*>:<*> dest: /<*>:<*>,0.05,Normal,0
HDFS,237,10-11-2008 01:40,21,UNKNOWN,dfs.DataNode$PacketResponder,INFO,PacketResponder 0 for block blk_4741107979793372752 terminating,E10,PacketResponder <*> for block blk_<*> terminating,0.05,Normal,0
HDFS,238,10-11-2008 01:40,10,UNKNOWN,dfs.DataNode$DataXceiver,INFO,Receiving block blk_691517018986659607 src: /10.251.195.70:59379 dest: /10.251.195.70:50010,E13,Receiving block blk_<*> src: /<*>:<*> dest: /<*>:<*>,0.05,Normal,0
HDFS,239,10-11-2008 01:40,10,UNKNOWN,dfs.FSNamesystem,INFO,BLOCK* NameSystem.addStoredBlock: blockMap updated: 10.251.203.129:50010 is added to blk_6002109944224710483 size 67108864,E6,BLOCK* NameSystem.addStoredBlock: blockMap updated: <*>:<*> is added to blk_<*> size <*>,0.05,Normal,0
HDFS,240,10-11-2008 01:40,7,UNKNOWN,dfs.FSNamesystem,INFO,BLOCK* NameSystem.addStoredBlock: blockMap updated: 10.251.122.65:50010 is added to blk_5095897972833086609 size 67108864,E6,BLOCK* NameSystem.addStoredBlock: blockMap updated: <*>:<*> is added to blk_<*> size <*>,0.05,Normal,0
HDFS,241,10-11-2008 01:41,48,UNKNOWN,dfs.DataNode$PacketResponder,INFO,PacketResponder 1 for block blk_-3802183646922512795 terminating,E10,PacketResponder <*> for block blk_<*> terminating,0.05,Normal,0
HDFS,242,10-11-2008 01:41,7,UNKNOWN,dfs.FSNamesystem,INFO,BLOCK* NameSystem.addStoredBlock: blockMap updated: 10.251.201.204:50010 is added to blk_9072829105973334075 size 67108864,E6,BLOCK* NameSystem.addStoredBlock: blockMap updated: <*>:<*> is added to blk_<*> size <*>,0.05,Normal,0
HDFS,243,10-11-2008 01:42,22,UNKNOWN,dfs.FSNamesystem,INFO,BLOCK* NameSystem.allocateBlock: /user/root/randtxt/_temporary/_task_200811092030_0003_m_001365_0/part-01365. blk_4841101867353115844,E7,BLOCK* NameSystem.allocateBlock: /<*>/part-<*>. blk_<*>,0.05,Normal,0
HDFS,244,10-11-2008 01:42,50,UNKNOWN,dfs.DataNode$PacketResponder,INFO,PacketResponder 1 for block blk_1997668456720275587 terminating,E10,PacketResponder <*> for block blk_<*> terminating,0.05,Normal,0
HDFS,245,10-11-2008 01:43,17,UNKNOWN,dfs.DataNode$PacketResponder,INFO,Received block blk_3304535870056962597 of size 67108864 from /10.251.203.166,E11,Received block blk_<*> of size <*> from /<*>,0.05,Normal,0
HDFS,246,10-11-2008 01:43,35,UNKNOWN,dfs.DataNode$PacketResponder,INFO,PacketResponder 1 for block blk_-4853183643928986291 terminating,E10,PacketResponder <*> for block blk_<*> terminating,0.05,Normal,0
HDFS,247,10-11-2008 01:44,32,UNKNOWN,dfs.FSNamesystem,INFO,BLOCK* NameSystem.addStoredBlock: blockMap updated: 10.251.107.196:50010 is added to blk_6828121630547887549 size 67108864,E6,BLOCK* NameSystem.addStoredBlock: blockMap updated: <*>:<*> is added to blk_<*> size <*>,0.05,Normal,0
HDFS,248,10-11-2008 01:44,2,UNKNOWN,dfs.DataNode$PacketResponder,INFO,Received block blk_3084588477220583373 of size 67108864 from /10.251.125.174,E11,Received block blk_<*> of size <*> from /<*>,0.05,Normal,0
HDFS,249,10-11-2008 01:44,5,UNKNOWN,dfs.DataNode$PacketResponder,INFO,PacketResponder 2 for block blk_-653434419514937486 terminating,E10,PacketResponder <*> for block blk_<*> terminating,0.05,Normal,0
HDFS,250,10-11-2008 01:45,51,UNKNOWN,dfs.FSNamesystem,INFO,BLOCK* NameSystem.allocateBlock: /user/root/randtxt/_temporary/_task_200811092030_0003_m_001506_0/part-01506. blk_1104376461837247304,E7,BLOCK* NameSystem.allocateBlock: /<*>/part-<*>. blk_<*>,0.05,Normal,0
HDFS,251,10-11-2008 01:45,1,UNKNOWN,dfs.FSNamesystem,INFO,BLOCK* NameSystem.addStoredBlock: blockMap updated: 10.251.111.130:50010 is added to blk_-5511630179413516751 size 67108864,E6,BLOCK* NameSystem.addStoredBlock: blockMap updated: <*>:<*> is added to blk_<*> size <*>,0.05,Normal,0
HDFS,252,10-11-2008 01:45,16,UNKNOWN,dfs.DataNode$PacketResponder,INFO,PacketResponder 2 for block blk_4404895858852856851 terminating,E10,PacketResponder <*> for block blk_<*> terminating,0.05,Normal,0
HDFS,253,10-11-2008 01:47,111,UNKNOWN,dfs.FSNamesystem,INFO,BLOCK* NameSystem.allocateBlock: /user/root/randtxt/_temporary/_task_200811092030_0003_m_001597_0/part-01597. blk_-591552904934794824,E7,BLOCK* NameSystem.allocateBlock: /<*>/part-<*>. blk_<*>,0.05,Normal,0
HDFS,254,10-11-2008 01:47,11,UNKNOWN,dfs.FSNamesystem,INFO,BLOCK* NameSystem.allocateBlock: /user/root/randtxt/_temporary/_task_200811092030_0003_m_001377_0/part-01377. blk_-8408087700903896282,E7,BLOCK* NameSystem.allocateBlock: /<*>/part-<*>. blk_<*>,0.05,Normal,0
HDFS,255,10-11-2008 01:48,30,UNKNOWN,dfs.FSNamesystem,INFO,BLOCK* NameSystem.addStoredBlock: blockMap updated: 10.251.122.38:50010 is added to blk_-5404881839098659470 size 67108864,E6,BLOCK* NameSystem.addStoredBlock: blockMap updated: <*>:<*> is added to blk_<*> size <*>,0.05,Normal,0
HDFS,256,10-11-2008 01:48,39,UNKNOWN,dfs.DataNode$PacketResponder,INFO,PacketResponder 1 for block blk_703046261120042821 terminating,E10,PacketResponder <*> for block blk_<*> terminating,0.05,Normal,0
HDFS,257,10-11-2008 01:49,27,UNKNOWN,dfs.FSNamesystem,INFO,BLOCK* NameSystem.allocateBlock: /user/root/randtxt/_temporary/_task_200811092030_0003_m_001728_0/part-01728. blk_-488298625688742454,E7,BLOCK* NameSystem.allocateBlock: /<*>/part-<*>. blk_<*>,0.05,Normal,0
HDFS,258,10-11-2008 01:49,39,UNKNOWN,dfs.DataNode$PacketResponder,INFO,PacketResponder 1 for block blk_6465095458973828118 terminating,E10,PacketResponder <*> for block blk_<*> terminating,0.05,Normal,0
HDFS,259,10-11-2008 01:50,20,UNKNOWN,dfs.DataNode$PacketResponder,INFO,PacketResponder 2 for block blk_-9110604833387121363 terminating,E10,PacketResponder <*> for block blk_<*> terminating,0.05,Normal,0
HDFS,260,10-11-2008 01:50,5,UNKNOWN,dfs.DataNode$DataXceiver,INFO,Receiving block blk_5977008528949258706 src: /10.251.214.32:43860 dest: /10.251.214.32:50010,E13,Receiving block blk_<*> src: /<*>:<*> dest: /<*>:<*>,0.05,Normal,0
HDFS,261,10-11-2008 01:50,6,UNKNOWN,dfs.DataNode$PacketResponder,INFO,PacketResponder 2 for block blk_3781645897486585075 terminating,E10,PacketResponder <*> for block blk_<*> terminating,0.05,Normal,0
HDFS,262,10-11-2008 01:50,7,UNKNOWN,dfs.FSNamesystem,INFO,BLOCK* NameSystem.addStoredBlock: blockMap updated: 10.250.11.194:50010 is added to blk_-1635752698830216319 size 67108864,E6,BLOCK* NameSystem.addStoredBlock: blockMap updated: <*>:<*> is added to blk_<*> size <*>,0.05,Normal,0
HDFS,263,10-11-2008 01:53,183,UNKNOWN,dfs.DataNode$PacketResponder,INFO,PacketResponder 0 for block blk_3070718541088657475 terminating,E10,PacketResponder <*> for block blk_<*> terminating,0.05,Normal,0
HDFS,264,10-11-2008 01:53,6,UNKNOWN,dfs.FSNamesystem,INFO,BLOCK* NameSystem.allocateBlock: /user/root/randtxt/_temporary/_task_200811092030_0003_m_001661_0/part-01661. blk_-1674094254141559552,E7,BLOCK* NameSystem.allocateBlock: /<*>/part-<*>. blk_<*>,0.05,Normal,0
HDFS,265,10-11-2008 01:54,43,UNKNOWN,dfs.FSNamesystem,INFO,BLOCK* NameSystem.addStoredBlock: blockMap updated: 10.251.197.161:50010 is added to blk_6080034782037237879 size 67108864,E6,BLOCK* NameSystem.addStoredBlock: blockMap updated: <*>:<*> is added to blk_<*> size <*>,0.05,Normal,0
HDFS,266,10-11-2008 01:54,9,UNKNOWN,dfs.FSNamesystem,INFO,BLOCK* NameSystem.allocateBlock: /user/root/randtxt/_temporary/_task_200811092030_0003_m_001630_0/part-01630. blk_-8645365827804358878,E7,BLOCK* NameSystem.allocateBlock: /<*>/part-<*>. blk_<*>,0.05,Normal,0
HDFS,267,10-11-2008 01:56,88,UNKNOWN,dfs.FSNamesystem,INFO,BLOCK* NameSystem.allocateBlock: /user/root/randtxt/_temporary/_task_200811092030_0003_m_001817_0/part-01817. blk_3291173852929756766,E7,BLOCK* NameSystem.allocateBlock: /<*>/part-<*>. blk_<*>,0.05,Normal,0
HDFS,268,10-11-2008 01:56,7,UNKNOWN,dfs.DataNode$PacketResponder,INFO,Received block blk_892900079071425422 of size 67108864 from /10.251.73.188,E11,Received block blk_<*> of size <*> from /<*>,0.05,Normal,0
HDFS,269,10-11-2008 01:56,19,UNKNOWN,dfs.DataNode$PacketResponder,INFO,PacketResponder 1 for block blk_2243777557693112935 terminating,E10,PacketResponder <*> for block blk_<*> terminating,0.05,Normal,0
HDFS,270,10-11-2008 01:56,23,UNKNOWN,dfs.DataNode$PacketResponder,INFO,Received block blk_-8192956077351896648 of size 67108864 from /10.251.110.196,E11,Received block blk_<*> of size <*> from /<*>,0.05,Normal,0
HDFS,271,10-11-2008 01:57,27,UNKNOWN,dfs.DataNode$PacketResponder,INFO,Received block blk_5250287988089075029 of size 67108864 from /10.251.66.63,E11,Received block blk_<*> of size <*> from /<*>,0.05,Normal,0
HDFS,272,10-11-2008 01:57,3,UNKNOWN,dfs.FSNamesystem,INFO,BLOCK* NameSystem.addStoredBlock: blockMap updated: 10.251.30.6:50010 is added to blk_446513188203036714 size 67108864,E6,BLOCK* NameSystem.addStoredBlock: blockMap updated: <*>:<*> is added to blk_<*> size <*>,0.05,Normal,0
HDFS,273,10-11-2008 01:57,21,UNKNOWN,dfs.DataNode$PacketResponder,INFO,Received block blk_-2020273862360001901 of size 67108864 from /10.250.7.244,E11,Received block blk_<*> of size <*> from /<*>,0.05,Normal,0
HDFS,274,10-11-2008 01:57,10,UNKNOWN,dfs.DataNode$PacketResponder,INFO,PacketResponder 0 for block blk_3338047823148530794 terminating,E10,PacketResponder <*> for block blk_<*> terminating,0.05,Normal,0
HDFS,275,10-11-2008 01:57,9,UNKNOWN,dfs.FSNamesystem,INFO,BLOCK* NameSystem.allocateBlock: /user/root/randtxt/_temporary/_task_200811092030_0003_m_001840_0/part-01840. blk_4210124392039605712,E7,BLOCK* NameSystem.allocateBlock: /<*>/part-<*>. blk_<*>,0.05,Normal,0
HDFS,276,10-11-2008 01:58,33,UNKNOWN,dfs.FSNamesystem,INFO,BLOCK* NameSystem.addStoredBlock: blockMap updated: 10.251.71.240:50010 is added to blk_-6330812010936261924 size 67108864,E6,BLOCK* NameSystem.addStoredBlock: blockMap updated: <*>:<*> is added to blk_<*> size <*>,0.05,Normal,0
HDFS,277,10-11-2008 01:59,70,UNKNOWN,dfs.FSNamesystem,INFO,BLOCK* NameSystem.allocateBlock: /user/root/randtxt/_temporary/_task_200811092030_0003_m_001976_0/part-01976. blk_-8380267327243110056,E7,BLOCK* NameSystem.allocateBlock: /<*>/part-<*>. blk_<*>,0.05,Normal,0
HDFS,278,10-11-2008 01:59,17,UNKNOWN,dfs.FSNamesystem,INFO,BLOCK* NameSystem.addStoredBlock: blockMap updated: 10.251.110.160:50010 is added to blk_-8077373411465716253 size 67108864,E6,BLOCK* NameSystem.addStoredBlock: blockMap updated: <*>:<*> is added to blk_<*> size <*>,0.05,Normal,0
HDFS,279,10-11-2008 02:00,12,UNKNOWN,dfs.DataNode$PacketResponder,INFO,PacketResponder 0 for block blk_-9198375937828232046 terminating,E10,PacketResponder <*> for block blk_<*> terminating,0.05,Normal,0
HDFS,280,10-11-2008 02:00,8,UNKNOWN,dfs.DataNode$PacketResponder,INFO,PacketResponder 0 for block blk_9107849594802857322 terminating,E10,PacketResponder <*> for block blk_<*> terminating,0.05,Normal,0
HDFS,281,10-11-2008 02:00,15,UNKNOWN,dfs.DataNode$DataXceiver,INFO,Receiving block blk_271142976916798281 src: /10.251.70.112:50176 dest: /10.251.70.112:50010,E13,Receiving block blk_<*> src: /<*>:<*> dest: /<*>:<*>,0.05,Normal,0
HDFS,282,10-11-2008 02:01,66,UNKNOWN,dfs.DataNode$PacketResponder,INFO,Received block blk_4029732570544915384 of size 67108864 from /10.251.35.1,E11,Received block blk_<*> of size <*> from /<*>,0.05,Normal,0
HDFS,283,10-11-2008 02:02,69,UNKNOWN,dfs.DataNode$PacketResponder,INFO,PacketResponder 0 for block blk_679168189072909208 terminating,E10,PacketResponder <*> for block blk_<*> terminating,0.05,Normal,0
HDFS,284,10-11-2008 02:03,13,UNKNOWN,dfs.FSNamesystem,INFO,BLOCK* NameSystem.addStoredBlock: blockMap updated: 10.251.43.192:50010 is added to blk_6285161494041403917 size 67108864,E6,BLOCK* NameSystem.addStoredBlock: blockMap updated: <*>:<*> is added to blk_<*> size <*>,0.05,Normal,0
HDFS,285,10-11-2008 02:03,11,UNKNOWN,dfs.DataNode$PacketResponder,INFO,Received block blk_-5306443381473737599 of size 67108864 from /10.251.195.52,E11,Received block blk_<*> of size <*> from /<*>,0.05,Normal,0
HDFS,286,10-11-2008 02:03,9,UNKNOWN,dfs.DataNode$PacketResponder,INFO,PacketResponder 2 for block blk_-2466006073687914843 terminating,E10,PacketResponder <*> for block blk_<*> terminating,0.05,Normal,0
HDFS,287,10-11-2008 02:03,3,UNKNOWN,dfs.FSNamesystem,INFO,BLOCK* NameSystem.addStoredBlock: blockMap updated: 10.251.43.210:50010 is added to blk_-6995454028444097802 size 67108864,E6,BLOCK* NameSystem.addStoredBlock: blockMap updated: <*>:<*> is added to blk_<*> size <*>,0.05,Normal,0
HDFS,288,10-11-2008 02:03,32,UNKNOWN,dfs.FSNamesystem,INFO,BLOCK* NameSystem.addStoredBlock: blockMap updated: 10.250.6.4:50010 is added to blk_344934934043642744 size 67108864,E6,BLOCK* NameSystem.addStoredBlock: blockMap updated: <*>:<*> is added to blk_<*> size <*>,0.05,Normal,0
HDFS,289,10-11-2008 02:04,61,UNKNOWN,dfs.FSNamesystem,INFO,BLOCK* NameSystem.addStoredBlock: blockMap updated: 10.250.7.230:50010 is added to blk_4984720043834039361 size 67108864,E6,BLOCK* NameSystem.addStoredBlock: blockMap updated: <*>:<*> is added to blk_<*> size <*>,0.05,Normal,0
HDFS,290,10-11-2008 02:05,11,UNKNOWN,dfs.DataNode$DataXceiver,INFO,Receiving block blk_6398122733993275620 src: /10.251.111.80:53737 dest: /10.251.111.80:50010,E13,Receiving block blk_<*> src: /<*>:<*> dest: /<*>:<*>,0.05,Normal,0
HDFS,291,10-11-2008 02:06,83,UNKNOWN,dfs.FSNamesystem,INFO,BLOCK* NameSystem.addStoredBlock: blockMap updated: 10.251.43.192:50010 is added to blk_325981833999429148 size 67108864,E6,BLOCK* NameSystem.addStoredBlock: blockMap updated: <*>:<*> is added to blk_<*> size <*>,0.05,Normal,0
HDFS,292,10-11-2008 02:07,52,UNKNOWN,dfs.FSNamesystem,INFO,BLOCK* NameSystem.delete: blk_2568309208894455676 is added to invalidSet of 10.251.31.160:50010,E8,BLOCK* NameSystem.delete: blk_<*> is added to invalidSet of <*>:<*>,0.05,Normal,0
HDFS,293,10-11-2008 02:22,902,UNKNOWN,dfs.DataNode$DataXceiver,INFO,10.250.19.16:50010 Served block blk_1078000656626961731 to /10.250.19.16,E1,<*>:<*> Served block blk_<*> to /<*>,0.05,Normal,0
HDFS,294,10-11-2008 02:34,750,UNKNOWN,dfs.DataNode$DataXceiver,WARN,10.251.67.225:50010:Got exception while serving blk_-6900989714336081087 to /10.251.25.237:,E3,<*>:<*>:Got exception while serving blk_<*> to /<*>:,0.7,Medium,1
HDFS,295,10-11-2008 02:48,818,UNKNOWN,dfs.DataNode$DataXceiver,INFO,10.251.126.227:50010 Served block blk_-8306714721294235181 to /10.251.126.227,E1,<*>:<*> Served block blk_<*> to /<*>,0.05,Normal,0
HDFS,296,10-11-2008 03:03,897,UNKNOWN,dfs.DataNode$DataXceiver,WARN,10.251.42.191:50010:Got exception while serving blk_-8023826090828946372 to /10.251.214.130:,E3,<*>:<*>:Got exception while serving blk_<*> to /<*>:,0.7,Medium,1
HDFS,297,10-11-2008 03:09,371,UNKNOWN,dfs.DataNode$DataXceiver,WARN,10.251.31.5:50010:Got exception while serving blk_-1367876730256254709 to /10.251.67.225:,E3,<*>:<*>:Got exception while serving blk_<*> to /<*>:,0.7,Medium,1
HDFS,298,10-11-2008 03:10,37,UNKNOWN,dfs.DataNode$DataXceiver,INFO,10.251.126.83:50010 Served block blk_-3860894070657427592 to /10.251.126.83,E1,<*>:<*> Served block blk_<*> to /<*>,0.05,Normal,0
HDFS,299,10-11-2008 03:21,667,UNKNOWN,dfs.DataNode$DataXceiver,WARN,10.251.26.8:50010:Got exception while serving blk_-7983508786213002472 to /10.251.38.197:,E3,<*>:<*>:Got exception while serving blk_<*> to /<*>:,0.7,Medium,1
HDFS,300,10-11-2008 03:53,1951,UNKNOWN,dfs.DataNode$DataXceiver,INFO,10.251.71.97:50010 Served block blk_5454332143498402824 to /10.250.15.67,E1,<*>:<*> Served block blk_<*> to /<*>,0.05,Normal,0
HDFS,301,10-11-2008 04:08,843,UNKNOWN,dfs.DataNode$DataXceiver,INFO,10.250.6.214:50010 Served block blk_-3384560576963801177 to /10.250.6.214,E1,<*>:<*> Served block blk_<*> to /<*>,0.05,Normal,0
HDFS,302,10-11-2008 04:28,1226,UNKNOWN,dfs.DataNode$DataXceiver,INFO,10.251.67.4:50010 Served block blk_-2901225370888235702 to /10.251.91.84,E1,<*>:<*> Served block blk_<*> to /<*>,0.05,Normal,0
HDFS,303,10-11-2008 04:54,1547,UNKNOWN,dfs.DataNode$DataXceiver,INFO,10.251.215.50:50010 Served block blk_3963698556744744747 to /10.251.107.196,E1,<*>:<*> Served block blk_<*> to /<*>,0.05,Normal,0
HDFS,304,10-11-2008 05:03,527,UNKNOWN,dfs.DataNode$DataXceiver,INFO,10.251.30.134:50010 Served block blk_2039230511363331616 to /10.251.65.203,E1,<*>:<*> Served block blk_<*> to /<*>,0.05,Normal,0
HDFS,305,10-11-2008 05:13,623,UNKNOWN,dfs.DataNode$DataXceiver,INFO,10.251.71.146:50010 Served block blk_8482111101480751895 to /10.251.71.146,E1,<*>:<*> Served block blk_<*> to /<*>,0.05,Normal,0
HDFS,306,10-11-2008 05:46,1999,UNKNOWN,dfs.DataNode$DataXceiver,INFO,10.251.215.16:50010 Served block blk_-5919767990596301121 to /10.251.215.16,E1,<*>:<*> Served block blk_<*> to /<*>,0.05,Normal,0
HDFS,307,10-11-2008 06:04,1091,UNKNOWN,dfs.DataNode$DataXceiver,INFO,10.251.199.225:50010 Served block blk_8457344665564381337 to /10.251.199.225,E1,<*>:<*> Served block blk_<*> to /<*>,0.05,Normal,0
HDFS,308,10-11-2008 06:09,281,UNKNOWN,dfs.DataNode$DataXceiver,INFO,10.251.66.102:50010 Served block blk_2986720270598512615 to /10.251.66.102,E1,<*>:<*> Served block blk_<*> to /<*>,0.05,Normal,0
HDFS,309,10-11-2008 06:56,2821,UNKNOWN,dfs.DataNode$DataXceiver,INFO,10.251.90.64:50010 Served block blk_-5719934513583495857 to /10.251.199.245,E1,<*>:<*> Served block blk_<*> to /<*>,0.05,Normal,0
HDFS,310,10-11-2008 07:03,411,UNKNOWN,dfs.DataNode$DataXceiver,WARN,10.251.75.228:50010:Got exception while serving blk_-7680599654910200999 to /10.251.75.228:,E3,<*>:<*>:Got exception while serving blk_<*> to /<*>:,0.7,Medium,1
HDFS,311,10-11-2008 07:03,8,UNKNOWN,dfs.DataNode$DataXceiver,INFO,10.251.111.37:50010 Served block blk_-6050976999174805557 to /10.251.111.37,E1,<*>:<*> Served block blk_<*> to /<*>,0.05,Normal,0
HDFS,312,10-11-2008 07:03,13,UNKNOWN,dfs.DataNode$DataXceiver,INFO,10.250.10.6:50010 Served block blk_1598414622053793245 to /10.251.90.239,E1,<*>:<*> Served block blk_<*> to /<*>,0.05,Normal,0
HDFS,313,10-11-2008 07:06,147,UNKNOWN,dfs.DataNode$DataXceiver,INFO,10.250.19.16:50010 Served block blk_-7837339190764609698 to /10.251.197.161,E1,<*>:<*> Served block blk_<*> to /<*>,0.05,Normal,0
HDFS,314,10-11-2008 07:09,187,UNKNOWN,dfs.DataNode$DataXceiver,INFO,10.251.39.144:50010 Served block blk_-8187008844253719581 to /10.251.91.32,E1,<*>:<*> Served block blk_<*> to /<*>,0.05,Normal,0
HDFS,315,10-11-2008 07:11,153,UNKNOWN,dfs.DataNode$DataXceiver,INFO,10.251.214.112:50010 Served block blk_4081177399275502985 to /10.251.110.68,E1,<*>:<*> Served block blk_<*> to /<*>,0.05,Normal,0
HDFS,316,10-11-2008 07:14,152,UNKNOWN,dfs.DataNode$DataXceiver,INFO,10.251.42.191:50010 Served block blk_3515154079719300106 to /10.251.42.191,E1,<*>:<*> Served block blk_<*> to /<*>,0.05,Normal,0
HDFS,317,10-11-2008 07:16,151,UNKNOWN,dfs.DataNode$DataXceiver,WARN,10.251.38.214:50010:Got exception while serving blk_5547569777499890340 to /10.251.195.52:,E3,<*>:<*>:Got exception while serving blk_<*> to /<*>:,0.7,Medium,1
HDFS,318,10-11-2008 07:21,264,UNKNOWN,dfs.DataNode$DataXceiver,INFO,10.251.123.99:50010 Served block blk_5385121219895615240 to /10.251.71.146,E1,<*>:<*> Served block blk_<*> to /<*>,0.05,Normal,0
HDFS,319,10-11-2008 07:21,3,UNKNOWN,dfs.DataNode$DataXceiver,WARN,10.251.42.246:50010:Got exception while serving blk_-7658293778087733436 to /10.251.30.179:,E3,<*>:<*>:Got exception while serving blk_<*> to /<*>:,0.7,Medium,1
HDFS,320,10-11-2008 08:05,2662,UNKNOWN,dfs.DataNode$DataXceiver,WARN,10.251.111.130:50010:Got exception while serving blk_3169060243663461885 to /10.251.214.32:,E3,<*>:<*>:Got exception while serving blk_<*> to /<*>:,0.7,Medium,1
HDFS,321,10-11-2008 08:05,9,UNKNOWN,dfs.DataNode$DataXceiver,INFO,10.250.11.194:50010 Served block blk_3087787567144441647 to /10.251.91.84,E1,<*>:<*> Served block blk_<*> to /<*>,0.05,Normal,0
HDFS,322,10-11-2008 08:07,83,UNKNOWN,dfs.DataNode$DataXceiver,INFO,10.250.10.100:50010 Served block blk_-3657665801189425193 to /10.250.10.100,E1,<*>:<*> Served block blk_<*> to /<*>,0.05,Normal,0
HDFS,323,10-11-2008 08:07,6,UNKNOWN,dfs.DataNode$DataXceiver,INFO,10.251.74.79:50010 Served block blk_-3457731723401426942 to /10.251.74.79,E1,<*>:<*> Served block blk_<*> to /<*>,0.05,Normal,0
HDFS,324,10-11-2008 08:08,50,UNKNOWN,dfs.DataNode$DataXceiver,INFO,10.251.42.84:50010 Served block blk_6105506155797750768 to /10.251.42.84,E1,<*>:<*> Served block blk_<*> to /<*>,0.05,Normal,0
HDFS,325,10-11-2008 08:08,33,UNKNOWN,dfs.DataNode$DataXceiver,WARN,10.251.26.8:50010:Got exception while serving blk_-8522942048313632858 to /10.251.31.85:,E3,<*>:<*>:Got exception while serving blk_<*> to /<*>:,0.7,Medium,1
HDFS,326,10-11-2008 08:09,35,UNKNOWN,dfs.DataNode$DataXceiver,INFO,10.251.203.246:50010 Served block blk_365496398062338141 to /10.251.203.246,E1,<*>:<*> Served block blk_<*> to /<*>,0.05,Normal,0
HDFS,327,10-11-2008 08:09,27,UNKNOWN,dfs.DataNode$DataXceiver,INFO,10.250.19.227:50010 Served block blk_3979872751691718643 to /10.250.19.227,E1,<*>:<*> Served block blk_<*> to /<*>,0.05,Normal,0
HDFS,328,10-11-2008 08:10,55,UNKNOWN,dfs.DataNode$DataXceiver,WARN,10.251.123.1:50010:Got exception while serving blk_-272707591443354058 to /10.251.198.33:,E3,<*>:<*>:Got exception while serving blk_<*> to /<*>:,0.7,Medium,1
HDFS,329,10-11-2008 08:10,10,UNKNOWN,dfs.DataNode$DataXceiver,WARN,10.251.90.239:50010:Got exception while serving blk_-8679916835272129336 to /10.250.15.198:,E3,<*>:<*>:Got exception while serving blk_<*> to /<*>:,0.7,Medium,1
HDFS,330,10-11-2008 08:13,163,UNKNOWN,dfs.DataNode$DataXceiver,WARN,10.251.66.102:50010:Got exception while serving blk_6106884317961925960 to /10.251.66.102:,E3,<*>:<*>:Got exception while serving blk_<*> to /<*>:,0.7,Medium,1
HDFS,331,10-11-2008 08:15,98,UNKNOWN,dfs.DataNode$DataXceiver,WARN,10.251.31.5:50010:Got exception while serving blk_6332892729727950039 to /10.251.123.1:,E3,<*>:<*>:Got exception while serving blk_<*> to /<*>:,0.7,Medium,1
HDFS,332,10-11-2008 08:16,88,UNKNOWN,dfs.DataNode$DataXceiver,INFO,10.251.195.52:50010 Served block blk_6655622109568310643 to /10.251.195.52,E1,<*>:<*> Served block blk_<*> to /<*>,0.05,Normal,0
HDFS,333,10-11-2008 08:16,0,UNKNOWN,dfs.DataNode$DataXceiver,WARN,10.250.17.225:50010:Got exception while serving blk_-5935642747315643391 to /10.251.199.150:,E3,<*>:<*>:Got exception while serving blk_<*> to /<*>:,0.7,Medium,1
HDFS,334,10-11-2008 08:17,58,UNKNOWN,dfs.DataNode$DataXceiver,WARN,10.251.215.70:50010:Got exception while serving blk_-20269367189114433 to /10.251.30.179:,E3,<*>:<*>:Got exception while serving blk_<*> to /<*>:,0.7,Medium,1
HDFS,335,10-11-2008 08:20,152,UNKNOWN,dfs.DataNode$DataXceiver,INFO,10.251.43.115:50010 Served block blk_-7364557883931785608 to /10.251.43.115,E1,<*>:<*> Served block blk_<*> to /<*>,0.05,Normal,0
HDFS,336,10-11-2008 08:20,30,UNKNOWN,dfs.DataNode$DataXceiver,INFO,10.251.215.16:50010 Served block blk_2322432806134104317 to /10.251.215.16,E1,<*>:<*> Served block blk_<*> to /<*>,0.05,Normal,0
HDFS,337,10-11-2008 08:24,241,UNKNOWN,dfs.DataNode$DataXceiver,INFO,10.251.109.209:50010 Served block blk_4848669047361069041 to /10.251.26.177,E1,<*>:<*> Served block blk_<*> to /<*>,0.05,Normal,0
HDFS,338,10-11-2008 08:27,138,UNKNOWN,dfs.DataNode$DataXceiver,WARN,10.250.15.198:50010:Got exception while serving blk_-1851265222873801714 to /10.251.195.52:,E3,<*>:<*>:Got exception while serving blk_<*> to /<*>:,0.7,Medium,1
HDFS,339,10-11-2008 08:27,4,UNKNOWN,dfs.DataNode$DataXceiver,WARN,10.251.198.33:50010:Got exception while serving blk_-8495670552887053546 to /10.250.10.223:,E3,<*>:<*>:Got exception while serving blk_<*> to /<*>:,0.7,Medium,1
HDFS,340,10-11-2008 08:27,31,UNKNOWN,dfs.DataNode$DataXceiver,WARN,10.250.19.227:50010:Got exception while serving blk_-7372087176866857012 to /10.251.110.68:,E3,<*>:<*>:Got exception while serving blk_<*> to /<*>:,0.7,Medium,1
HDFS,341,10-11-2008 08:29,137,UNKNOWN,dfs.DataNode$DataXceiver,WARN,10.251.70.112:50010:Got exception while serving blk_4357276972386184626 to /10.251.74.79:,E3,<*>:<*>:Got exception while serving blk_<*> to /<*>:,0.7,Medium,1
HDFS,342,10-11-2008 08:30,51,UNKNOWN,dfs.DataNode$DataXceiver,WARN,10.251.215.16:50010:Got exception while serving blk_-4590972095204776122 to /10.251.30.6:,E3,<*>:<*>:Got exception while serving blk_<*> to /<*>:,0.7,Medium,1
HDFS,343,10-11-2008 08:31,36,UNKNOWN,dfs.DataNode$DataXceiver,INFO,10.251.106.214:50010 Served block blk_-8277873627721528374 to /10.251.122.79,E1,<*>:<*> Served block blk_<*> to /<*>,0.05,Normal,0
HDFS,344,10-11-2008 08:32,70,UNKNOWN,dfs.DataNode$DataXceiver,INFO,10.250.10.176:50010 Served block blk_3797494971676497497 to /10.251.29.239,E1,<*>:<*> Served block blk_<*> to /<*>,0.05,Normal,0
HDFS,345,10-11-2008 08:33,57,UNKNOWN,dfs.DataNode$DataXceiver,INFO,10.251.126.22:50010 Served block blk_805587860540600864 to /10.251.126.22,E1,<*>:<*> Served block blk_<*> to /<*>,0.05,Normal,0
HDFS,346,10-11-2008 08:34,85,UNKNOWN,dfs.DataBlockScanner,INFO,Verification succeeded for blk_3141363517520802396,E14,Verification succeeded for blk_<*>,0.05,Normal,0
HDFS,347,10-11-2008 08:50,949,UNKNOWN,dfs.DataBlockScanner,INFO,Verification succeeded for blk_-1383276859207001328,E14,Verification succeeded for blk_<*>,0.05,Normal,0
HDFS,348,10-11-2008 08:59,531,UNKNOWN,dfs.DataBlockScanner,INFO,Verification succeeded for blk_-4117999745005013424,E14,Verification succeeded for blk_<*>,0.05,Normal,0
HDFS,349,10-11-2008 09:12,763,UNKNOWN,dfs.DataNode$DataXceiver,WARN,10.251.107.50:50010:Got exception while serving blk_4524198807982839635 to /10.251.122.79:,E3,<*>:<*>:Got exception while serving blk_<*> to /<*>:,0.7,Medium,1
HDFS,350,10-11-2008 09:15,214,UNKNOWN,dfs.DataNode$DataXceiver,WARN,10.251.111.209:50010:Got exception while serving blk_7505828172725463922 to /10.251.111.209:,E3,<*>:<*>:Got exception while serving blk_<*> to /<*>:,0.7,Medium,1
HDFS,351,10-11-2008 09:16,67,UNKNOWN,dfs.DataNode$DataXceiver,WARN,10.251.70.211:50010:Got exception while serving blk_424255210146453297 to /10.251.203.179:,E3,<*>:<*>:Got exception while serving blk_<*> to /<*>:,0.7,Medium,1
HDFS,352,10-11-2008 09:18,63,UNKNOWN,dfs.DataNode$DataXceiver,INFO,10.250.14.224:50010 Served block blk_666713934549639791 to /10.250.14.224,E1,<*>:<*> Served block blk_<*> to /<*>,0.05,Normal,0
HDFS,353,10-11-2008 09:21,211,UNKNOWN,dfs.DataNode$DataXceiver,INFO,10.251.30.179:50010 Served block blk_-2975629975082443857 to /10.251.30.179,E1,<*>:<*> Served block blk_<*> to /<*>,0.05,Normal,0
HDFS,354,10-11-2008 09:21,20,UNKNOWN,dfs.DataNode$DataXceiver,WARN,10.251.126.22:50010:Got exception while serving blk_1686195200514944346 to /10.250.6.223:,E3,<*>:<*>:Got exception while serving blk_<*> to /<*>:,0.7,Medium,1
HDFS,355,10-11-2008 09:24,188,UNKNOWN,dfs.DataNode$DataXceiver,INFO,10.250.9.207:50010 Served block blk_4355450627202483068 to /10.250.9.207,E1,<*>:<*> Served block blk_<*> to /<*>,0.05,Normal,0
HDFS,356,10-11-2008 09:28,196,UNKNOWN,dfs.DataNode$DataXceiver,INFO,10.250.6.191:50010 Served block blk_5952254363678329024 to /10.250.6.191,E1,<*>:<*> Served block blk_<*> to /<*>,0.05,Normal,0
HDFS,357,10-11-2008 09:30,125,UNKNOWN,dfs.DataNode$DataXceiver,WARN,10.251.70.211:50010:Got exception while serving blk_-667933171485085225 to /10.251.203.246:,E3,<*>:<*>:Got exception while serving blk_<*> to /<*>:,0.7,Medium,1
HDFS,358,10-11-2008 09:36,383,UNKNOWN,dfs.DataBlockScanner,INFO,Verification succeeded for blk_9188832735514090334,E14,Verification succeeded for blk_<*>,0.05,Normal,0
HDFS,359,10-11-2008 09:38,108,UNKNOWN,dfs.DataNode$DataXceiver,INFO,10.251.106.10:50010 Served block blk_2273334621242106674 to /10.251.106.10,E1,<*>:<*> Served block blk_<*> to /<*>,0.05,Normal,0
HDFS,360,10-11-2008 09:40,108,UNKNOWN,dfs.DataNode$DataXceiver,WARN,10.251.125.193:50010:Got exception while serving blk_3790492230047189408 to /10.251.199.159:,E3,<*>:<*>:Got exception while serving blk_<*> to /<*>:,0.7,Medium,1
HDFS,361,10-11-2008 09:46,398,UNKNOWN,dfs.DataNode$DataXceiver,INFO,10.251.107.50:50010 Served block blk_-2285729896739318683 to /10.251.70.5,E1,<*>:<*> Served block blk_<*> to /<*>,0.05,Normal,0
HDFS,362,10-11-2008 10:30,2609,UNKNOWN,dfs.FSNamesystem,INFO,BLOCK* NameSystem.delete: blk_-1233005817943453613 is added to invalidSet of 10.251.75.49:50010,E8,BLOCK* NameSystem.delete: blk_<*> is added to invalidSet of <*>:<*>,0.05,Normal,0
HDFS,363,10-11-2008 10:30,0,UNKNOWN,dfs.FSNamesystem,INFO,BLOCK* NameSystem.delete: blk_-8736461628840265232 is added to invalidSet of 10.251.195.70:50010,E8,BLOCK* NameSystem.delete: blk_<*> is added to invalidSet of <*>:<*>,0.05,Normal,0
HDFS,364,10-11-2008 10:30,1,UNKNOWN,dfs.FSNamesystem,INFO,BLOCK* NameSystem.delete: blk_166171721314010075 is added to invalidSet of 10.251.30.85:50010,E8,BLOCK* NameSystem.delete: blk_<*> is added to invalidSet of <*>:<*>,0.05,Normal,0
HDFS,365,10-11-2008 10:30,0,UNKNOWN,dfs.FSNamesystem,INFO,BLOCK* NameSystem.delete: blk_-3362838757940877177 is added to invalidSet of 10.250.5.161:50010,E8,BLOCK* NameSystem.delete: blk_<*> is added to invalidSet of <*>:<*>,0.05,Normal,0
HDFS,366,10-11-2008 10:30,0,UNKNOWN,dfs.FSNamesystem,INFO,BLOCK* NameSystem.delete: blk_-8026264173633579073 is added to invalidSet of 10.251.214.18:50010,E8,BLOCK* NameSystem.delete: blk_<*> is added to invalidSet of <*>:<*>,0.05,Normal,0
HDFS,367,10-11-2008 10:30,0,UNKNOWN,dfs.FSNamesystem,INFO,BLOCK* NameSystem.delete: blk_8350646254685996250 is added to invalidSet of 10.251.199.159:50010,E8,BLOCK* NameSystem.delete: blk_<*> is added to invalidSet of <*>:<*>,0.05,Normal,0
HDFS,368,10-11-2008 10:30,1,UNKNOWN,dfs.FSNamesystem,INFO,BLOCK* NameSystem.delete: blk_-4702684774678057084 is added to invalidSet of 10.250.13.240:50010,E8,BLOCK* NameSystem.delete: blk_<*> is added to invalidSet of <*>:<*>,0.05,Normal,0
HDFS,369,10-11-2008 10:30,1,UNKNOWN,dfs.FSNamesystem,INFO,BLOCK* NameSystem.delete: blk_434034567989619521 is added to invalidSet of 10.251.91.15:50010,E8,BLOCK* NameSystem.delete: blk_<*> is added to invalidSet of <*>:<*>,0.05,Normal,0
HDFS,370,10-11-2008 10:30,1,UNKNOWN,dfs.FSNamesystem,INFO,BLOCK* NameSystem.delete: blk_413552235254424009 is added to invalidSet of 10.251.35.1:50010,E8,BLOCK* NameSystem.delete: blk_<*> is added to invalidSet of <*>:<*>,0.05,Normal,0
HDFS,371,10-11-2008 10:30,0,UNKNOWN,dfs.FSNamesystem,INFO,BLOCK* NameSystem.delete: blk_7177118590277025973 is added to invalidSet of 10.251.121.224:50010,E8,BLOCK* NameSystem.delete: blk_<*> is added to invalidSet of <*>:<*>,0.05,Normal,0
HDFS,372,10-11-2008 10:30,2,UNKNOWN,dfs.FSNamesystem,INFO,BLOCK* NameSystem.delete: blk_2576408434603492552 is added to invalidSet of 10.251.106.37:50010,E8,BLOCK* NameSystem.delete: blk_<*> is added to invalidSet of <*>:<*>,0.05,Normal,0
HDFS,373,10-11-2008 10:30,2,UNKNOWN,dfs.FSNamesystem,INFO,BLOCK* NameSystem.delete: blk_356592557993755459 is added to invalidSet of 10.251.109.236:50010,E8,BLOCK* NameSystem.delete: blk_<*> is added to invalidSet of <*>:<*>,0.05,Normal,0
HDFS,374,10-11-2008 10:30,1,UNKNOWN,dfs.FSNamesystem,INFO,BLOCK* NameSystem.delete: blk_9111860234027679206 is added to invalidSet of 10.251.39.209:50010,E8,BLOCK* NameSystem.delete: blk_<*> is added to invalidSet of <*>:<*>,0.05,Normal,0
HDFS,375,10-11-2008 10:30,1,UNKNOWN,dfs.FSNamesystem,INFO,BLOCK* NameSystem.delete: blk_5178539130945718870 is added to invalidSet of 10.251.107.19:50010,E8,BLOCK* NameSystem.delete: blk_<*> is added to invalidSet of <*>:<*>,0.05,Normal,0
HDFS,376,10-11-2008 10:30,1,UNKNOWN,dfs.FSNamesystem,INFO,BLOCK* NameSystem.delete: blk_-1331750856499198500 is added to invalidSet of 10.251.38.53:50010,E8,BLOCK* NameSystem.delete: blk_<*> is added to invalidSet of <*>:<*>,0.05,Normal,0
HDFS,377,10-11-2008 10:30,1,UNKNOWN,dfs.FSNamesystem,INFO,BLOCK* NameSystem.delete: blk_-3792836284792472725 is added to invalidSet of 10.251.106.50:50010,E8,BLOCK* NameSystem.delete: blk_<*> is added to invalidSet of <*>:<*>,0.05,Normal,0
HDFS,378,10-11-2008 10:30,0,UNKNOWN,dfs.FSNamesystem,INFO,BLOCK* NameSystem.delete: blk_6031076349976322578 is added to invalidSet of 10.251.67.225:50010,E8,BLOCK* NameSystem.delete: blk_<*> is added to invalidSet of <*>:<*>,0.05,Normal,0
HDFS,379,10-11-2008 10:30,2,UNKNOWN,dfs.FSNamesystem,INFO,BLOCK* NameSystem.delete: blk_4438674026376140804 is added to invalidSet of 10.251.106.50:50010,E8,BLOCK* NameSystem.delete: blk_<*> is added to invalidSet of <*>:<*>,0.05,Normal,0
HDFS,380,10-11-2008 10:30,1,UNKNOWN,dfs.FSNamesystem,INFO,BLOCK* NameSystem.delete: blk_1777689952069868672 is added to invalidSet of 10.251.31.85:50010,E8,BLOCK* NameSystem.delete: blk_<*> is added to invalidSet of <*>:<*>,0.05,Normal,0
HDFS,381,10-11-2008 10:30,3,UNKNOWN,dfs.FSNamesystem,INFO,BLOCK* NameSystem.delete: blk_-3275788837420923000 is added to invalidSet of 10.251.109.236:50010,E8,BLOCK* NameSystem.delete: blk_<*> is added to invalidSet of <*>:<*>,0.05,Normal,0
HDFS,382,10-11-2008 10:30,1,UNKNOWN,dfs.FSNamesystem,INFO,BLOCK* NameSystem.delete: blk_-6056336045486998577 is added to invalidSet of 10.251.126.255:50010,E8,BLOCK* NameSystem.delete: blk_<*> is added to invalidSet of <*>:<*>,0.05,Normal,0
HDFS,383,10-11-2008 10:30,1,UNKNOWN,dfs.FSNamesystem,INFO,BLOCK* NameSystem.delete: blk_-5368528328022648701 is added to invalidSet of 10.251.202.181:50010,E8,BLOCK* NameSystem.delete: blk_<*> is added to invalidSet of <*>:<*>,0.05,Normal,0
HDFS,384,10-11-2008 10:30,1,UNKNOWN,dfs.FSNamesystem,INFO,BLOCK* NameSystem.delete: blk_-9056276727170871967 is added to invalidSet of 10.251.66.3:50010,E8,BLOCK* NameSystem.delete: blk_<*> is added to invalidSet of <*>:<*>,0.05,Normal,0
HDFS,385,10-11-2008 10:30,2,UNKNOWN,dfs.FSNamesystem,INFO,BLOCK* NameSystem.delete: blk_-6289001686128460561 is added to invalidSet of 10.251.91.84:50010,E8,BLOCK* NameSystem.delete: blk_<*> is added to invalidSet of <*>:<*>,0.05,Normal,0
HDFS,386,10-11-2008 10:30,0,UNKNOWN,dfs.FSNamesystem,INFO,BLOCK* NameSystem.delete: blk_6855535886504612774 is added to invalidSet of 10.251.70.211:50010,E8,BLOCK* NameSystem.delete: blk_<*> is added to invalidSet of <*>:<*>,0.05,Normal,0
HDFS,387,10-11-2008 10:30,1,UNKNOWN,dfs.FSNamesystem,INFO,BLOCK* NameSystem.delete: blk_-6477590833521072407 is added to invalidSet of 10.251.39.179:50010,E8,BLOCK* NameSystem.delete: blk_<*> is added to invalidSet of <*>:<*>,0.05,Normal,0
HDFS,388,10-11-2008 10:30,0,UNKNOWN,dfs.FSNamesystem,INFO,BLOCK* NameSystem.delete: blk_865453227320668516 is added to invalidSet of 10.251.71.240:50010,E8,BLOCK* NameSystem.delete: blk_<*> is added to invalidSet of <*>:<*>,0.05,Normal,0
HDFS,389,10-11-2008 10:30,4,UNKNOWN,dfs.FSNamesystem,INFO,BLOCK* NameSystem.delete: blk_2149728827322918746 is added to invalidSet of 10.250.11.194:50010,E8,BLOCK* NameSystem.delete: blk_<*> is added to invalidSet of <*>:<*>,0.05,Normal,0
HDFS,390,10-11-2008 10:30,1,UNKNOWN,dfs.FSNamesystem,INFO,BLOCK* NameSystem.delete: blk_6324712740029479576 is added to invalidSet of 10.251.30.6:50010,E8,BLOCK* NameSystem.delete: blk_<*> is added to invalidSet of <*>:<*>,0.05,Normal,0
HDFS,391,10-11-2008 10:30,1,UNKNOWN,dfs.FSNamesystem,INFO,BLOCK* NameSystem.delete: blk_6763863888784019261 is added to invalidSet of 10.251.70.37:50010,E8,BLOCK* NameSystem.delete: blk_<*> is added to invalidSet of <*>:<*>,0.05,Normal,0
HDFS,392,10-11-2008 10:30,1,UNKNOWN,dfs.FSNamesystem,INFO,BLOCK* NameSystem.delete: blk_1543605971733759530 is added to invalidSet of 10.251.195.33:50010,E8,BLOCK* NameSystem.delete: blk_<*> is added to invalidSet of <*>:<*>,0.05,Normal,0
HDFS,393,10-11-2008 10:30,2,UNKNOWN,dfs.FSNamesystem,INFO,BLOCK* NameSystem.delete: blk_-6114220623980201749 is added to invalidSet of 10.250.13.240:50010,E8,BLOCK* NameSystem.delete: blk_<*> is added to invalidSet of <*>:<*>,0.05,Normal,0
HDFS,394,10-11-2008 10:30,0,UNKNOWN,dfs.FSNamesystem,INFO,BLOCK* NameSystem.delete: blk_-945770324989341170 is added to invalidSet of 10.251.31.180:50010,E8,BLOCK* NameSystem.delete: blk_<*> is added to invalidSet of <*>:<*>,0.05,Normal,0
HDFS,395,10-11-2008 10:31,8,UNKNOWN,dfs.FSNamesystem,INFO,BLOCK* NameSystem.delete: blk_-5145886774827574591 is added to invalidSet of 10.251.105.189:50010,E8,BLOCK* NameSystem.delete: blk_<*> is added to invalidSet of <*>:<*>,0.05,Normal,0
HDFS,396,10-11-2008 10:31,2,UNKNOWN,dfs.FSNamesystem,INFO,BLOCK* NameSystem.delete: blk_3598904881888399067 is added to invalidSet of 10.250.5.237:50010,E8,BLOCK* NameSystem.delete: blk_<*> is added to invalidSet of <*>:<*>,0.05,Normal,0
HDFS,397,10-11-2008 10:31,2,UNKNOWN,dfs.FSNamesystem,INFO,BLOCK* NameSystem.delete: blk_-6255015379143356507 is added to invalidSet of 10.251.111.37:50010,E8,BLOCK* NameSystem.delete: blk_<*> is added to invalidSet of <*>:<*>,0.05,Normal,0
HDFS,398,10-11-2008 10:31,0,UNKNOWN,dfs.FSNamesystem,INFO,BLOCK* NameSystem.delete: blk_8247499802516177421 is added to invalidSet of 10.250.7.96:50010,E8,BLOCK* NameSystem.delete: blk_<*> is added to invalidSet of <*>:<*>,0.05,Normal,0
HDFS,399,10-11-2008 10:31,0,UNKNOWN,dfs.FSNamesystem,INFO,BLOCK* NameSystem.delete: blk_-8403618945096094999 is added to invalidSet of 10.251.42.9:50010,E8,BLOCK* NameSystem.delete: blk_<*> is added to invalidSet of <*>:<*>,0.05,Normal,0
HDFS,400,10-11-2008 10:31,1,UNKNOWN,dfs.FSNamesystem,INFO,BLOCK* NameSystem.delete: blk_-2012430628930443984 is added to invalidSet of 10.250.11.100:50010,E8,BLOCK* NameSystem.delete: blk_<*> is added to invalidSet of <*>:<*>,0.05,Normal,0
HDFS,401,10-11-2008 10:31,0,UNKNOWN,dfs.FSNamesystem,INFO,BLOCK* NameSystem.delete: blk_7819984111120374407 is added to invalidSet of 10.251.30.6:50010,E8,BLOCK* NameSystem.delete: blk_<*> is added to invalidSet of <*>:<*>,0.05,Normal,0
HDFS,402,10-11-2008 10:31,1,UNKNOWN,dfs.FSNamesystem,INFO,BLOCK* NameSystem.delete: blk_4499140370762613763 is added to invalidSet of 10.251.43.115:50010,E8,BLOCK* NameSystem.delete: blk_<*> is added to invalidSet of <*>:<*>,0.05,Normal,0
HDFS,403,10-11-2008 10:31,1,UNKNOWN,dfs.FSNamesystem,INFO,BLOCK* NameSystem.delete: blk_2304296078821316612 is added to invalidSet of 10.251.39.64:50010,E8,BLOCK* NameSystem.delete: blk_<*> is added to invalidSet of <*>:<*>,0.05,Normal,0
HDFS,404,10-11-2008 10:31,0,UNKNOWN,dfs.FSNamesystem,INFO,BLOCK* NameSystem.delete: blk_358331073189608564 is added to invalidSet of 10.251.67.225:50010,E8,BLOCK* NameSystem.delete: blk_<*> is added to invalidSet of <*>:<*>,0.05,Normal,0
HDFS,405,10-11-2008 10:31,0,UNKNOWN,dfs.FSNamesystem,INFO,BLOCK* NameSystem.delete: blk_8404604116961181201 is added to invalidSet of 10.250.13.188:50010,E8,BLOCK* NameSystem.delete: blk_<*> is added to invalidSet of <*>:<*>,0.05,Normal,0
HDFS,406,10-11-2008 10:31,3,UNKNOWN,dfs.FSNamesystem,INFO,BLOCK* NameSystem.delete: blk_-3582070652284403613 is added to invalidSet of 10.250.10.213:50010,E8,BLOCK* NameSystem.delete: blk_<*> is added to invalidSet of <*>:<*>,0.05,Normal,0
HDFS,407,10-11-2008 10:31,6,UNKNOWN,dfs.FSNamesystem,INFO,BLOCK* NameSystem.delete: blk_-4954795063440871977 is added to invalidSet of 10.251.203.80:50010,E8,BLOCK* NameSystem.delete: blk_<*> is added to invalidSet of <*>:<*>,0.05,Normal,0
HDFS,408,10-11-2008 10:31,4,UNKNOWN,dfs.FSNamesystem,INFO,BLOCK* NameSystem.delete: blk_-6640779266188771131 is added to invalidSet of 10.251.126.83:50010,E8,BLOCK* NameSystem.delete: blk_<*> is added to invalidSet of <*>:<*>,0.05,Normal,0
HDFS,409,10-11-2008 10:31,3,UNKNOWN,dfs.FSNamesystem,INFO,BLOCK* NameSystem.delete: blk_3858015337960682724 is added to invalidSet of 10.251.214.130:50010,E8,BLOCK* NameSystem.delete: blk_<*> is added to invalidSet of <*>:<*>,0.05,Normal,0
HDFS,410,10-11-2008 10:31,0,UNKNOWN,dfs.FSNamesystem,INFO,BLOCK* NameSystem.delete: blk_570916157110129687 is added to invalidSet of 10.251.214.18:50010,E8,BLOCK* NameSystem.delete: blk_<*> is added to invalidSet of <*>:<*>,0.05,Normal,0
HDFS,411,10-11-2008 10:31,2,UNKNOWN,dfs.FSNamesystem,INFO,BLOCK* NameSystem.delete: blk_-7418499425236853516 is added to invalidSet of 10.251.203.4:50010,E8,BLOCK* NameSystem.delete: blk_<*> is added to invalidSet of <*>:<*>,0.05,Normal,0
HDFS,412,10-11-2008 10:31,4,UNKNOWN,dfs.FSNamesystem,INFO,BLOCK* NameSystem.delete: blk_-7894824934989391122 is added to invalidSet of 10.251.38.197:50010,E8,BLOCK* NameSystem.delete: blk_<*> is added to invalidSet of <*>:<*>,0.05,Normal,0
HDFS,413,10-11-2008 10:31,1,UNKNOWN,dfs.FSNamesystem,INFO,BLOCK* NameSystem.delete: blk_-5005618994659797504 is added to invalidSet of 10.251.125.193:50010,E8,BLOCK* NameSystem.delete: blk_<*> is added to invalidSet of <*>:<*>,0.05,Normal,0
HDFS,414,10-11-2008 10:31,0,UNKNOWN,dfs.FSNamesystem,INFO,BLOCK* NameSystem.delete: blk_7932704730736035192 is added to invalidSet of 10.251.199.245:50010,E8,BLOCK* NameSystem.delete: blk_<*> is added to invalidSet of <*>:<*>,0.05,Normal,0
HDFS,415,10-11-2008 10:31,2,UNKNOWN,dfs.FSNamesystem,INFO,BLOCK* NameSystem.delete: blk_-2834195813213005328 is added to invalidSet of 10.250.7.244:50010,E8,BLOCK* NameSystem.delete: blk_<*> is added to invalidSet of <*>:<*>,0.05,Normal,0
HDFS,416,10-11-2008 10:31,2,UNKNOWN,dfs.FSNamesystem,INFO,BLOCK* NameSystem.delete: blk_-5972745462629982078 is added to invalidSet of 10.251.31.5:50010,E8,BLOCK* NameSystem.delete: blk_<*> is added to invalidSet of <*>:<*>,0.05,Normal,0
HDFS,417,10-11-2008 10:31,1,UNKNOWN,dfs.FSNamesystem,INFO,BLOCK* NameSystem.delete: blk_-7111788899695387329 is added to invalidSet of 10.251.75.228:50010,E8,BLOCK* NameSystem.delete: blk_<*> is added to invalidSet of <*>:<*>,0.05,Normal,0
HDFS,418,10-11-2008 10:31,4,UNKNOWN,dfs.FSNamesystem,INFO,BLOCK* NameSystem.delete: blk_-1110880362999960078 is added to invalidSet of 10.251.194.147:50010,E8,BLOCK* NameSystem.delete: blk_<*> is added to invalidSet of <*>:<*>,0.05,Normal,0
HDFS,419,10-11-2008 10:31,0,UNKNOWN,dfs.FSNamesystem,INFO,BLOCK* NameSystem.delete: blk_6489659315944341351 is added to invalidSet of 10.251.106.50:50010,E8,BLOCK* NameSystem.delete: blk_<*> is added to invalidSet of <*>:<*>,0.05,Normal,0
HDFS,420,10-11-2008 10:31,0,UNKNOWN,dfs.FSNamesystem,INFO,BLOCK* NameSystem.delete: blk_7324196727355442810 is added to invalidSet of 10.251.203.80:50010,E8,BLOCK* NameSystem.delete: blk_<*> is added to invalidSet of <*>:<*>,0.05,Normal,0
HDFS,421,10-11-2008 10:31,1,UNKNOWN,dfs.FSNamesystem,INFO,BLOCK* NameSystem.delete: blk_-2589662411410634043 is added to invalidSet of 10.251.42.16:50010,E8,BLOCK* NameSystem.delete: blk_<*> is added to invalidSet of <*>:<*>,0.05,Normal,0
HDFS,422,10-11-2008 10:31,0,UNKNOWN,dfs.FSNamesystem,INFO,BLOCK* NameSystem.delete: blk_8602496359012842630 is added to invalidSet of 10.250.7.32:50010,E8,BLOCK* NameSystem.delete: blk_<*> is added to invalidSet of <*>:<*>,0.05,Normal,0
HDFS,423,10-11-2008 10:31,1,UNKNOWN,dfs.FSNamesystem,INFO,BLOCK* NameSystem.delete: blk_-133919539232421451 is added to invalidSet of 10.250.10.176:50010,E8,BLOCK* NameSystem.delete: blk_<*> is added to invalidSet of <*>:<*>,0.05,Normal,0
HDFS,424,10-11-2008 10:31,1,UNKNOWN,dfs.FSNamesystem,INFO,BLOCK* NameSystem.delete: blk_-6136511938931864993 is added to invalidSet of 10.250.14.38:50010,E8,BLOCK* NameSystem.delete: blk_<*> is added to invalidSet of <*>:<*>,0.05,Normal,0
HDFS,425,10-11-2008 10:31,0,UNKNOWN,dfs.FSNamesystem,INFO,BLOCK* NameSystem.delete: blk_8871064397020855320 is added to invalidSet of 10.251.42.84:50010,E8,BLOCK* NameSystem.delete: blk_<*> is added to invalidSet of <*>:<*>,0.05,Normal,0
HDFS,426,10-11-2008 10:32,12,UNKNOWN,dfs.FSDataset,INFO,Deleting block blk_8483848473254499625 file /mnt/hadoop/dfs/data/current/subdir51/blk_8483848473254499625,E9,Deleting block blk_<*> file /<*>/blk_<*>,0.05,Normal,0
HDFS,427,10-11-2008 10:32,32,UNKNOWN,dfs.DataNode$PacketResponder,INFO,Received block blk_-9188933731705791676 of size 67108864 from /10.251.39.192,E11,Received block blk_<*> of size <*> from /<*>,0.05,Normal,0
HDFS,428,10-11-2008 10:32,24,UNKNOWN,dfs.FSDataset,INFO,Deleting block blk_-8898274302731129139 file /mnt/hadoop/dfs/data/current/subdir18/blk_-8898274302731129139,E9,Deleting block blk_<*> file /<*>/blk_<*>,0.05,Normal,0
HDFS,429,10-11-2008 10:33,23,UNKNOWN,dfs.FSDataset,INFO,Deleting block blk_-8014701913801168461 file /mnt/hadoop/dfs/data/current/subdir27/blk_-8014701913801168461,E9,Deleting block blk_<*> file /<*>/blk_<*>,0.05,Normal,0
HDFS,430,10-11-2008 10:33,1,UNKNOWN,dfs.FSDataset,INFO,Deleting block blk_-8775602795571523802 file /mnt/hadoop/dfs/data/current/subdir29/blk_-8775602795571523802,E9,Deleting block blk_<*> file /<*>/blk_<*>,0.05,Normal,0
HDFS,431,10-11-2008 10:33,6,UNKNOWN,dfs.FSDataset,INFO,Deleting block blk_-7928230000822317050 file /mnt/hadoop/dfs/data/current/subdir9/blk_-7928230000822317050,E9,Deleting block blk_<*> file /<*>/blk_<*>,0.05,Normal,0
HDFS,432,10-11-2008 10:33,1,UNKNOWN,dfs.FSDataset,INFO,Deleting block blk_8303413189200230139 file /mnt/hadoop/dfs/data/current/subdir32/blk_8303413189200230139,E9,Deleting block blk_<*> file /<*>/blk_<*>,0.05,Normal,0
HDFS,433,10-11-2008 10:33,3,UNKNOWN,dfs.FSDataset,INFO,Deleting block blk_-9038475355621289969 file /mnt/hadoop/dfs/data/current/subdir41/blk_-9038475355621289969,E9,Deleting block blk_<*> file /<*>/blk_<*>,0.05,Normal,0
HDFS,434,10-11-2008 10:33,2,UNKNOWN,dfs.DataNode$PacketResponder,INFO,Received block blk_4263664068073345850 of size 67108864 from /10.251.214.67,E11,Received block blk_<*> of size <*> from /<*>,0.05,Normal,0
HDFS,435,10-11-2008 10:33,2,UNKNOWN,dfs.FSDataset,INFO,Deleting block blk_-8848810702648406400 file /mnt/hadoop/dfs/data/current/subdir11/blk_-8848810702648406400,E9,Deleting block blk_<*> file /<*>/blk_<*>,0.05,Normal,0
HDFS,436,10-11-2008 10:33,5,UNKNOWN,dfs.DataNode$PacketResponder,INFO,PacketResponder 2 for block blk_-6997219177553478996 terminating,E10,PacketResponder <*> for block blk_<*> terminating,0.05,Normal,0
HDFS,437,10-11-2008 10:33,3,UNKNOWN,dfs.FSNamesystem,INFO,BLOCK* NameSystem.allocateBlock: /user/root/rand/_temporary/_task_200811101024_0001_m_000206_0/part-00206. blk_-2230892279625104430,E7,BLOCK* NameSystem.allocateBlock: /<*>/part-<*>. blk_<*>,0.05,Normal,0
HDFS,438,10-11-2008 10:33,4,UNKNOWN,dfs.FSDataset,INFO,Deleting block blk_-7515058933811567980 file /mnt/hadoop/dfs/data/current/subdir1/blk_-7515058933811567980,E9,Deleting block blk_<*> file /<*>/blk_<*>,0.05,Normal,0
HDFS,439,10-11-2008 10:33,1,UNKNOWN,dfs.FSDataset,INFO,Deleting block blk_-8484827087450439270 file /mnt/hadoop/dfs/data/current/subdir25/blk_-8484827087450439270,E9,Deleting block blk_<*> file /<*>/blk_<*>,0.05,Normal,0
HDFS,440,10-11-2008 10:33,1,UNKNOWN,dfs.FSDataset,INFO,Deleting block blk_-8144387882075572886 file /mnt/hadoop/dfs/data/current/subdir42/blk_-8144387882075572886,E9,Deleting block blk_<*> file /<*>/blk_<*>,0.05,Normal,0
HDFS,441,10-11-2008 10:33,5,UNKNOWN,dfs.FSDataset,INFO,Deleting block blk_-8383503596684323017 file /mnt/hadoop/dfs/data/current/subdir26/blk_-8383503596684323017,E9,Deleting block blk_<*> file /<*>/blk_<*>,0.05,Normal,0
HDFS,442,10-11-2008 10:34,6,UNKNOWN,dfs.FSDataset,INFO,Deleting block blk_-8796256534683400159 file /mnt/hadoop/dfs/data/current/subdir18/blk_-8796256534683400159,E9,Deleting block blk_<*> file /<*>/blk_<*>,0.05,Normal,0
HDFS,443,10-11-2008 10:34,3,UNKNOWN,dfs.FSDataset,INFO,Deleting block blk_-8775602795571523802 file /mnt/hadoop/dfs/data/current/subdir41/blk_-8775602795571523802,E9,Deleting block blk_<*> file /<*>/blk_<*>,0.05,Normal,0
HDFS,444,10-11-2008 10:34,9,UNKNOWN,dfs.DataNode$PacketResponder,INFO,Received block blk_4098532420907418423 of size 67108864 from /10.251.43.147,E11,Received block blk_<*> of size <*> from /<*>,0.05,Normal,0
HDFS,445,10-11-2008 10:34,18,UNKNOWN,dfs.FSDataset,INFO,Deleting block blk_-4368236874477798428 file /mnt/hadoop/dfs/data/current/subdir33/blk_-4368236874477798428,E9,Deleting block blk_<*> file /<*>/blk_<*>,0.05,Normal,0
HDFS,446,10-11-2008 10:34,2,UNKNOWN,dfs.FSDataset,INFO,Deleting block blk_-4223625526513535681 file /mnt/hadoop/dfs/data/current/subdir60/blk_-4223625526513535681,E9,Deleting block blk_<*> file /<*>/blk_<*>,0.05,Normal,0
HDFS,447,10-11-2008 10:34,5,UNKNOWN,dfs.FSDataset,INFO,Deleting block blk_-6400421658804613208 file /mnt/hadoop/dfs/data/current/subdir29/blk_-6400421658804613208,E9,Deleting block blk_<*> file /<*>/blk_<*>,0.05,Normal,0
HDFS,448,10-11-2008 10:34,5,UNKNOWN,dfs.FSDataset,INFO,Deleting block blk_-5880591395067598620 file /mnt/hadoop/dfs/data/current/subdir32/blk_-5880591395067598620,E9,Deleting block blk_<*> file /<*>/blk_<*>,0.05,Normal,0
HDFS,449,10-11-2008 10:34,0,UNKNOWN,dfs.FSDataset,INFO,Deleting block blk_-7096508472270520039 file /mnt/hadoop/dfs/data/current/subdir20/blk_-7096508472270520039,E9,Deleting block blk_<*> file /<*>/blk_<*>,0.05,Normal,0
HDFS,450,10-11-2008 10:34,2,UNKNOWN,dfs.FSDataset,INFO,Deleting block blk_-1939956833921604216 file /mnt/hadoop/dfs/data/current/subdir34/blk_-1939956833921604216,E9,Deleting block blk_<*> file /<*>/blk_<*>,0.05,Normal,0
HDFS,451,10-11-2008 10:35,28,UNKNOWN,dfs.FSDataset,INFO,Deleting block blk_-3860035787700398391 file /mnt/hadoop/dfs/data/current/subdir6/blk_-3860035787700398391,E9,Deleting block blk_<*> file /<*>/blk_<*>,0.05,Normal,0
HDFS,452,10-11-2008 10:35,12,UNKNOWN,dfs.FSDataset,INFO,Deleting block blk_-6008397446568765070 file /mnt/hadoop/dfs/data/current/blk_-6008397446568765070,E9,Deleting block blk_<*> file /<*>/blk_<*>,0.05,Normal,0
HDFS,453,10-11-2008 10:35,3,UNKNOWN,dfs.FSDataset,INFO,Deleting block blk_-2425070029518924403 file /mnt/hadoop/dfs/data/current/subdir39/blk_-2425070029518924403,E9,Deleting block blk_<*> file /<*>/blk_<*>,0.05,Normal,0
HDFS,454,10-11-2008 10:35,6,UNKNOWN,dfs.FSDataset,INFO,Deleting block blk_826351419727053015 file /mnt/hadoop/dfs/data/current/subdir6/blk_826351419727053015,E9,Deleting block blk_<*> file /<*>/blk_<*>,0.05,Normal,0
HDFS,455,10-11-2008 10:35,0,UNKNOWN,dfs.FSDataset,INFO,Deleting block blk_-3437475890798229344 file /mnt/hadoop/dfs/data/current/subdir57/blk_-3437475890798229344,E9,Deleting block blk_<*> file /<*>/blk_<*>,0.05,Normal,0
HDFS,456,10-11-2008 10:35,1,UNKNOWN,dfs.FSDataset,INFO,Deleting block blk_-1492402439215451727 file /mnt/hadoop/dfs/data/current/subdir25/blk_-1492402439215451727,E9,Deleting block blk_<*> file /<*>/blk_<*>,0.05,Normal,0
HDFS,457,10-11-2008 10:35,4,UNKNOWN,dfs.FSDataset,INFO,Deleting block blk_-4298255715894292387 file /mnt/hadoop/dfs/data/current/subdir38/blk_-4298255715894292387,E9,Deleting block blk_<*> file /<*>/blk_<*>,0.05,Normal,0
HDFS,458,10-11-2008 10:35,9,UNKNOWN,dfs.FSDataset,INFO,Deleting block blk_-4295805058711840933 file /mnt/hadoop/dfs/data/current/subdir0/blk_-4295805058711840933,E9,Deleting block blk_<*> file /<*>/blk_<*>,0.05,Normal,0
HDFS,459,10-11-2008 10:35,1,UNKNOWN,dfs.FSDataset,INFO,Deleting block blk_830855781964014378 file /mnt/hadoop/dfs/data/current/subdir48/blk_830855781964014378,E9,Deleting block blk_<*> file /<*>/blk_<*>,0.05,Normal,0
HDFS,460,10-11-2008 10:35,3,UNKNOWN,dfs.FSDataset,INFO,Deleting block blk_8291708741145026623 file /mnt/hadoop/dfs/data/current/subdir57/blk_8291708741145026623,E9,Deleting block blk_<*> file /<*>/blk_<*>,0.05,Normal,0
HDFS,461,10-11-2008 10:35,1,UNKNOWN,dfs.FSDataset,INFO,Deleting block blk_-921231092429668424 file /mnt/hadoop/dfs/data/current/subdir23/blk_-921231092429668424,E9,Deleting block blk_<*> file /<*>/blk_<*>,0.05,Normal,0
HDFS,462,10-11-2008 10:35,1,UNKNOWN,dfs.FSDataset,INFO,Deleting block blk_-1581605246928123722 file /mnt/hadoop/dfs/data/current/subdir13/blk_-1581605246928123722,E9,Deleting block blk_<*> file /<*>/blk_<*>,0.05,Normal,0
HDFS,463,10-11-2008 10:35,1,UNKNOWN,dfs.FSDataset,INFO,Deleting block blk_-2445347158368483245 file /mnt/hadoop/dfs/data/current/subdir30/blk_-2445347158368483245,E9,Deleting block blk_<*> file /<*>/blk_<*>,0.05,Normal,0
HDFS,464,10-11-2008 10:35,0,UNKNOWN,dfs.FSDataset,INFO,Deleting block blk_-1897524391075610396 file /mnt/hadoop/dfs/data/current/subdir47/blk_-1897524391075610396,E9,Deleting block blk_<*> file /<*>/blk_<*>,0.05,Normal,0
HDFS,465,10-11-2008 10:35,3,UNKNOWN,dfs.FSDataset,INFO,Deleting block blk_-8588908000680498 file /mnt/hadoop/dfs/data/current/subdir21/blk_-8588908000680498,E9,Deleting block blk_<*> file /<*>/blk_<*>,0.05,Normal,0
HDFS,466,10-11-2008 10:35,1,UNKNOWN,dfs.FSDataset,INFO,Deleting block blk_561417755647618727 file /mnt/hadoop/dfs/data/current/subdir4/blk_561417755647618727,E9,Deleting block blk_<*> file /<*>/blk_<*>,0.05,Normal,0
HDFS,467,10-11-2008 10:36,2,UNKNOWN,dfs.FSDataset,INFO,Deleting block blk_-6127741703501838658 file /mnt/hadoop/dfs/data/current/subdir53/blk_-6127741703501838658,E9,Deleting block blk_<*> file /<*>/blk_<*>,0.05,Normal,0
HDFS,468,10-11-2008 10:36,3,UNKNOWN,dfs.FSDataset,INFO,Deleting block blk_-3636681193077858741 file /mnt/hadoop/dfs/data/current/subdir37/blk_-3636681193077858741,E9,Deleting block blk_<*> file /<*>/blk_<*>,0.05,Normal,0
HDFS,469,10-11-2008 10:36,12,UNKNOWN,dfs.FSDataset,INFO,Deleting block blk_-643763844763678010 file /mnt/hadoop/dfs/data/current/subdir29/blk_-643763844763678010,E9,Deleting block blk_<*> file /<*>/blk_<*>,0.05,Normal,0
HDFS,470,10-11-2008 10:36,0,UNKNOWN,dfs.FSDataset,INFO,Deleting block blk_-2826763604408365998 file /mnt/hadoop/dfs/data/current/subdir40/blk_-2826763604408365998,E9,Deleting block blk_<*> file /<*>/blk_<*>,0.05,Normal,0
HDFS,471,10-11-2008 10:36,3,UNKNOWN,dfs.FSDataset,INFO,Deleting block blk_2278708746675870163 file /mnt/hadoop/dfs/data/current/subdir27/blk_2278708746675870163,E9,Deleting block blk_<*> file /<*>/blk_<*>,0.05,Normal,0
HDFS,472,10-11-2008 10:36,3,UNKNOWN,dfs.FSDataset,INFO,Deleting block blk_153508158653341141 file /mnt/hadoop/dfs/data/current/subdir50/blk_153508158653341141,E9,Deleting block blk_<*> file /<*>/blk_<*>,0.05,Normal,0
HDFS,473,10-11-2008 10:36,0,UNKNOWN,dfs.FSDataset,INFO,Deleting block blk_-1775264355226395799 file /mnt/hadoop/dfs/data/current/subdir26/blk_-1775264355226395799,E9,Deleting block blk_<*> file /<*>/blk_<*>,0.05,Normal,0
HDFS,474,10-11-2008 10:36,5,UNKNOWN,dfs.FSDataset,INFO,Deleting block blk_-1599621098605751235 file /mnt/hadoop/dfs/data/current/subdir16/blk_-1599621098605751235,E9,Deleting block blk_<*> file /<*>/blk_<*>,0.05,Normal,0
HDFS,475,10-11-2008 10:36,5,UNKNOWN,dfs.FSDataset,INFO,Deleting block blk_-1111344660779690782 file /mnt/hadoop/dfs/data/current/subdir40/blk_-1111344660779690782,E9,Deleting block blk_<*> file /<*>/blk_<*>,0.05,Normal,0
HDFS,476,10-11-2008 10:36,0,UNKNOWN,dfs.FSDataset,INFO,Deleting block blk_3585588704565901062 file /mnt/hadoop/dfs/data/current/subdir15/blk_3585588704565901062,E9,Deleting block blk_<*> file /<*>/blk_<*>,0.05,Normal,0
HDFS,477,10-11-2008 10:36,3,UNKNOWN,dfs.FSDataset,INFO,Deleting block blk_2756799797410851893 file /mnt/hadoop/dfs/data/current/subdir24/blk_2756799797410851893,E9,Deleting block blk_<*> file /<*>/blk_<*>,0.05,Normal,0
HDFS,478,10-11-2008 10:36,7,UNKNOWN,dfs.FSDataset,INFO,Deleting block blk_7323287581932922676 file /mnt/hadoop/dfs/data/current/subdir12/blk_7323287581932922676,E9,Deleting block blk_<*> file /<*>/blk_<*>,0.05,Normal,0
HDFS,479,10-11-2008 10:36,14,UNKNOWN,dfs.DataNode$PacketResponder,INFO,Received block blk_-4935573595350235765 of size 67108864 from /10.251.123.195,E11,Received block blk_<*> of size <*> from /<*>,0.05,Normal,0
HDFS,480,10-11-2008 10:36,2,UNKNOWN,dfs.FSNamesystem,INFO,BLOCK* NameSystem.allocateBlock: /user/root/rand/_temporary/_task_200811101024_0001_m_000097_0/part-00097. blk_496376132244907301,E7,BLOCK* NameSystem.allocateBlock: /<*>/part-<*>. blk_<*>,0.05,Normal,0
HDFS,481,10-11-2008 10:36,2,UNKNOWN,dfs.FSDataset,INFO,Deleting block blk_2731617036199392057 file /mnt/hadoop/dfs/data/current/subdir39/blk_2731617036199392057,E9,Deleting block blk_<*> file /<*>/blk_<*>,0.05,Normal,0
HDFS,482,10-11-2008 10:37,5,UNKNOWN,dfs.FSDataset,INFO,Deleting block blk_7190156588310412626 file /mnt/hadoop/dfs/data/current/subdir30/blk_7190156588310412626,E9,Deleting block blk_<*> file /<*>/blk_<*>,0.05,Normal,0
HDFS,483,10-11-2008 10:37,13,UNKNOWN,dfs.FSDataset,INFO,Deleting block blk_8189008752707332487 file /mnt/hadoop/dfs/data/current/subdir7/blk_8189008752707332487,E9,Deleting block blk_<*> file /<*>/blk_<*>,0.05,Normal,0
HDFS,484,10-11-2008 10:37,2,UNKNOWN,dfs.FSDataset,INFO,Deleting block blk_6828263829429857572 file /mnt/hadoop/dfs/data/current/subdir26/blk_6828263829429857572,E9,Deleting block blk_<*> file /<*>/blk_<*>,0.05,Normal,0
HDFS,485,10-11-2008 10:37,10,UNKNOWN,dfs.FSDataset,INFO,Deleting block blk_8492196963764530259 file /mnt/hadoop/dfs/data/current/subdir45/blk_8492196963764530259,E9,Deleting block blk_<*> file /<*>/blk_<*>,0.05,Normal,0
HDFS,486,10-11-2008 10:37,2,UNKNOWN,dfs.FSDataset,INFO,Deleting block blk_7942183449206967755 file /mnt/hadoop/dfs/data/current/subdir30/blk_7942183449206967755,E9,Deleting block blk_<*> file /<*>/blk_<*>,0.05,Normal,0
HDFS,487,10-11-2008 10:37,3,UNKNOWN,dfs.FSDataset,INFO,Deleting block blk_6223504502438507199 file /mnt/hadoop/dfs/data/current/subdir0/blk_6223504502438507199,E9,Deleting block blk_<*> file /<*>/blk_<*>,0.05,Normal,0
HDFS,488,10-11-2008 10:37,1,UNKNOWN,dfs.FSDataset,INFO,Deleting block blk_7519257846502835091 file /mnt/hadoop/dfs/data/current/subdir15/blk_7519257846502835091,E9,Deleting block blk_<*> file /<*>/blk_<*>,0.05,Normal,0
HDFS,489,10-11-2008 10:37,4,UNKNOWN,dfs.FSDataset,INFO,Deleting block blk_5272005015837990021 file /mnt/hadoop/dfs/data/current/subdir0/blk_5272005015837990021,E9,Deleting block blk_<*> file /<*>/blk_<*>,0.05,Normal,0
HDFS,490,10-11-2008 10:37,4,UNKNOWN,dfs.FSDataset,INFO,Deleting block blk_7090935285617451450 file /mnt/hadoop/dfs/data/current/subdir60/blk_7090935285617451450,E9,Deleting block blk_<*> file /<*>/blk_<*>,0.05,Normal,0
HDFS,491,10-11-2008 10:37,6,UNKNOWN,dfs.FSDataset,INFO,Deleting block blk_8145984793403459836 file /mnt/hadoop/dfs/data/current/blk_8145984793403459836,E9,Deleting block blk_<*> file /<*>/blk_<*>,0.05,Normal,0
HDFS,492,10-11-2008 10:37,6,UNKNOWN,dfs.FSDataset,INFO,Deleting block blk_7603278760520020831 file /mnt/hadoop/dfs/data/current/subdir59/blk_7603278760520020831,E9,Deleting block blk_<*> file /<*>/blk_<*>,0.05,Normal,0
HDFS,493,10-11-2008 10:38,6,UNKNOWN,dfs.FSDataset,INFO,Deleting block blk_9169945668827621796 file /mnt/hadoop/dfs/data/current/subdir50/blk_9169945668827621796,E9,Deleting block blk_<*> file /<*>/blk_<*>,0.05,Normal,0
HDFS,494,10-11-2008 10:38,11,UNKNOWN,dfs.DataNode$PacketResponder,INFO,Received block blk_-5668584889663038916 of size 67108864 from /10.250.9.207,E11,Received block blk_<*> of size <*> from /<*>,0.05,Normal,0
HDFS,495,10-11-2008 10:38,6,UNKNOWN,dfs.FSNamesystem,INFO,BLOCK* NameSystem.addStoredBlock: blockMap updated: 10.251.194.147:50010 is added to blk_5277338321835341602 size 67108864,E6,BLOCK* NameSystem.addStoredBlock: blockMap updated: <*>:<*> is added to blk_<*> size <*>,0.05,Normal,0
HDFS,496,10-11-2008 10:38,1,UNKNOWN,dfs.FSDataset,INFO,Deleting block blk_6973321719929905054 file /mnt/hadoop/dfs/data/current/subdir14/blk_6973321719929905054,E9,Deleting block blk_<*> file /<*>/blk_<*>,0.05,Normal,0
HDFS,497,10-11-2008 10:38,2,UNKNOWN,dfs.FSDataset,INFO,Deleting block blk_5948455948626091880 file /mnt/hadoop/dfs/data/current/subdir28/blk_5948455948626091880,E9,Deleting block blk_<*> file /<*>/blk_<*>,0.05,Normal,0
HDFS,498,10-11-2008 10:38,6,UNKNOWN,dfs.FSNamesystem,INFO,BLOCK* NameSystem.addStoredBlock: blockMap updated: 10.251.75.49:50010 is added to blk_-3684613761619321001 size 67108864,E6,BLOCK* NameSystem.addStoredBlock: blockMap updated: <*>:<*> is added to blk_<*> size <*>,0.05,Normal,0
HDFS,499,10-11-2008 10:38,13,UNKNOWN,dfs.FSDataset,INFO,Deleting block blk_6497260538939100482 file /mnt/hadoop/dfs/data/current/subdir46/blk_6497260538939100482,E9,Deleting block blk_<*> file /<*>/blk_<*>,0.05,Normal,0
HDFS,500,10-11-2008 10:38,0,UNKNOWN,dfs.DataNode$PacketResponder,INFO,PacketResponder 2 for block blk_-6991853982611346454 terminating,E10,PacketResponder <*> for block blk_<*> terminating,0.05,Normal,0
HDFS,501,10-11-2008 10:38,10,UNKNOWN,dfs.FSNamesystem,INFO,BLOCK* NameSystem.allocateBlock: /user/root/rand/_temporary/_task_200811101024_0001_m_000056_0/part-00056. blk_6140788650991100539,E7,BLOCK* NameSystem.allocateBlock: /<*>/part-<*>. blk_<*>,0.05,Normal,0
HDFS,502,10-11-2008 10:39,32,UNKNOWN,dfs.FSDataset,INFO,Deleting block blk_7754477838724397551 file /mnt/hadoop/dfs/data/current/subdir46/blk_7754477838724397551,E9,Deleting block blk_<*> file /<*>/blk_<*>,0.05,Normal,0
HDFS,503,10-11-2008 10:40,56,UNKNOWN,dfs.DataNode$PacketResponder,INFO,PacketResponder 0 for block blk_-3452734573703603740 terminating,E10,PacketResponder <*> for block blk_<*> terminating,0.05,Normal,0
HDFS,504,10-11-2008 10:40,29,UNKNOWN,dfs.DataNode$PacketResponder,INFO,Received block blk_-4034227974316905164 of size 67108864 from /10.250.15.198,E11,Received block blk_<*> of size <*> from /<*>,0.05,Normal,0
HDFS,505,10-11-2008 10:42,97,UNKNOWN,dfs.FSNamesystem,INFO,BLOCK* NameSystem.allocateBlock: /user/root/rand/_temporary/_task_200811101024_0001_m_000346_0/part-00346. blk_-2016403519138424998,E7,BLOCK* NameSystem.allocateBlock: /<*>/part-<*>. blk_<*>,0.05,Normal,0
HDFS,506,10-11-2008 10:42,7,UNKNOWN,dfs.DataNode$DataXceiver,INFO,Receiving block blk_2972699288862031202 src: /10.250.5.161:51077 dest: /10.250.5.161:50010,E13,Receiving block blk_<*> src: /<*>:<*> dest: /<*>:<*>,0.05,Normal,0
HDFS,507,10-11-2008 10:43,38,UNKNOWN,dfs.DataNode$DataXceiver,INFO,Receiving block blk_-4956232013010963754 src: /10.251.126.22:58984 dest: /10.251.126.22:50010,E13,Receiving block blk_<*> src: /<*>:<*> dest: /<*>:<*>,0.05,Normal,0
HDFS,508,10-11-2008 10:43,12,UNKNOWN,dfs.FSNamesystem,INFO,BLOCK* NameSystem.addStoredBlock: blockMap updated: 10.250.15.198:50010 is added to blk_8894334107354324777 size 3549832,E6,BLOCK* NameSystem.addStoredBlock: blockMap updated: <*>:<*> is added to blk_<*> size <*>,0.05,Normal,0
HDFS,509,10-11-2008 10:43,36,UNKNOWN,dfs.DataNode$PacketResponder,INFO,PacketResponder 2 for block blk_-6035642070260562886 terminating,E10,PacketResponder <*> for block blk_<*> terminating,0.05,Normal,0
HDFS,510,10-11-2008 10:44,4,UNKNOWN,dfs.FSNamesystem,INFO,BLOCK* NameSystem.addStoredBlock: blockMap updated: 10.251.107.196:50010 is added to blk_4802366409699286298 size 3547304,E6,BLOCK* NameSystem.addStoredBlock: blockMap updated: <*>:<*> is added to blk_<*> size <*>,0.05,Normal,0
HDFS,511,10-11-2008 10:44,3,UNKNOWN,dfs.DataNode$DataXceiver,INFO,Receiving block blk_-1753161039594546561 src: /10.251.203.149:33685 dest: /10.251.203.149:50010,E13,Receiving block blk_<*> src: /<*>:<*> dest: /<*>:<*>,0.05,Normal,0
HDFS,512,10-11-2008 10:44,3,UNKNOWN,dfs.DataNode$PacketResponder,INFO,PacketResponder 2 for block blk_859668537217019080 terminating,E10,PacketResponder <*> for block blk_<*> terminating,0.05,Normal,0
HDFS,513,10-11-2008 10:46,113,UNKNOWN,dfs.FSNamesystem,INFO,BLOCK* NameSystem.allocateBlock: /user/root/rand/_temporary/_task_200811101024_0001_m_000121_0/part-00121. blk_-2073265102548439691,E7,BLOCK* NameSystem.allocateBlock: /<*>/part-<*>. blk_<*>,0.05,Normal,0
HDFS,514,10-11-2008 10:48,145,UNKNOWN,dfs.DataNode$PacketResponder,INFO,Received block blk_3083630442630693250 of size 67108864 from /10.251.215.70,E11,Received block blk_<*> of size <*> from /<*>,0.05,Normal,0
HDFS,515,10-11-2008 10:48,9,UNKNOWN,dfs.DataNode$PacketResponder,INFO,PacketResponder 1 for block blk_-4624597753370705281 terminating,E10,PacketResponder <*> for block blk_<*> terminating,0.05,Normal,0
HDFS,516,10-11-2008 10:48,5,UNKNOWN,dfs.DataNode$PacketResponder,INFO,Received block blk_-5236578579938215340 of size 67108864 from /10.250.7.244,E11,Received block blk_<*> of size <*> from /<*>,0.05,Normal,0
HDFS,517,10-11-2008 10:48,8,UNKNOWN,dfs.FSNamesystem,INFO,BLOCK* NameSystem.addStoredBlock: blockMap updated: 10.251.39.144:50010 is added to blk_-6592952246351162022 size 67108864,E6,BLOCK* NameSystem.addStoredBlock: blockMap updated: <*>:<*> is added to blk_<*> size <*>,0.05,Normal,0
HDFS,518,10-11-2008 10:49,27,UNKNOWN,dfs.FSNamesystem,INFO,BLOCK* NameSystem.addStoredBlock: blockMap updated: 10.250.14.224:50010 is added to blk_-3329473910909732817 size 67108864,E6,BLOCK* NameSystem.addStoredBlock: blockMap updated: <*>:<*> is added to blk_<*> size <*>,0.05,Normal,0
HDFS,519,10-11-2008 10:50,46,UNKNOWN,dfs.FSDataset,INFO,Deleting block blk_-1347057913082589493 file /mnt/hadoop/dfs/data/current/subdir56/blk_-1347057913082589493,E9,Deleting block blk_<*> file /<*>/blk_<*>,0.05,Normal,0
HDFS,520,10-11-2008 10:51,109,UNKNOWN,dfs.DataNode$DataXceiver,INFO,Receiving block blk_-8198423074054354279 src: /10.251.203.149:46429 dest: /10.251.203.149:50010,E13,Receiving block blk_<*> src: /<*>:<*> dest: /<*>:<*>,0.05,Normal,0
HDFS,521,10-11-2008 10:52,14,UNKNOWN,dfs.DataNode$PacketResponder,INFO,PacketResponder 0 for block blk_391813102554451063 terminating,E10,PacketResponder <*> for block blk_<*> terminating,0.05,Normal,0
HDFS,522,10-11-2008 10:52,16,UNKNOWN,dfs.FSNamesystem,INFO,BLOCK* NameSystem.addStoredBlock: blockMap updated: 10.251.214.67:50010 is added to blk_-6449891932967810179 size 67108864,E6,BLOCK* NameSystem.addStoredBlock: blockMap updated: <*>:<*> is added to blk_<*> size <*>,0.05,Normal,0
HDFS,523,10-11-2008 10:52,33,UNKNOWN,dfs.DataNode$DataXceiver,INFO,Receiving block blk_-8563999607069929505 src: /10.251.107.19:60076 dest: /10.251.107.19:50010,E13,Receiving block blk_<*> src: /<*>:<*> dest: /<*>:<*>,0.05,Normal,0
HDFS,524,10-11-2008 10:53,53,UNKNOWN,dfs.FSDataset,INFO,Deleting block blk_-4304240611296196935 file /mnt/hadoop/dfs/data/current/subdir55/blk_-4304240611296196935,E9,Deleting block blk_<*> file /<*>/blk_<*>,0.05,Normal,0
HDFS,525,10-11-2008 10:54,71,UNKNOWN,dfs.FSNamesystem,INFO,BLOCK* NameSystem.addStoredBlock: blockMap updated: 10.251.110.68:50010 is added to blk_-3663004104512304532 size 67108864,E6,BLOCK* NameSystem.addStoredBlock: blockMap updated: <*>:<*> is added to blk_<*> size <*>,0.05,Normal,0
HDFS,526,10-11-2008 10:55,16,UNKNOWN,dfs.FSNamesystem,INFO,BLOCK* NameSystem.allocateBlock: /user/root/rand/_temporary/_task_200811101024_0001_m_000749_0/part-00749. blk_-6909607053783233975,E7,BLOCK* NameSystem.allocateBlock: /<*>/part-<*>. blk_<*>,0.05,Normal,0
HDFS,527,10-11-2008 10:55,9,UNKNOWN,dfs.DataNode$PacketResponder,INFO,Received block blk_-2141627858612526069 of size 67108864 from /10.251.111.37,E11,Received block blk_<*> of size <*> from /<*>,0.05,Normal,0
HDFS,528,10-11-2008 10:55,32,UNKNOWN,dfs.DataNode$DataXceiver,INFO,Receiving block blk_5272731391668336674 src: /10.250.6.191:46509 dest: /10.250.6.191:50010,E13,Receiving block blk_<*> src: /<*>:<*> dest: /<*>:<*>,0.05,Normal,0
HDFS,529,10-11-2008 10:56,14,UNKNOWN,dfs.FSNamesystem,INFO,BLOCK* NameSystem.addStoredBlock: blockMap updated: 10.251.39.179:50010 is added to blk_5491101910066444061 size 67108864,E6,BLOCK* NameSystem.addStoredBlock: blockMap updated: <*>:<*> is added to blk_<*> size <*>,0.05,Normal,0
HDFS,530,10-11-2008 10:56,21,UNKNOWN,dfs.FSDataset,INFO,Deleting block blk_5075966182561035053 file /mnt/hadoop/dfs/data/current/subdir53/blk_5075966182561035053,E9,Deleting block blk_<*> file /<*>/blk_<*>,0.05,Normal,0
HDFS,531,10-11-2008 10:59,162,UNKNOWN,dfs.DataNode$PacketResponder,INFO,Received block blk_-5421365489363678155 of size 67108864 from /10.251.122.38,E11,Received block blk_<*> of size <*> from /<*>,0.05,Normal,0
HDFS,532,10-11-2008 10:59,17,UNKNOWN,dfs.DataNode$PacketResponder,INFO,Received block blk_2294700909811950327 of size 67108864 from /10.251.90.64,E11,Received block blk_<*> of size <*> from /<*>,0.05,Normal,0
HDFS,533,10-11-2008 11:00,54,UNKNOWN,dfs.DataNode$PacketResponder,INFO,Received block blk_7224257732880626802 of size 67108864 from /10.251.122.79,E11,Received block blk_<*> of size <*> from /<*>,0.05,Normal,0
HDFS,534,10-11-2008 11:00,15,UNKNOWN,dfs.DataNode$PacketResponder,INFO,Received block blk_-8049908920306758342 of size 67108864 from /10.251.73.220,E11,Received block blk_<*> of size <*> from /<*>,0.05,Normal,0
HDFS,535,10-11-2008 11:00,19,UNKNOWN,dfs.FSNamesystem,INFO,BLOCK* NameSystem.addStoredBlock: blockMap updated: 10.250.7.244:50010 is added to blk_-6582383997201802925 size 67108864,E6,BLOCK* NameSystem.addStoredBlock: blockMap updated: <*>:<*> is added to blk_<*> size <*>,0.05,Normal,0
HDFS,536,10-11-2008 11:00,4,UNKNOWN,dfs.DataNode$PacketResponder,INFO,Received block blk_6746178639682808096 of size 67108864 from /10.251.125.174,E11,Received block blk_<*> of size <*> from /<*>,0.05,Normal,0
HDFS,537,10-11-2008 11:01,2,UNKNOWN,dfs.FSNamesystem,INFO,BLOCK* NameSystem.addStoredBlock: blockMap updated: 10.251.38.214:50010 is added to blk_-5363213609331400263 size 67108864,E6,BLOCK* NameSystem.addStoredBlock: blockMap updated: <*>:<*> is added to blk_<*> size <*>,0.05,Normal,0
HDFS,538,10-11-2008 11:01,54,UNKNOWN,dfs.DataNode$PacketResponder,INFO,Received block blk_-5586529360624346565 of size 67108864 from /10.251.43.115,E11,Received block blk_<*> of size <*> from /<*>,0.05,Normal,0
HDFS,539,10-11-2008 11:02,13,UNKNOWN,dfs.DataNode$PacketResponder,INFO,Received block blk_2063252936853409868 of size 67108864 from /10.251.43.192,E11,Received block blk_<*> of size <*> from /<*>,0.05,Normal,0
HDFS,540,10-11-2008 11:03,76,UNKNOWN,dfs.DataNode$DataXceiver,INFO,Receiving block blk_8752665860595246441 src: /10.251.70.5:44006 dest: /10.251.70.5:50010,E13,Receiving block blk_<*> src: /<*>:<*> dest: /<*>:<*>,0.05,Normal,0
HDFS,541,10-11-2008 11:03,29,UNKNOWN,dfs.DataNode$PacketResponder,INFO,PacketResponder 2 for block blk_2974262690755997396 terminating,E10,PacketResponder <*> for block blk_<*> terminating,0.05,Normal,0
HDFS,542,10-11-2008 11:06,154,UNKNOWN,dfs.FSNamesystem,INFO,BLOCK* NameSystem.addStoredBlock: blockMap updated: 10.251.194.213:50010 is added to blk_-7030770677241078854 size 67108864,E6,BLOCK* NameSystem.addStoredBlock: blockMap updated: <*>:<*> is added to blk_<*> size <*>,0.05,Normal,0
HDFS,543,10-11-2008 11:08,120,UNKNOWN,dfs.DataNode$PacketResponder,INFO,PacketResponder 1 for block blk_3318864983801406136 terminating,E10,PacketResponder <*> for block blk_<*> terminating,0.05,Normal,0
HDFS,544,10-11-2008 11:09,54,UNKNOWN,dfs.FSNamesystem,INFO,BLOCK* NameSystem.allocateBlock: /user/root/rand/_temporary/_task_200811101024_0001_m_001197_0/part-01197. blk_-5255262711039499896,E7,BLOCK* NameSystem.allocateBlock: /<*>/part-<*>. blk_<*>,0.05,Normal,0
HDFS,545,10-11-2008 11:09,12,UNKNOWN,dfs.DataNode$DataXceiver,INFO,Receiving block blk_-3612946656596896413 src: /10.251.105.189:48488 dest: /10.251.105.189:50010,E13,Receiving block blk_<*> src: /<*>:<*> dest: /<*>:<*>,0.05,Normal,0
HDFS,546,10-11-2008 11:09,9,UNKNOWN,dfs.DataNode$PacketResponder,INFO,Received block blk_8751697793900992450 of size 67108864 from /10.251.71.16,E11,Received block blk_<*> of size <*> from /<*>,0.05,Normal,0
HDFS,547,10-11-2008 11:10,44,UNKNOWN,dfs.DataNode$DataXceiver,INFO,Receiving block blk_5816171803790152026 src: /10.251.194.102:43940 dest: /10.251.194.102:50010,E13,Receiving block blk_<*> src: /<*>:<*> dest: /<*>:<*>,0.05,Normal,0
HDFS,548,10-11-2008 11:10,17,UNKNOWN,dfs.FSNamesystem,INFO,BLOCK* NameSystem.addStoredBlock: blockMap updated: 10.251.66.192:50010 is added to blk_-6068587951382721748 size 67108864,E6,BLOCK* NameSystem.addStoredBlock: blockMap updated: <*>:<*> is added to blk_<*> size <*>,0.05,Normal,0
HDFS,549,10-11-2008 11:10,0,UNKNOWN,dfs.FSNamesystem,INFO,BLOCK* NameSystem.allocateBlock: /user/root/rand/_temporary/_task_200811101024_0001_m_001353_0/part-01353. blk_5782729236964719738,E7,BLOCK* NameSystem.allocateBlock: /<*>/part-<*>. blk_<*>,0.05,Normal,0
HDFS,550,10-11-2008 11:12,106,UNKNOWN,dfs.DataNode$PacketResponder,INFO,Received block blk_-2856928563366064757 of size 67108864 from /10.251.42.9,E11,Received block blk_<*> of size <*> from /<*>,0.05,Normal,0
HDFS,551,10-11-2008 11:12,19,UNKNOWN,dfs.DataNode$PacketResponder,INFO,PacketResponder 2 for block blk_8348114876238571434 terminating,E10,PacketResponder <*> for block blk_<*> terminating,0.05,Normal,0
HDFS,552,10-11-2008 11:13,20,UNKNOWN,dfs.DataNode$DataXceiver,INFO,Receiving block blk_1744485040428751334 src: /10.250.5.237:52234 dest: /10.250.5.237:50010,E13,Receiving block blk_<*> src: /<*>:<*> dest: /<*>:<*>,0.05,Normal,0
HDFS,553,10-11-2008 11:14,56,UNKNOWN,dfs.FSNamesystem,INFO,BLOCK* NameSystem.allocateBlock: /user/root/rand/_temporary/_task_200811101024_0001_m_001495_0/part-01495. blk_-7592643790414500555,E7,BLOCK* NameSystem.allocateBlock: /<*>/part-<*>. blk_<*>,0.05,Normal,0
HDFS,554,10-11-2008 11:14,1,UNKNOWN,dfs.DataNode$PacketResponder,INFO,Received block blk_-5960135894031733009 of size 67108864 from /10.251.126.83,E11,Received block blk_<*> of size <*> from /<*>,0.05,Normal,0
HDFS,555,10-11-2008 11:14,4,UNKNOWN,dfs.FSNamesystem,INFO,BLOCK* NameSystem.addStoredBlock: blockMap updated: 10.250.14.143:50010 is added to blk_8952177028039691517 size 67108864,E6,BLOCK* NameSystem.addStoredBlock: blockMap updated: <*>:<*> is added to blk_<*> size <*>,0.05,Normal,0
HDFS,556,10-11-2008 11:14,6,UNKNOWN,dfs.FSNamesystem,INFO,BLOCK* NameSystem.addStoredBlock: blockMap updated: 10.250.13.240:50010 is added to blk_939695665085237271 size 67108864,E6,BLOCK* NameSystem.addStoredBlock: blockMap updated: <*>:<*> is added to blk_<*> size <*>,0.05,Normal,0
HDFS,557,10-11-2008 11:15,92,UNKNOWN,dfs.FSNamesystem,INFO,BLOCK* NameSystem.allocateBlock: /user/root/rand/_temporary/_task_200811101024_0001_m_001587_0/part-01587. blk_6374836031306809839,E7,BLOCK* NameSystem.allocateBlock: /<*>/part-<*>. blk_<*>,0.05,Normal,0
HDFS,558,10-11-2008 11:16,51,UNKNOWN,dfs.DataNode$DataXceiver,INFO,Receiving block blk_1394107495884949139 src: /10.250.10.100:33314 dest: /10.250.10.100:50010,E13,Receiving block blk_<*> src: /<*>:<*> dest: /<*>:<*>,0.05,Normal,0
HDFS,559,10-11-2008 11:16,9,UNKNOWN,dfs.DataNode$PacketResponder,INFO,PacketResponder 1 for block blk_-1751996688557225241 terminating,E10,PacketResponder <*> for block blk_<*> terminating,0.05,Normal,0
HDFS,560,10-11-2008 11:16,3,UNKNOWN,dfs.FSNamesystem,INFO,BLOCK* NameSystem.addStoredBlock: blockMap updated: 10.251.127.47:50010 is added to blk_-3990317238913332296 size 67108864,E6,BLOCK* NameSystem.addStoredBlock: blockMap updated: <*>:<*> is added to blk_<*> size <*>,0.05,Normal,0
HDFS,561,10-11-2008 11:17,42,UNKNOWN,dfs.DataNode$PacketResponder,INFO,PacketResponder 0 for block blk_7837529475466774167 terminating,E10,PacketResponder <*> for block blk_<*> terminating,0.05,Normal,0
HDFS,562,10-11-2008 11:17,16,UNKNOWN,dfs.DataNode$DataXceiver,INFO,Receiving block blk_1057763407402503745 src: /10.251.30.134:36059 dest: /10.251.30.134:50010,E13,Receiving block blk_<*> src: /<*>:<*> dest: /<*>:<*>,0.05,Normal,0
HDFS,563,10-11-2008 11:18,19,UNKNOWN,dfs.FSNamesystem,INFO,BLOCK* NameSystem.addStoredBlock: blockMap updated: 10.251.67.113:50010 is added to blk_8988793695103110546 size 67108864,E6,BLOCK* NameSystem.addStoredBlock: blockMap updated: <*>:<*> is added to blk_<*> size <*>,0.05,Normal,0
HDFS,564,10-11-2008 11:18,19,UNKNOWN,dfs.DataNode$PacketResponder,INFO,Received block blk_-5340841684362207777 of size 67108864 from /10.251.198.33,E11,Received block blk_<*> of size <*> from /<*>,0.05,Normal,0
HDFS,565,10-11-2008 11:19,43,UNKNOWN,dfs.FSNamesystem,INFO,BLOCK* NameSystem.addStoredBlock: blockMap updated: 10.251.123.99:50010 is added to blk_-2600305892036631113 size 67108864,E6,BLOCK* NameSystem.addStoredBlock: blockMap updated: <*>:<*> is added to blk_<*> size <*>,0.05,Normal,0
HDFS,566,10-11-2008 11:19,49,UNKNOWN,dfs.FSNamesystem,INFO,BLOCK* NameSystem.addStoredBlock: blockMap updated: 10.251.107.19:50010 is added to blk_-2144263949276079479 size 3547172,E6,BLOCK* NameSystem.addStoredBlock: blockMap updated: <*>:<*> is added to blk_<*> size <*>,0.05,Normal,0
HDFS,567,10-11-2008 11:20,57,UNKNOWN,dfs.DataNode$DataXceiver,INFO,Receiving block blk_-6927870228542972281 src: /10.250.7.230:41059 dest: /10.250.7.230:50010,E13,Receiving block blk_<*> src: /<*>:<*> dest: /<*>:<*>,0.05,Normal,0
HDFS,568,10-11-2008 11:21,57,UNKNOWN,dfs.DataNode$PacketResponder,INFO,PacketResponder 0 for block blk_6610244864386894422 terminating,E10,PacketResponder <*> for block blk_<*> terminating,0.05,Normal,0
HDFS,569,10-11-2008 11:21,3,UNKNOWN,dfs.DataBlockScanner,INFO,Verification succeeded for blk_774612454978154966,E14,Verification succeeded for blk_<*>,0.05,Normal,0
HDFS,570,10-11-2008 11:22,39,UNKNOWN,dfs.DataNode$DataXceiver,INFO,Receiving block blk_6672666770563118759 src: /10.251.71.68:44457 dest: /10.251.71.68:50010,E13,Receiving block blk_<*> src: /<*>:<*> dest: /<*>:<*>,0.05,Normal,0
HDFS,571,10-11-2008 11:23,36,UNKNOWN,dfs.DataNode$DataXceiver,INFO,Receiving block blk_4783621682384104986 src: /10.251.193.224:52556 dest: /10.251.193.224:50010,E13,Receiving block blk_<*> src: /<*>:<*> dest: /<*>:<*>,0.05,Normal,0
HDFS,572,10-11-2008 11:23,14,UNKNOWN,dfs.DataNode$PacketResponder,INFO,PacketResponder 0 for block blk_-1387034299358896632 terminating,E10,PacketResponder <*> for block blk_<*> terminating,0.05,Normal,0
HDFS,573,10-11-2008 11:24,84,UNKNOWN,dfs.FSNamesystem,INFO,BLOCK* NameSystem.addStoredBlock: blockMap updated: 10.251.111.228:50010 is added to blk_-5012639079435860269 size 67108864,E6,BLOCK* NameSystem.addStoredBlock: blockMap updated: <*>:<*> is added to blk_<*> size <*>,0.05,Normal,0
HDFS,574,10-11-2008 11:25,23,UNKNOWN,dfs.DataNode$PacketResponder,INFO,Received block blk_5600017220681756254 of size 67108864 from /10.251.214.130,E11,Received block blk_<*> of size <*> from /<*>,0.05,Normal,0
HDFS,575,10-11-2008 11:25,5,UNKNOWN,dfs.DataNode$DataXceiver,INFO,Receiving block blk_8235751201501175836 src: /10.250.11.194:37449 dest: /10.250.11.194:50010,E13,Receiving block blk_<*> src: /<*>:<*> dest: /<*>:<*>,0.05,Normal,0
HDFS,576,10-11-2008 11:26,59,UNKNOWN,dfs.DataNode$DataXceiver,INFO,Receiving block blk_-8838161455213213548 src: /10.251.199.150:58165 dest: /10.251.199.150:50010,E13,Receiving block blk_<*> src: /<*>:<*> dest: /<*>:<*>,0.05,Normal,0
HDFS,577,10-11-2008 11:26,14,UNKNOWN,dfs.DataNode$PacketResponder,INFO,Received block blk_-3741526967786688540 of size 67108864 from /10.251.74.79,E11,Received block blk_<*> of size <*> from /<*>,0.05,Normal,0
HDFS,578,10-11-2008 11:26,24,UNKNOWN,dfs.DataNode$PacketResponder,INFO,Received block blk_120277101968534224 of size 67108864 from /10.251.122.65,E11,Received block blk_<*> of size <*> from /<*>,0.05,Normal,0
HDFS,579,10-11-2008 11:27,23,UNKNOWN,dfs.DataNode$DataXceiver,INFO,Receiving block blk_7535677865140289610 src: /10.251.26.131:47660 dest: /10.251.26.131:50010,E13,Receiving block blk_<*> src: /<*>:<*> dest: /<*>:<*>,0.05,Normal,0
HDFS,580,10-11-2008 11:27,23,UNKNOWN,dfs.DataNode$PacketResponder,INFO,Received block blk_-5814328448485070742 of size 67108864 from /10.251.74.134,E11,Received block blk_<*> of size <*> from /<*>,0.05,Normal,0
HDFS,581,10-11-2008 11:27,5,UNKNOWN,dfs.FSNamesystem,INFO,BLOCK* NameSystem.addStoredBlock: blockMap updated: 10.250.10.100:50010 is added to blk_1021828391502582165 size 67108864,E6,BLOCK* NameSystem.addStoredBlock: blockMap updated: <*>:<*> is added to blk_<*> size <*>,0.05,Normal,0
HDFS,582,10-11-2008 11:28,23,UNKNOWN,dfs.FSNamesystem,INFO,BLOCK* NameSystem.addStoredBlock: blockMap updated: 10.251.38.53:50010 is added to blk_3202507081359904616 size 67108864,E6,BLOCK* NameSystem.addStoredBlock: blockMap updated: <*>:<*> is added to blk_<*> size <*>,0.05,Normal,0
HDFS,583,10-11-2008 11:30,130,UNKNOWN,dfs.DataNode$DataXceiver,INFO,Receiving block blk_102441832197223997 src: /10.251.123.195:49611 dest: /10.251.123.195:50010,E13,Receiving block blk_<*> src: /<*>:<*> dest: /<*>:<*>,0.05,Normal,0
HDFS,584,10-11-2008 11:34,230,UNKNOWN,dfs.DataNode$PacketResponder,INFO,Received block blk_3242229894054064344 of size 3540106 from /10.250.15.240,E11,Received block blk_<*> of size <*> from /<*>,0.05,Normal,0
HDFS,585,10-11-2008 11:36,149,UNKNOWN,dfs.FSDataset,INFO,Deleting block blk_-7601381921195183756 file /mnt/hadoop/dfs/data/current/subdir48/blk_-7601381921195183756,E9,Deleting block blk_<*> file /<*>/blk_<*>,0.05,Normal,0
HDFS,586,10-11-2008 11:39,163,UNKNOWN,dfs.DataNode$PacketResponder,INFO,Received block blk_2157471834570224881 of size 67108864 from /10.251.126.22,E11,Received block blk_<*> of size <*> from /<*>,0.05,Normal,0
HDFS,587,10-11-2008 11:39,33,UNKNOWN,dfs.DataNode$PacketResponder,INFO,Received block blk_-7029628814943626474 of size 67108864 from /10.250.7.230,E11,Received block blk_<*> of size <*> from /<*>,0.05,Normal,0
HDFS,588,10-11-2008 11:39,3,UNKNOWN,dfs.DataNode$DataXceiver,INFO,Receiving block blk_-931590117143327078 src: /10.251.42.191:44480 dest: /10.251.42.191:50010,E13,Receiving block blk_<*> src: /<*>:<*> dest: /<*>:<*>,0.05,Normal,0
HDFS,589,10-11-2008 11:40,10,UNKNOWN,dfs.DataNode$PacketResponder,INFO,PacketResponder 1 for block blk_4967492069970766092 terminating,E10,PacketResponder <*> for block blk_<*> terminating,0.05,Normal,0
HDFS,590,10-11-2008 11:40,14,UNKNOWN,dfs.DataNode$PacketResponder,INFO,PacketResponder 2 for block blk_-1485317050914225917 terminating,E10,PacketResponder <*> for block blk_<*> terminating,0.05,Normal,0
HDFS,591,10-11-2008 11:40,1,UNKNOWN,dfs.DataNode$DataXceiver,INFO,Receiving block blk_1727371778357941761 src: /10.251.126.255:42844 dest: /10.251.126.255:50010,E13,Receiving block blk_<*> src: /<*>:<*> dest: /<*>:<*>,0.05,Normal,0
HDFS,592,10-11-2008 11:41,59,UNKNOWN,dfs.FSNamesystem,INFO,BLOCK* NameSystem.addStoredBlock: blockMap updated: 10.251.26.177:50010 is added to blk_-2402036602753320612 size 67108864,E6,BLOCK* NameSystem.addStoredBlock: blockMap updated: <*>:<*> is added to blk_<*> size <*>,0.05,Normal,0
HDFS,593,10-11-2008 11:41,25,UNKNOWN,dfs.DataNode$PacketResponder,INFO,Received block blk_-1849105860762445186 of size 67108864 from /10.251.91.229,E11,Received block blk_<*> of size <*> from /<*>,0.05,Normal,0
HDFS,594,10-11-2008 11:42,47,UNKNOWN,dfs.DataNode$DataXceiver,INFO,Receiving block blk_-7820996703068538967 src: /10.251.35.1:59569 dest: /10.251.35.1:50010,E13,Receiving block blk_<*> src: /<*>:<*> dest: /<*>:<*>,0.05,Normal,0
HDFS,595,10-11-2008 11:43,38,UNKNOWN,dfs.FSNamesystem,INFO,BLOCK* NameSystem.allocateBlock: /user/root/randtxt2/_temporary/_task_200811101024_0002_m_000299_0/part-00299. blk_4984150784048864430,E7,BLOCK* NameSystem.allocateBlock: /<*>/part-<*>. blk_<*>,0.05,Normal,0
HDFS,596,10-11-2008 11:43,6,UNKNOWN,dfs.DataNode$PacketResponder,INFO,Received block blk_1646909113279517647 of size 67108864 from /10.251.214.130,E11,Received block blk_<*> of size <*> from /<*>,0.05,Normal,0
HDFS,597,10-11-2008 11:43,4,UNKNOWN,dfs.FSNamesystem,INFO,BLOCK* NameSystem.addStoredBlock: blockMap updated: 10.251.25.237:50010 is added to blk_-8145226289286457574 size 67108864,E6,BLOCK* NameSystem.addStoredBlock: blockMap updated: <*>:<*> is added to blk_<*> size <*>,0.05,Normal,0
HDFS,598,10-11-2008 11:43,28,UNKNOWN,dfs.FSNamesystem,INFO,BLOCK* NameSystem.addStoredBlock: blockMap updated: 10.251.214.18:50010 is added to blk_5809900021002850724 size 67108864,E6,BLOCK* NameSystem.addStoredBlock: blockMap updated: <*>:<*> is added to blk_<*> size <*>,0.05,Normal,0
HDFS,599,10-11-2008 11:43,7,UNKNOWN,dfs.DataNode$DataXceiver,INFO,Receiving block blk_2735034460607366827 src: /10.251.91.15:57370 dest: /10.251.91.15:50010,E13,Receiving block blk_<*> src: /<*>:<*> dest: /<*>:<*>,0.05,Normal,0
HDFS,600,10-11-2008 11:43,3,UNKNOWN,dfs.DataNode$DataXceiver,INFO,Receiving block blk_-7486746679002157277 src: /10.251.42.207:57669 dest: /10.251.42.207:50010,E13,Receiving block blk_<*> src: /<*>:<*> dest: /<*>:<*>,0.05,Normal,0
HDFS,601,10-11-2008 11:44,52,UNKNOWN,dfs.DataNode$DataXceiver,INFO,Receiving block blk_-8876879715755468215 src: /10.251.111.80:43834 dest: /10.251.111.80:50010,E13,Receiving block blk_<*> src: /<*>:<*> dest: /<*>:<*>,0.05,Normal,0
HDFS,602,10-11-2008 11:44,5,UNKNOWN,dfs.FSNamesystem,INFO,BLOCK* NameSystem.allocateBlock: /user/root/randtxt2/_temporary/_task_200811101024_0002_m_000054_0/part-00054. blk_-4139299269696044017,E7,BLOCK* NameSystem.allocateBlock: /<*>/part-<*>. blk_<*>,0.05,Normal,0
HDFS,603,10-11-2008 11:45,10,UNKNOWN,dfs.DataNode$DataXceiver,INFO,Receiving block blk_591323161994959677 src: /10.251.195.33:50123 dest: /10.251.195.33:50010,E13,Receiving block blk_<*> src: /<*>:<*> dest: /<*>:<*>,0.05,Normal,0
HDFS,604,10-11-2008 11:46,93,UNKNOWN,dfs.DataNode$PacketResponder,INFO,PacketResponder 1 for block blk_-5828360070550196756 terminating,E10,PacketResponder <*> for block blk_<*> terminating,0.05,Normal,0
HDFS,605,10-11-2008 11:47,40,UNKNOWN,dfs.DataNode$PacketResponder,INFO,PacketResponder 2 for block blk_-7683667795522321323 terminating,E10,PacketResponder <*> for block blk_<*> terminating,0.05,Normal,0
HDFS,606,10-11-2008 11:47,7,UNKNOWN,dfs.DataNode$DataXceiver,INFO,Receiving block blk_7733243482102436613 src: /10.250.6.223:34069 dest: /10.250.6.223:50010,E13,Receiving block blk_<*> src: /<*>:<*> dest: /<*>:<*>,0.05,Normal,0
HDFS,607,10-11-2008 11:47,14,UNKNOWN,dfs.DataNode$DataXceiver,INFO,Receiving block blk_2980964138205299397 src: /10.251.110.196:53450 dest: /10.251.110.196:50010,E13,Receiving block blk_<*> src: /<*>:<*> dest: /<*>:<*>,0.05,Normal,0
HDFS,608,10-11-2008 11:50,159,UNKNOWN,dfs.FSNamesystem,INFO,BLOCK* NameSystem.addStoredBlock: blockMap updated: 10.251.127.191:50010 is added to blk_1589878256898761558 size 67108864,E6,BLOCK* NameSystem.addStoredBlock: blockMap updated: <*>:<*> is added to blk_<*> size <*>,0.05,Normal,0
HDFS,609,10-11-2008 11:52,105,UNKNOWN,dfs.DataNode$DataXceiver,INFO,Receiving block blk_-2746863406163228797 src: /10.251.39.160:35642 dest: /10.251.39.160:50010,E13,Receiving block blk_<*> src: /<*>:<*> dest: /<*>:<*>,0.05,Normal,0
HDFS,610,10-11-2008 11:52,2,UNKNOWN,dfs.DataNode$DataXceiver,INFO,Receiving block blk_3067558337579347170 src: /10.250.6.191:34137 dest: /10.250.6.191:50010,E13,Receiving block blk_<*> src: /<*>:<*> dest: /<*>:<*>,0.05,Normal,0
HDFS,611,10-11-2008 11:52,22,UNKNOWN,dfs.DataNode$DataXceiver,INFO,Receiving block blk_8992894896370738220 src: /10.251.43.210:54766 dest: /10.251.43.210:50010,E13,Receiving block blk_<*> src: /<*>:<*> dest: /<*>:<*>,0.05,Normal,0
HDFS,612,10-11-2008 11:54,102,UNKNOWN,dfs.DataNode$DataXceiver,INFO,Receiving block blk_-7230947007726948080 src: /10.251.29.239:53564 dest: /10.251.29.239:50010,E13,Receiving block blk_<*> src: /<*>:<*> dest: /<*>:<*>,0.05,Normal,0
HDFS,613,10-11-2008 11:55,78,UNKNOWN,dfs.DataNode$DataXceiver,INFO,Receiving block blk_1869228153483717375 src: /10.251.203.4:56599 dest: /10.251.203.4:50010,E13,Receiving block blk_<*> src: /<*>:<*> dest: /<*>:<*>,0.05,Normal,0
HDFS,614,10-11-2008 11:56,48,UNKNOWN,dfs.FSNamesystem,INFO,BLOCK* NameSystem.addStoredBlock: blockMap updated: 10.251.65.203:50010 is added to blk_-3949633496933134307 size 67108864,E6,BLOCK* NameSystem.addStoredBlock: blockMap updated: <*>:<*> is added to blk_<*> size <*>,0.05,Normal,0
HDFS,615,10-11-2008 11:57,46,UNKNOWN,dfs.DataNode$PacketResponder,INFO,PacketResponder 1 for block blk_-8745453424063341007 terminating,E10,PacketResponder <*> for block blk_<*> terminating,0.05,Normal,0
HDFS,616,10-11-2008 11:57,34,UNKNOWN,dfs.DataNode$PacketResponder,INFO,Received block blk_-2117066166574895060 of size 67108864 from /10.251.73.188,E11,Received block blk_<*> of size <*> from /<*>,0.05,Normal,0
HDFS,617,10-11-2008 11:57,3,UNKNOWN,dfs.FSNamesystem,INFO,BLOCK* NameSystem.addStoredBlock: blockMap updated: 10.251.195.33:50010 is added to blk_512039711533506696 size 67108864,E6,BLOCK* NameSystem.addStoredBlock: blockMap updated: <*>:<*> is added to blk_<*> size <*>,0.05,Normal,0
HDFS,618,10-11-2008 11:57,5,UNKNOWN,dfs.DataNode$PacketResponder,INFO,PacketResponder 1 for block blk_6017354285686373326 terminating,E10,PacketResponder <*> for block blk_<*> terminating,0.05,Normal,0
HDFS,619,10-11-2008 11:58,22,UNKNOWN,dfs.FSNamesystem,INFO,BLOCK* NameSystem.addStoredBlock: blockMap updated: 10.251.126.83:50010 is added to blk_5176855630425795751 size 67108864,E6,BLOCK* NameSystem.addStoredBlock: blockMap updated: <*>:<*> is added to blk_<*> size <*>,0.05,Normal,0
HDFS,620,10-11-2008 11:59,90,UNKNOWN,dfs.DataNode$PacketResponder,INFO,Received block blk_-4433556521525567493 of size 28492032 from /10.250.6.4,E11,Received block blk_<*> of size <*> from /<*>,0.05,Normal,0
HDFS,621,10-11-2008 12:01,89,UNKNOWN,dfs.DataNode$PacketResponder,INFO,PacketResponder 2 for block blk_-5321676321043683563 terminating,E10,PacketResponder <*> for block blk_<*> terminating,0.05,Normal,0
HDFS,622,10-11-2008 12:01,36,UNKNOWN,dfs.DataNode$PacketResponder,INFO,PacketResponder 1 for block blk_-357695136519539363 terminating,E10,PacketResponder <*> for block blk_<*> terminating,0.05,Normal,0
HDFS,623,10-11-2008 12:02,54,UNKNOWN,dfs.FSNamesystem,INFO,BLOCK* NameSystem.addStoredBlock: blockMap updated: 10.251.111.37:50010 is added to blk_-7603740654202748654 size 67108864,E6,BLOCK* NameSystem.addStoredBlock: blockMap updated: <*>:<*> is added to blk_<*> size <*>,0.05,Normal,0
HDFS,624,10-11-2008 12:02,13,UNKNOWN,dfs.DataNode$PacketResponder,INFO,PacketResponder 1 for block blk_1279439901767890758 terminating,E10,PacketResponder <*> for block blk_<*> terminating,0.05,Normal,0
HDFS,625,10-11-2008 12:02,1,UNKNOWN,dfs.DataNode$DataXceiver,INFO,Receiving block blk_8942969309743886844 src: /10.251.110.68:58266 dest: /10.251.110.68:50010,E13,Receiving block blk_<*> src: /<*>:<*> dest: /<*>:<*>,0.05,Normal,0
HDFS,626,10-11-2008 12:02,0,UNKNOWN,dfs.DataNode$PacketResponder,INFO,Received block blk_469871968689793326 of size 67108864 from /10.251.30.179,E11,Received block blk_<*> of size <*> from /<*>,0.05,Normal,0
HDFS,627,10-11-2008 12:04,83,UNKNOWN,dfs.FSNamesystem,INFO,BLOCK* NameSystem.allocateBlock: /user/root/randtxt2/_temporary/_task_200811101024_0002_m_001080_0/part-01080. blk_2847401988110989655,E7,BLOCK* NameSystem.allocateBlock: /<*>/part-<*>. blk_<*>,0.05,Normal,0
HDFS,628,10-11-2008 12:04,19,UNKNOWN,dfs.FSNamesystem,INFO,BLOCK* NameSystem.addStoredBlock: blockMap updated: 10.251.197.226:50010 is added to blk_4307207852226914003 size 67108864,E6,BLOCK* NameSystem.addStoredBlock: blockMap updated: <*>:<*> is added to blk_<*> size <*>,0.05,Normal,0
HDFS,629,10-11-2008 12:05,47,UNKNOWN,dfs.FSNamesystem,INFO,BLOCK* NameSystem.addStoredBlock: blockMap updated: 10.251.73.220:50010 is added to blk_3506875694435075421 size 67108864,E6,BLOCK* NameSystem.addStoredBlock: blockMap updated: <*>:<*> is added to blk_<*> size <*>,0.05,Normal,0
HDFS,630,10-11-2008 12:05,8,UNKNOWN,dfs.FSNamesystem,INFO,BLOCK* NameSystem.addStoredBlock: blockMap updated: 10.251.202.134:50010 is added to blk_-4945182943709543868 size 67108864,E6,BLOCK* NameSystem.addStoredBlock: blockMap updated: <*>:<*> is added to blk_<*> size <*>,0.05,Normal,0
HDFS,631,10-11-2008 12:06,57,UNKNOWN,dfs.FSNamesystem,INFO,BLOCK* NameSystem.allocateBlock: /user/root/randtxt2/_temporary/_task_200811101024_0002_m_000809_0/part-00809. blk_7550266985912909372,E7,BLOCK* NameSystem.allocateBlock: /<*>/part-<*>. blk_<*>,0.05,Normal,0
HDFS,632,10-11-2008 12:07,57,UNKNOWN,dfs.FSNamesystem,INFO,BLOCK* NameSystem.addStoredBlock: blockMap updated: 10.251.215.192:50010 is added to blk_-4619809198345103330 size 67108864,E6,BLOCK* NameSystem.addStoredBlock: blockMap updated: <*>:<*> is added to blk_<*> size <*>,0.05,Normal,0
HDFS,633,10-11-2008 12:08,49,UNKNOWN,dfs.DataNode$PacketResponder,INFO,Received block blk_4614530673206341566 of size 67108864 from /10.251.91.229,E11,Received block blk_<*> of size <*> from /<*>,0.05,Normal,0
HDFS,634,10-11-2008 12:08,50,UNKNOWN,dfs.FSNamesystem,INFO,BLOCK* NameSystem.addStoredBlock: blockMap updated: 10.251.201.204:50010 is added to blk_6125469222540396851 size 67108864,E6,BLOCK* NameSystem.addStoredBlock: blockMap updated: <*>:<*> is added to blk_<*> size <*>,0.05,Normal,0
HDFS,635,10-11-2008 12:09,34,UNKNOWN,dfs.DataNode$DataXceiver,INFO,Receiving block blk_6868050965297613251 src: /10.251.201.204:47734 dest: /10.251.201.204:50010,E13,Receiving block blk_<*> src: /<*>:<*> dest: /<*>:<*>,0.05,Normal,0
HDFS,636,10-11-2008 12:10,74,UNKNOWN,dfs.DataNode$DataXceiver,INFO,Receiving block blk_-7266711648018793699 src: /10.251.31.242:47086 dest: /10.251.31.242:50010,E13,Receiving block blk_<*> src: /<*>:<*> dest: /<*>:<*>,0.05,Normal,0
HDFS,637,10-11-2008 12:11,51,UNKNOWN,dfs.DataNode$DataXceiver,INFO,Receiving block blk_9146254623576405494 src: /10.250.7.146:60294 dest: /10.250.7.146:50010,E13,Receiving block blk_<*> src: /<*>:<*> dest: /<*>:<*>,0.05,Normal,0
HDFS,638,10-11-2008 12:11,17,UNKNOWN,dfs.DataNode$PacketResponder,INFO,Received block blk_-6966935672736779591 of size 67108864 from /10.251.90.64,E11,Received block blk_<*> of size <*> from /<*>,0.05,Normal,0
HDFS,639,10-11-2008 12:11,3,UNKNOWN,dfs.DataNode$DataXceiver,INFO,Receiving block blk_-7411687001739959508 src: /10.251.122.65:46080 dest: /10.251.122.65:50010,E13,Receiving block blk_<*> src: /<*>:<*> dest: /<*>:<*>,0.05,Normal,0
HDFS,640,10-11-2008 12:12,6,UNKNOWN,dfs.DataNode$PacketResponder,INFO,PacketResponder 2 for block blk_6514181997629420906 terminating,E10,PacketResponder <*> for block blk_<*> terminating,0.05,Normal,0
HDFS,641,10-11-2008 12:12,46,UNKNOWN,dfs.DataNode$DataXceiver,INFO,Receiving block blk_-4434479572312007079 src: /10.251.30.101:60539 dest: /10.251.30.101:50010,E13,Receiving block blk_<*> src: /<*>:<*> dest: /<*>:<*>,0.05,Normal,0
HDFS,642,10-11-2008 12:14,74,UNKNOWN,dfs.DataNode$PacketResponder,INFO,PacketResponder 1 for block blk_-3339018122410311668 terminating,E10,PacketResponder <*> for block blk_<*> terminating,0.05,Normal,0
HDFS,643,10-11-2008 12:16,165,UNKNOWN,dfs.FSNamesystem,INFO,BLOCK* NameSystem.addStoredBlock: blockMap updated: 10.251.91.32:50010 is added to blk_5272761429354463572 size 67108864,E6,BLOCK* NameSystem.addStoredBlock: blockMap updated: <*>:<*> is added to blk_<*> size <*>,0.05,Normal,0
HDFS,644,10-11-2008 12:17,24,UNKNOWN,dfs.DataNode$PacketResponder,INFO,PacketResponder 2 for block blk_-1680563440028826904 terminating,E10,PacketResponder <*> for block blk_<*> terminating,0.05,Normal,0
HDFS,645,10-11-2008 12:17,47,UNKNOWN,dfs.DataNode$PacketResponder,INFO,Received block blk_-5671206752084326639 of size 67108864 from /10.251.214.67,E11,Received block blk_<*> of size <*> from /<*>,0.05,Normal,0
HDFS,646,10-11-2008 12:17,0,UNKNOWN,dfs.DataBlockScanner,INFO,Verification succeeded for blk_1649162819905816843,E14,Verification succeeded for blk_<*>,0.05,Normal,0
HDFS,647,10-11-2008 12:19,105,UNKNOWN,dfs.FSNamesystem,INFO,BLOCK* NameSystem.allocateBlock: /user/root/randtxt2/_temporary/_task_200811101024_0002_m_001335_0/part-01335. blk_-2541428592126088938,E7,BLOCK* NameSystem.allocateBlock: /<*>/part-<*>. blk_<*>,0.05,Normal,0
HDFS,648,10-11-2008 12:19,8,UNKNOWN,dfs.FSNamesystem,INFO,BLOCK* NameSystem.addStoredBlock: blockMap updated: 10.251.66.3:50010 is added to blk_6547729596040509998 size 67108864,E6,BLOCK* NameSystem.addStoredBlock: blockMap updated: <*>:<*> is added to blk_<*> size <*>,0.05,Normal,0
HDFS,649,10-11-2008 12:21,90,UNKNOWN,dfs.DataNode$DataXceiver,INFO,Receiving block blk_-3673133694834392576 src: /10.251.109.209:49088 dest: /10.251.109.209:50010,E13,Receiving block blk_<*> src: /<*>:<*> dest: /<*>:<*>,0.05,Normal,0
HDFS,650,10-11-2008 12:22,46,UNKNOWN,dfs.DataNode$PacketResponder,INFO,Received block blk_48742413802609430 of size 67108864 from /10.251.106.10,E11,Received block blk_<*> of size <*> from /<*>,0.05,Normal,0
HDFS,651,10-11-2008 12:22,3,UNKNOWN,dfs.DataNode$DataXceiver,INFO,Receiving block blk_6085274723649229095 src: /10.251.127.191:51113 dest: /10.251.127.191:50010,E13,Receiving block blk_<*> src: /<*>:<*> dest: /<*>:<*>,0.05,Normal,0
HDFS,652,10-11-2008 12:23,59,UNKNOWN,dfs.DataNode$PacketResponder,INFO,Received block blk_-227411387418683230 of size 67108864 from /10.251.194.213,E11,Received block blk_<*> of size <*> from /<*>,0.05,Normal,0
HDFS,653,10-11-2008 12:23,5,UNKNOWN,dfs.FSNamesystem,INFO,BLOCK* NameSystem.addStoredBlock: blockMap updated: 10.251.31.160:50010 is added to blk_3079488924320077240 size 67108864,E6,BLOCK* NameSystem.addStoredBlock: blockMap updated: <*>:<*> is added to blk_<*> size <*>,0.05,Normal,0
HDFS,654,10-11-2008 12:24,53,UNKNOWN,dfs.DataNode$PacketResponder,INFO,Received block blk_692184983396207285 of size 67108864 from /10.250.6.214,E11,Received block blk_<*> of size <*> from /<*>,0.05,Normal,0
HDFS,655,10-11-2008 12:24,37,UNKNOWN,dfs.FSNamesystem,INFO,BLOCK* NameSystem.addStoredBlock: blockMap updated: 10.251.66.102:50010 is added to blk_-5009274684359267777 size 67108864,E6,BLOCK* NameSystem.addStoredBlock: blockMap updated: <*>:<*> is added to blk_<*> size <*>,0.05,Normal,0
HDFS,656,10-11-2008 12:26,83,UNKNOWN,dfs.DataNode$PacketResponder,INFO,Received block blk_2599050023684318911 of size 67108864 from /10.251.106.10,E11,Received block blk_<*> of size <*> from /<*>,0.05,Normal,0
HDFS,657,10-11-2008 12:26,2,UNKNOWN,dfs.FSNamesystem,INFO,BLOCK* NameSystem.addStoredBlock: blockMap updated: 10.251.123.195:50010 is added to blk_3911263675181899748 size 67108864,E6,BLOCK* NameSystem.addStoredBlock: blockMap updated: <*>:<*> is added to blk_<*> size <*>,0.05,Normal,0
HDFS,658,10-11-2008 12:26,21,UNKNOWN,dfs.DataNode$DataXceiver,INFO,Receiving block blk_5641239200978828454 src: /10.251.42.9:51808 dest: /10.251.42.9:50010,E13,Receiving block blk_<*> src: /<*>:<*> dest: /<*>:<*>,0.05,Normal,0
HDFS,659,10-11-2008 12:26,18,UNKNOWN,dfs.DataNode$DataXceiver,INFO,Receiving block blk_-8852638972311349374 src: /10.251.107.227:46913 dest: /10.251.107.227:50010,E13,Receiving block blk_<*> src: /<*>:<*> dest: /<*>:<*>,0.05,Normal,0
HDFS,660,10-11-2008 12:27,14,UNKNOWN,dfs.DataNode$DataXceiver,INFO,Receiving block blk_-719498947487451844 src: /10.251.125.193:52079 dest: /10.251.125.193:50010,E13,Receiving block blk_<*> src: /<*>:<*> dest: /<*>:<*>,0.05,Normal,0
HDFS,661,10-11-2008 12:27,15,UNKNOWN,dfs.FSNamesystem,INFO,BLOCK* NameSystem.addStoredBlock: blockMap updated: 10.251.66.63:50010 is added to blk_-3170270010972115378 size 67108864,E6,BLOCK* NameSystem.addStoredBlock: blockMap updated: <*>:<*> is added to blk_<*> size <*>,0.05,Normal,0
HDFS,662,10-11-2008 12:27,2,UNKNOWN,dfs.DataNode$DataXceiver,INFO,Receiving block blk_6988110707613820142 src: /10.251.123.132:47658 dest: /10.251.123.132:50010,E13,Receiving block blk_<*> src: /<*>:<*> dest: /<*>:<*>,0.05,Normal,0
HDFS,663,10-11-2008 12:30,169,UNKNOWN,dfs.DataNode$PacketResponder,INFO,PacketResponder 1 for block blk_-1490623381339215624 terminating,E10,PacketResponder <*> for block blk_<*> terminating,0.05,Normal,0
HDFS,664,10-11-2008 12:30,4,UNKNOWN,dfs.DataNode$DataXceiver,INFO,Receiving block blk_-2192382893903170466 src: /10.251.201.204:36915 dest: /10.251.201.204:50010,E13,Receiving block blk_<*> src: /<*>:<*> dest: /<*>:<*>,0.05,Normal,0
HDFS,665,10-11-2008 12:30,28,UNKNOWN,dfs.FSNamesystem,INFO,BLOCK* NameSystem.addStoredBlock: blockMap updated: 10.251.203.149:50010 is added to blk_-6247364168500873179 size 67108864,E6,BLOCK* NameSystem.addStoredBlock: blockMap updated: <*>:<*> is added to blk_<*> size <*>,0.05,Normal,0
HDFS,666,10-11-2008 12:31,34,UNKNOWN,dfs.FSNamesystem,INFO,BLOCK* NameSystem.addStoredBlock: blockMap updated: 10.251.125.237:50010 is added to blk_4234385041723406944 size 67108864,E6,BLOCK* NameSystem.addStoredBlock: blockMap updated: <*>:<*> is added to blk_<*> size <*>,0.05,Normal,0
HDFS,667,10-11-2008 12:31,18,UNKNOWN,dfs.DataNode$PacketResponder,INFO,Received block blk_8968608251219902913 of size 67108864 from /10.251.195.52,E11,Received block blk_<*> of size <*> from /<*>,0.05,Normal,0
HDFS,668,10-11-2008 12:32,65,UNKNOWN,dfs.FSNamesystem,INFO,BLOCK* NameSystem.addStoredBlock: blockMap updated: 10.250.10.100:50010 is added to blk_-8502460962248995911 size 28489733,E6,BLOCK* NameSystem.addStoredBlock: blockMap updated: <*>:<*> is added to blk_<*> size <*>,0.05,Normal,0
HDFS,669,10-11-2008 12:32,15,UNKNOWN,dfs.DataNode$PacketResponder,INFO,Received block blk_-1201318815778694289 of size 67108864 from /10.251.194.147,E11,Received block blk_<*> of size <*> from /<*>,0.05,Normal,0
HDFS,670,10-11-2008 12:32,0,UNKNOWN,dfs.DataNode$PacketResponder,INFO,Received block blk_-9089815063425241739 of size 67108864 from /10.251.126.255,E11,Received block blk_<*> of size <*> from /<*>,0.05,Normal,0
HDFS,671,10-11-2008 12:33,17,UNKNOWN,dfs.FSNamesystem,INFO,BLOCK* NameSystem.addStoredBlock: blockMap updated: 10.251.214.32:50010 is added to blk_1389634598105954660 size 67108864,E6,BLOCK* NameSystem.addStoredBlock: blockMap updated: <*>:<*> is added to blk_<*> size <*>,0.05,Normal,0
HDFS,672,10-11-2008 12:34,52,UNKNOWN,dfs.DataNode$PacketResponder,INFO,Received block blk_557803157214911261 of size 67108864 from /10.251.198.196,E11,Received block blk_<*> of size <*> from /<*>,0.05,Normal,0
HDFS,673,10-11-2008 12:34,52,UNKNOWN,dfs.FSNamesystem,INFO,BLOCK* NameSystem.addStoredBlock: blockMap updated: 10.251.42.9:50010 is added to blk_-1435656632270396446 size 28490269,E6,BLOCK* NameSystem.addStoredBlock: blockMap updated: <*>:<*> is added to blk_<*> size <*>,0.05,Normal,0
HDFS,674,10-11-2008 12:35,24,UNKNOWN,dfs.DataNode$PacketResponder,INFO,PacketResponder 2 for block blk_7345322407792942877 terminating,E10,PacketResponder <*> for block blk_<*> terminating,0.05,Normal,0
HDFS,675,10-11-2008 12:35,24,UNKNOWN,dfs.DataNode$PacketResponder,INFO,PacketResponder 1 for block blk_-8939321760994370713 terminating,E10,PacketResponder <*> for block blk_<*> terminating,0.05,Normal,0
HDFS,676,10-11-2008 12:35,2,UNKNOWN,dfs.DataNode$PacketResponder,INFO,PacketResponder 0 for block blk_3958940914408609637 terminating,E10,PacketResponder <*> for block blk_<*> terminating,0.05,Normal,0
HDFS,677,10-11-2008 12:37,103,UNKNOWN,dfs.FSNamesystem,INFO,BLOCK* NameSystem.allocateBlock: /user/root/randtxt2/_temporary/_task_200811101024_0002_m_001968_1/part-01968. blk_5106303344783117537,E7,BLOCK* NameSystem.allocateBlock: /<*>/part-<*>. blk_<*>,0.05,Normal,0
HDFS,678,10-11-2008 12:38,44,UNKNOWN,dfs.DataNode$DataXceiver,INFO,Receiving block blk_6628512193350164674 src: /10.251.73.220:33460 dest: /10.251.73.220:50010,E13,Receiving block blk_<*> src: /<*>:<*> dest: /<*>:<*>,0.05,Normal,0
HDFS,679,10-11-2008 12:38,17,UNKNOWN,dfs.DataNode$PacketResponder,INFO,PacketResponder 1 for block blk_-5587827566367944828 terminating,E10,PacketResponder <*> for block blk_<*> terminating,0.05,Normal,0
HDFS,680,10-11-2008 12:41,211,UNKNOWN,dfs.DataNode$DataXceiver,INFO,10.250.11.53:50010 Served block blk_-743349875664670637 to /10.250.11.53,E1,<*>:<*> Served block blk_<*> to /<*>,0.05,Normal,0
HDFS,681,10-11-2008 12:41,1,UNKNOWN,dfs.DataNode$DataXceiver,WARN,10.251.70.5:50010:Got exception while serving blk_4581070264530964999 to /10.250.13.188:,E3,<*>:<*>:Got exception while serving blk_<*> to /<*>:,0.7,Medium,1
HDFS,682,10-11-2008 12:48,378,UNKNOWN,dfs.DataNode$DataXceiver,WARN,10.251.74.79:50010:Got exception while serving blk_2139707931694085102 to /10.251.111.228:,E3,<*>:<*>:Got exception while serving blk_<*> to /<*>:,0.7,Medium,1
HDFS,683,10-11-2008 12:51,201,UNKNOWN,dfs.DataNode$DataXceiver,WARN,10.251.42.246:50010:Got exception while serving blk_-3056652732896088330 to /10.251.27.63:,E3,<*>:<*>:Got exception while serving blk_<*> to /<*>:,0.7,Medium,1
HDFS,684,10-11-2008 12:59,456,UNKNOWN,dfs.DataNode$DataXceiver,WARN,10.250.13.188:50010:Got exception while serving blk_73389299186801686 to /10.251.123.33:,E3,<*>:<*>:Got exception while serving blk_<*> to /<*>:,0.7,Medium,1
HDFS,685,10-11-2008 12:59,6,UNKNOWN,dfs.DataNode$DataXceiver,WARN,10.251.42.16:50010:Got exception while serving blk_4963214289850966664 to /10.251.202.181:,E3,<*>:<*>:Got exception while serving blk_<*> to /<*>:,0.7,Medium,1
HDFS,686,10-11-2008 13:03,235,UNKNOWN,dfs.DataNode$DataXceiver,WARN,10.251.71.240:50010:Got exception while serving blk_-8082428389627750477 to /10.251.71.97:,E3,<*>:<*>:Got exception while serving blk_<*> to /<*>:,0.7,Medium,1
HDFS,687,10-11-2008 13:05,163,UNKNOWN,dfs.DataNode$DataXceiver,INFO,10.251.39.192:50010 Served block blk_6338761369201338121 to /10.251.90.81,E1,<*>:<*> Served block blk_<*> to /<*>,0.05,Normal,0
HDFS,688,10-11-2008 13:10,283,UNKNOWN,dfs.DataNode$DataXceiver,WARN,10.251.122.38:50010:Got exception while serving blk_7489155602821840025 to /10.251.26.8:,E3,<*>:<*>:Got exception while serving blk_<*> to /<*>:,0.7,Medium,1
HDFS,689,10-11-2008 13:11,47,UNKNOWN,dfs.DataNode$DataXceiver,INFO,10.251.67.225:50010 Served block blk_2038610753592374847 to /10.250.18.114,E1,<*>:<*> Served block blk_<*> to /<*>,0.05,Normal,0
HDFS,690,10-11-2008 13:12,65,UNKNOWN,dfs.DataNode$DataXceiver,WARN,10.251.197.226:50010:Got exception while serving blk_2101007907134483259 to /10.251.31.242:,E3,<*>:<*>:Got exception while serving blk_<*> to /<*>:,0.7,Medium,1
HDFS,691,10-11-2008 13:18,333,UNKNOWN,dfs.DataNode$DataXceiver,WARN,10.251.26.177:50010:Got exception while serving blk_3848747149919646864 to /10.251.125.174:,E3,<*>:<*>:Got exception while serving blk_<*> to /<*>:,0.7,Medium,1
HDFS,692,10-11-2008 13:19,104,UNKNOWN,dfs.DataNode$DataXceiver,WARN,10.251.30.85:50010:Got exception while serving blk_8059204889272489644 to /10.250.7.96:,E3,<*>:<*>:Got exception while serving blk_<*> to /<*>:,0.7,Medium,1
HDFS,693,10-11-2008 13:25,333,UNKNOWN,dfs.DataNode$DataXceiver,WARN,10.251.39.179:50010:Got exception while serving blk_1683075246463470765 to /10.250.14.38:,E3,<*>:<*>:Got exception while serving blk_<*> to /<*>:,0.7,Medium,1
HDFS,694,10-11-2008 13:33,494,UNKNOWN,dfs.DataNode$DataXceiver,INFO,10.250.10.100:50010 Served block blk_9216955386716663841 to /10.251.90.64,E1,<*>:<*> Served block blk_<*> to /<*>,0.05,Normal,0
HDFS,695,10-11-2008 13:36,200,UNKNOWN,dfs.DataNode$DataXceiver,WARN,10.251.123.132:50010:Got exception while serving blk_4048438071314937575 to /10.251.194.213:,E3,<*>:<*>:Got exception while serving blk_<*> to /<*>:,0.7,Medium,1
HDFS,696,10-11-2008 13:38,86,UNKNOWN,dfs.DataNode$DataXceiver,INFO,10.251.203.149:50010 Served block blk_-1432303681669932458 to /10.250.10.176,E1,<*>:<*> Served block blk_<*> to /<*>,0.05,Normal,0
HDFS,697,10-11-2008 13:39,83,UNKNOWN,dfs.DataNode$DataXceiver,WARN,10.251.126.255:50010:Got exception while serving blk_1910039736720341651 to /10.251.31.85:,E3,<*>:<*>:Got exception while serving blk_<*> to /<*>:,0.7,Medium,1
HDFS,698,10-11-2008 13:54,883,UNKNOWN,dfs.DataNode$DataXceiver,WARN,10.251.70.37:50010:Got exception while serving blk_1646534811870220828 to /10.250.11.100:,E3,<*>:<*>:Got exception while serving blk_<*> to /<*>:,0.7,Medium,1
HDFS,699,10-11-2008 13:56,136,UNKNOWN,dfs.DataBlockScanner,INFO,Verification succeeded for blk_-4984504651603069357,E14,Verification succeeded for blk_<*>,0.05,Normal,0
HDFS,700,10-11-2008 13:56,8,UNKNOWN,dfs.DataNode$DataXceiver,WARN,10.251.214.130:50010:Got exception while serving blk_424461424221613461 to /10.251.71.193:,E3,<*>:<*>:Got exception while serving blk_<*> to /<*>:,0.7,Medium,1
HDFS,701,10-11-2008 13:58,70,UNKNOWN,dfs.DataNode$DataXceiver,INFO,10.251.214.18:50010 Served block blk_7297060562345904886 to /10.251.29.239,E1,<*>:<*> Served block blk_<*> to /<*>,0.05,Normal,0
HDFS,702,10-11-2008 13:58,3,UNKNOWN,dfs.DataNode$DataXceiver,WARN,10.251.215.70:50010:Got exception while serving blk_-7391656937286046074 to /10.251.107.196:,E3,<*>:<*>:Got exception while serving blk_<*> to /<*>:,0.7,Medium,1
HDFS,703,10-11-2008 14:28,1835,UNKNOWN,dfs.FSNamesystem,INFO,BLOCK* NameSystem.allocateBlock: /user/root/sortrand2/_temporary/_task_200811101024_0003_r_000258_0/part-00258. blk_387577766066135394,E7,BLOCK* NameSystem.allocateBlock: /<*>/part-<*>. blk_<*>,0.05,Normal,0
HDFS,704,10-11-2008 14:32,221,UNKNOWN,dfs.DataNode$DataXceiver,INFO,Receiving block blk_6107935679779418195 src: /10.251.43.115:55925 dest: /10.251.43.115:50010,E13,Receiving block blk_<*> src: /<*>:<*> dest: /<*>:<*>,0.05,Normal,0
HDFS,705,10-11-2008 14:32,10,UNKNOWN,dfs.DataNode$PacketResponder,INFO,PacketResponder 2 for block blk_3584162266158512993 terminating,E10,PacketResponder <*> for block blk_<*> terminating,0.05,Normal,0
HDFS,706,10-11-2008 14:33,46,UNKNOWN,dfs.DataNode$PacketResponder,INFO,PacketResponder 2 for block blk_-2591043665372016488 terminating,E10,PacketResponder <*> for block blk_<*> terminating,0.05,Normal,0
HDFS,707,10-11-2008 14:33,18,UNKNOWN,dfs.FSNamesystem,INFO,BLOCK* NameSystem.allocateBlock: /user/root/sortrand2/_temporary/_task_200811101024_0003_r_000257_0/part-00257. blk_-1732662141253491971,E7,BLOCK* NameSystem.allocateBlock: /<*>/part-<*>. blk_<*>,0.05,Normal,0
HDFS,708,10-11-2008 14:33,17,UNKNOWN,dfs.DataNode$DataXceiver,INFO,Receiving block blk_4959462704623252283 src: /10.251.125.174:44166 dest: /10.251.125.174:50010,E13,Receiving block blk_<*> src: /<*>:<*> dest: /<*>:<*>,0.05,Normal,0
HDFS,709,10-11-2008 14:34,37,UNKNOWN,dfs.FSNamesystem,INFO,BLOCK* NameSystem.addStoredBlock: blockMap updated: 10.250.7.96:50010 is added to blk_4553790855855864497 size 67108864,E6,BLOCK* NameSystem.addStoredBlock: blockMap updated: <*>:<*> is added to blk_<*> size <*>,0.05,Normal,0
HDFS,710,10-11-2008 14:35,81,UNKNOWN,dfs.DataNode$DataXceiver,INFO,Receiving block blk_-3261177124784025140 src: /10.251.29.239:43937 dest: /10.251.29.239:50010,E13,Receiving block blk_<*> src: /<*>:<*> dest: /<*>:<*>,0.05,Normal,0
HDFS,711,10-11-2008 14:35,3,UNKNOWN,dfs.DataNode$PacketResponder,INFO,Received block blk_7501235595045510958 of size 67108864 from /10.251.214.67,E11,Received block blk_<*> of size <*> from /<*>,0.05,Normal,0
HDFS,712,10-11-2008 14:36,19,UNKNOWN,dfs.DataNode$DataXceiver,INFO,Receiving block blk_-3486808304671603275 src: /10.251.30.85:37518 dest: /10.251.30.85:50010,E13,Receiving block blk_<*> src: /<*>:<*> dest: /<*>:<*>,0.05,Normal,0
HDFS,713,10-11-2008 14:36,38,UNKNOWN,dfs.DataNode$DataXceiver,INFO,Receiving block blk_6563909003697001371 src: /10.251.39.144:48872 dest: /10.251.39.144:50010,E13,Receiving block blk_<*> src: /<*>:<*> dest: /<*>:<*>,0.05,Normal,0
HDFS,714,10-11-2008 14:37,34,UNKNOWN,dfs.DataNode$PacketResponder,INFO,PacketResponder 0 for block blk_4068667188725811395 terminating,E10,PacketResponder <*> for block blk_<*> terminating,0.05,Normal,0
HDFS,715,10-11-2008 14:37,11,UNKNOWN,dfs.DataNode$DataXceiver,INFO,Receiving block blk_-7355153279766988632 src: /10.251.194.245:35876 dest: /10.251.194.245:50010,E13,Receiving block blk_<*> src: /<*>:<*> dest: /<*>:<*>,0.05,Normal,0
HDFS,716,10-11-2008 14:39,104,UNKNOWN,dfs.DataNode$DataXceiver,INFO,Receiving block blk_-4854562124894030819 src: /10.250.10.100:40486 dest: /10.250.10.100:50010,E13,Receiving block blk_<*> src: /<*>:<*> dest: /<*>:<*>,0.05,Normal,0
HDFS,717,10-11-2008 14:39,25,UNKNOWN,dfs.DataNode$PacketResponder,INFO,Received block blk_1828089683746536118 of size 67108864 from /10.250.6.223,E11,Received block blk_<*> of size <*> from /<*>,0.05,Normal,0
HDFS,718,10-11-2008 14:40,19,UNKNOWN,dfs.DataNode$DataXceiver,INFO,Receiving block blk_1345503778930512538 src: /10.251.75.163:40307 dest: /10.251.75.163:50010,E13,Receiving block blk_<*> src: /<*>:<*> dest: /<*>:<*>,0.05,Normal,0
HDFS,719,10-11-2008 14:40,20,UNKNOWN,dfs.FSNamesystem,INFO,BLOCK* NameSystem.addStoredBlock: blockMap updated: 10.251.195.70:50010 is added to blk_4318179566727871532 size 67108864,E6,BLOCK* NameSystem.addStoredBlock: blockMap updated: <*>:<*> is added to blk_<*> size <*>,0.05,Normal,0
HDFS,720,10-11-2008 14:40,11,UNKNOWN,dfs.DataNode$PacketResponder,INFO,PacketResponder 2 for block blk_727000711161641724 terminating,E10,PacketResponder <*> for block blk_<*> terminating,0.05,Normal,0
HDFS,721,10-11-2008 14:41,25,UNKNOWN,dfs.FSNamesystem,INFO,BLOCK* NameSystem.addStoredBlock: blockMap updated: 10.251.123.33:50010 is added to blk_-2916658835497879256 size 67108864,E6,BLOCK* NameSystem.addStoredBlock: blockMap updated: <*>:<*> is added to blk_<*> size <*>,0.05,Normal,0
HDFS,722,10-11-2008 14:42,61,UNKNOWN,dfs.DataNode$PacketResponder,INFO,Received block blk_7227035060836018780 of size 67108864 from /10.250.5.237,E11,Received block blk_<*> of size <*> from /<*>,0.05,Normal,0
HDFS,723,10-11-2008 14:42,19,UNKNOWN,dfs.FSNamesystem,INFO,BLOCK* NameSystem.addStoredBlock: blockMap updated: 10.251.111.209:50010 is added to blk_4069436988023676023 size 67108864,E6,BLOCK* NameSystem.addStoredBlock: blockMap updated: <*>:<*> is added to blk_<*> size <*>,0.05,Normal,0
HDFS,724,10-11-2008 14:43,49,UNKNOWN,dfs.DataNode$PacketResponder,INFO,Received block blk_-3981735565440284420 of size 67108864 from /10.251.127.243,E11,Received block blk_<*> of size <*> from /<*>,0.05,Normal,0
HDFS,725,10-11-2008 14:44,55,UNKNOWN,dfs.DataNode$DataXceiver,INFO,Receiving block blk_728165942214842306 src: /10.251.30.179:57828 dest: /10.251.30.179:50010,E13,Receiving block blk_<*> src: /<*>:<*> dest: /<*>:<*>,0.05,Normal,0
HDFS,726,10-11-2008 14:45,65,UNKNOWN,dfs.DataNode$DataXceiver,INFO,Receiving block blk_-3157541550945505354 src: /10.251.125.193:45917 dest: /10.251.125.193:50010,E13,Receiving block blk_<*> src: /<*>:<*> dest: /<*>:<*>,0.05,Normal,0
HDFS,727,10-11-2008 14:45,37,UNKNOWN,dfs.FSNamesystem,INFO,BLOCK* NameSystem.addStoredBlock: blockMap updated: 10.251.27.63:50010 is added to blk_7838843222458775811 size 67108864,E6,BLOCK* NameSystem.addStoredBlock: blockMap updated: <*>:<*> is added to blk_<*> size <*>,0.05,Normal,0
HDFS,728,10-11-2008 14:45,1,UNKNOWN,dfs.DataNode$PacketResponder,INFO,PacketResponder 2 for block blk_3088175971503531298 terminating,E10,PacketResponder <*> for block blk_<*> terminating,0.05,Normal,0
HDFS,729,10-11-2008 14:46,56,UNKNOWN,dfs.DataNode$PacketResponder,INFO,Received block blk_-3620767662957963389 of size 67108864 from /10.251.203.179,E11,Received block blk_<*> of size <*> from /<*>,0.05,Normal,0
HDFS,730,10-11-2008 14:47,52,UNKNOWN,dfs.DataNode$DataXceiver,INFO,Receiving block blk_-5078186985701364847 src: /10.251.37.240:35757 dest: /10.251.37.240:50010,E13,Receiving block blk_<*> src: /<*>:<*> dest: /<*>:<*>,0.05,Normal,0
HDFS,731,10-11-2008 14:47,15,UNKNOWN,dfs.DataNode$DataXceiver,INFO,Receiving block blk_7193551490488433552 src: /10.251.74.227:44191 dest: /10.251.74.227:50010,E13,Receiving block blk_<*> src: /<*>:<*> dest: /<*>:<*>,0.05,Normal,0
HDFS,732,10-11-2008 14:48,58,UNKNOWN,dfs.FSNamesystem,INFO,BLOCK* NameSystem.addStoredBlock: blockMap updated: 10.251.66.102:50010 is added to blk_-8022986908643041177 size 67108864,E6,BLOCK* NameSystem.addStoredBlock: blockMap updated: <*>:<*> is added to blk_<*> size <*>,0.05,Normal,0
HDFS,733,10-11-2008 14:49,59,UNKNOWN,dfs.DataNode$DataXceiver,INFO,Receiving block blk_-5003122231679852524 src: /10.250.7.230:51033 dest: /10.250.7.230:50010,E13,Receiving block blk_<*> src: /<*>:<*> dest: /<*>:<*>,0.05,Normal,0
HDFS,734,10-11-2008 14:50,34,UNKNOWN,dfs.DataNode$PacketResponder,INFO,Received block blk_-3276232266876914214 of size 67108864 from /10.250.7.146,E11,Received block blk_<*> of size <*> from /<*>,0.05,Normal,0
HDFS,735,10-11-2008 14:50,16,UNKNOWN,dfs.FSNamesystem,INFO,BLOCK* NameSystem.allocateBlock: /user/root/sortrand2/_temporary/_task_200811101024_0003_r_000210_0/part-00210. blk_-7667417209393167541,E7,BLOCK* NameSystem.allocateBlock: /<*>/part-<*>. blk_<*>,0.05,Normal,0
HDFS,736,10-11-2008 14:51,37,UNKNOWN,dfs.FSNamesystem,INFO,BLOCK* NameSystem.addStoredBlock: blockMap updated: 10.251.31.242:50010 is added to blk_-5400783031085008882 size 67108864,E6,BLOCK* NameSystem.addStoredBlock: blockMap updated: <*>:<*> is added to blk_<*> size <*>,0.05,Normal,0
HDFS,737,10-11-2008 14:51,6,UNKNOWN,dfs.DataNode$PacketResponder,INFO,PacketResponder 2 for block blk_-1197396592032418307 terminating,E10,PacketResponder <*> for block blk_<*> terminating,0.05,Normal,0
HDFS,738,10-11-2008 14:52,43,UNKNOWN,dfs.DataNode$PacketResponder,INFO,PacketResponder 0 for block blk_7533949673910842243 terminating,E10,PacketResponder <*> for block blk_<*> terminating,0.05,Normal,0
HDFS,739,10-11-2008 14:52,10,UNKNOWN,dfs.DataNode$PacketResponder,INFO,PacketResponder 2 for block blk_8842097432176169457 terminating,E10,PacketResponder <*> for block blk_<*> terminating,0.05,Normal,0
HDFS,740,10-11-2008 14:54,159,UNKNOWN,dfs.DataNode$PacketResponder,INFO,Received block blk_560063894682806537 of size 67108864 from /10.251.194.129,E11,Received block blk_<*> of size <*> from /<*>,0.05,Normal,0
HDFS,741,10-11-2008 14:55,14,UNKNOWN,dfs.DataNode$PacketResponder,INFO,Received block blk_2652444451422301232 of size 67108864 from /10.251.214.225,E11,Received block blk_<*> of size <*> from /<*>,0.05,Normal,0
HDFS,742,10-11-2008 14:56,60,UNKNOWN,dfs.DataNode$PacketResponder,INFO,Received block blk_7016884347337429710 of size 67108864 from /10.251.194.129,E11,Received block blk_<*> of size <*> from /<*>,0.05,Normal,0
HDFS,743,10-11-2008 14:56,0,UNKNOWN,dfs.FSNamesystem,INFO,BLOCK* NameSystem.addStoredBlock: blockMap updated: 10.251.26.131:50010 is added to blk_-4174618838156947380 size 67108864,E6,BLOCK* NameSystem.addStoredBlock: blockMap updated: <*>:<*> is added to blk_<*> size <*>,0.05,Normal,0
HDFS,744,10-11-2008 14:57,57,UNKNOWN,dfs.DataNode$PacketResponder,INFO,PacketResponder 1 for block blk_-3402248757106237109 terminating,E10,PacketResponder <*> for block blk_<*> terminating,0.05,Normal,0
HDFS,745,10-11-2008 14:57,43,UNKNOWN,dfs.DataNode$DataXceiver,INFO,Receiving block blk_-8915123233040672605 src: /10.250.10.176:58294 dest: /10.250.10.176:50010,E13,Receiving block blk_<*> src: /<*>:<*> dest: /<*>:<*>,0.05,Normal,0
HDFS,746,10-11-2008 14:57,3,UNKNOWN,dfs.DataNode$PacketResponder,INFO,Received block blk_-5633587983998853189 of size 67108864 from /10.251.73.220,E11,Received block blk_<*> of size <*> from /<*>,0.05,Normal,0
HDFS,747,10-11-2008 14:58,29,UNKNOWN,dfs.DataNode$PacketResponder,INFO,PacketResponder 1 for block blk_2570966823909513791 terminating,E10,PacketResponder <*> for block blk_<*> terminating,0.05,Normal,0
HDFS,748,10-11-2008 14:59,73,UNKNOWN,dfs.DataNode$PacketResponder,INFO,Received block blk_-6168484338203583997 of size 67108864 from /10.251.39.192,E11,Received block blk_<*> of size <*> from /<*>,0.05,Normal,0
HDFS,749,10-11-2008 14:59,13,UNKNOWN,dfs.DataNode$DataXceiver,INFO,Receiving block blk_-3172594752427649592 src: /10.251.198.196:57807 dest: /10.251.198.196:50010,E13,Receiving block blk_<*> src: /<*>:<*> dest: /<*>:<*>,0.05,Normal,0
HDFS,750,10-11-2008 15:00,25,UNKNOWN,dfs.DataNode$PacketResponder,INFO,PacketResponder 2 for block blk_8285441926344578159 terminating,E10,PacketResponder <*> for block blk_<*> terminating,0.05,Normal,0
HDFS,751,10-11-2008 15:01,76,UNKNOWN,dfs.FSNamesystem,INFO,BLOCK* NameSystem.addStoredBlock: blockMap updated: 10.251.71.193:50010 is added to blk_7415823309220171667 size 67108864,E6,BLOCK* NameSystem.addStoredBlock: blockMap updated: <*>:<*> is added to blk_<*> size <*>,0.05,Normal,0
HDFS,752,10-11-2008 15:02,40,UNKNOWN,dfs.FSNamesystem,INFO,BLOCK* NameSystem.allocateBlock: /user/root/sortrand2/_temporary/_task_200811101024_0003_r_000116_0/part-00116. blk_6749232449432458524,E7,BLOCK* NameSystem.allocateBlock: /<*>/part-<*>. blk_<*>,0.05,Normal,0
HDFS,753,10-11-2008 15:02,33,UNKNOWN,dfs.FSNamesystem,INFO,BLOCK* NameSystem.addStoredBlock: blockMap updated: 10.251.38.197:50010 is added to blk_-5427918313707752877 size 67108864,E6,BLOCK* NameSystem.addStoredBlock: blockMap updated: <*>:<*> is added to blk_<*> size <*>,0.05,Normal,0
HDFS,754,10-11-2008 15:02,2,UNKNOWN,dfs.DataNode$DataXceiver,INFO,Receiving block blk_-4673509946769671609 src: /10.251.30.85:34022 dest: /10.251.30.85:50010,E13,Receiving block blk_<*> src: /<*>:<*> dest: /<*>:<*>,0.05,Normal,0
HDFS,755,10-11-2008 15:02,14,UNKNOWN,dfs.DataBlockScanner,INFO,Verification succeeded for blk_-7803343374223161433,E14,Verification succeeded for blk_<*>,0.05,Normal,0
HDFS,756,10-11-2008 15:03,22,UNKNOWN,dfs.FSNamesystem,INFO,BLOCK* NameSystem.addStoredBlock: blockMap updated: 10.251.105.189:50010 is added to blk_-3275237990609680332 size 67108864,E6,BLOCK* NameSystem.addStoredBlock: blockMap updated: <*>:<*> is added to blk_<*> size <*>,0.05,Normal,0
HDFS,757,10-11-2008 15:04,80,UNKNOWN,dfs.DataNode$DataXceiver,INFO,Receiving block blk_-8584158329012779023 src: /10.250.19.16:50122 dest: /10.250.19.16:50010,E13,Receiving block blk_<*> src: /<*>:<*> dest: /<*>:<*>,0.05,Normal,0
HDFS,758,10-11-2008 15:04,19,UNKNOWN,dfs.DataNode$DataXceiver,INFO,Receiving block blk_-4468166796563085237 src: /10.251.215.50:53705 dest: /10.251.215.50:50010,E13,Receiving block blk_<*> src: /<*>:<*> dest: /<*>:<*>,0.05,Normal,0
HDFS,759,10-11-2008 15:05,36,UNKNOWN,dfs.FSNamesystem,INFO,BLOCK* NameSystem.allocateBlock: /user/root/sortrand2/_temporary/_task_200811101024_0003_r_000315_0/part-00315. blk_-463998587096565542,E7,BLOCK* NameSystem.allocateBlock: /<*>/part-<*>. blk_<*>,0.05,Normal,0
HDFS,760,10-11-2008 15:06,29,UNKNOWN,dfs.FSNamesystem,INFO,BLOCK* NameSystem.addStoredBlock: blockMap updated: 10.251.73.220:50010 is added to blk_578261619176233743 size 67108864,E6,BLOCK* NameSystem.addStoredBlock: blockMap updated: <*>:<*> is added to blk_<*> size <*>,0.05,Normal,0
HDFS,761,10-11-2008 15:06,18,UNKNOWN,dfs.FSNamesystem,INFO,BLOCK* NameSystem.addStoredBlock: blockMap updated: 10.251.73.188:50010 is added to blk_-3897674589140998025 size 67108864,E6,BLOCK* NameSystem.addStoredBlock: blockMap updated: <*>:<*> is added to blk_<*> size <*>,0.05,Normal,0
HDFS,762,10-11-2008 15:07,93,UNKNOWN,dfs.FSNamesystem,INFO,BLOCK* NameSystem.addStoredBlock: blockMap updated: 10.250.17.225:50010 is added to blk_-3573208405519699182 size 67108864,E6,BLOCK* NameSystem.addStoredBlock: blockMap updated: <*>:<*> is added to blk_<*> size <*>,0.05,Normal,0
HDFS,763,10-11-2008 15:08,18,UNKNOWN,dfs.FSNamesystem,INFO,BLOCK* NameSystem.addStoredBlock: blockMap updated: 10.251.214.67:50010 is added to blk_4154740411570608045 size 67108864,E6,BLOCK* NameSystem.addStoredBlock: blockMap updated: <*>:<*> is added to blk_<*> size <*>,0.05,Normal,0
HDFS,764,10-11-2008 15:09,84,UNKNOWN,dfs.FSNamesystem,INFO,BLOCK* NameSystem.addStoredBlock: blockMap updated: 10.251.203.179:50010 is added to blk_8188837227311063557 size 67108864,E6,BLOCK* NameSystem.addStoredBlock: blockMap updated: <*>:<*> is added to blk_<*> size <*>,0.05,Normal,0
HDFS,765,10-11-2008 15:11,102,UNKNOWN,dfs.FSNamesystem,INFO,BLOCK* NameSystem.addStoredBlock: blockMap updated: 10.251.42.191:50010 is added to blk_-4208396523159735354 size 67108864,E6,BLOCK* NameSystem.addStoredBlock: blockMap updated: <*>:<*> is added to blk_<*> size <*>,0.05,Normal,0
HDFS,766,10-11-2008 15:12,47,UNKNOWN,dfs.DataNode$DataXceiver,INFO,Receiving block blk_7572868180557515526 src: /10.251.214.130:38983 dest: /10.251.214.130:50010,E13,Receiving block blk_<*> src: /<*>:<*> dest: /<*>:<*>,0.05,Normal,0
HDFS,767,10-11-2008 15:12,27,UNKNOWN,dfs.DataNode$PacketResponder,INFO,PacketResponder 2 for block blk_-1733803097614960767 terminating,E10,PacketResponder <*> for block blk_<*> terminating,0.05,Normal,0
HDFS,768,10-11-2008 15:13,38,UNKNOWN,dfs.FSNamesystem,INFO,BLOCK* NameSystem.allocateBlock: /user/root/sortrand2/_temporary/_task_200811101024_0003_r_000152_0/part-00152. blk_-7603795308074215276,E7,BLOCK* NameSystem.allocateBlock: /<*>/part-<*>. blk_<*>,0.05,Normal,0
HDFS,769,10-11-2008 15:14,80,UNKNOWN,dfs.FSNamesystem,INFO,BLOCK* NameSystem.allocateBlock: /user/root/sortrand2/_temporary/_task_200811101024_0003_r_000344_0/part-00344. blk_-2004529166303428909,E7,BLOCK* NameSystem.allocateBlock: /<*>/part-<*>. blk_<*>,0.05,Normal,0
HDFS,770,10-11-2008 15:15,36,UNKNOWN,dfs.DataNode$DataXceiver,INFO,Receiving block blk_-5817942497672492100 src: /10.251.107.19:35639 dest: /10.251.107.19:50010,E13,Receiving block blk_<*> src: /<*>:<*> dest: /<*>:<*>,0.05,Normal,0
HDFS,771,10-11-2008 15:15,55,UNKNOWN,dfs.DataNode$PacketResponder,INFO,PacketResponder 1 for block blk_-7512746652453970810 terminating,E10,PacketResponder <*> for block blk_<*> terminating,0.05,Normal,0
HDFS,772,10-11-2008 15:16,2,UNKNOWN,dfs.FSNamesystem,INFO,BLOCK* NameSystem.addStoredBlock: blockMap updated: 10.251.75.143:50010 is added to blk_2618566506268332756 size 67108864,E6,BLOCK* NameSystem.addStoredBlock: blockMap updated: <*>:<*> is added to blk_<*> size <*>,0.05,Normal,0
HDFS,773,10-11-2008 15:17,77,UNKNOWN,dfs.DataNode$PacketResponder,INFO,Received block blk_-265588615173040885 of size 67108864 from /10.251.215.70,E11,Received block blk_<*> of size <*> from /<*>,0.05,Normal,0
HDFS,774,10-11-2008 15:19,105,UNKNOWN,dfs.FSNamesystem,INFO,BLOCK* NameSystem.addStoredBlock: blockMap updated: 10.250.13.188:50010 is added to blk_5971534893446541111 size 67108864,E6,BLOCK* NameSystem.addStoredBlock: blockMap updated: <*>:<*> is added to blk_<*> size <*>,0.05,Normal,0
HDFS,775,10-11-2008 15:19,38,UNKNOWN,dfs.DataNode$DataXceiver,INFO,Receiving block blk_4742178675580222210 src: /10.251.42.9:60232 dest: /10.251.42.9:50010,E13,Receiving block blk_<*> src: /<*>:<*> dest: /<*>:<*>,0.05,Normal,0
HDFS,776,10-11-2008 15:21,117,UNKNOWN,dfs.DataNode$PacketResponder,INFO,PacketResponder 2 for block blk_-900229825899812461 terminating,E10,PacketResponder <*> for block blk_<*> terminating,0.05,Normal,0
HDFS,777,10-11-2008 15:21,10,UNKNOWN,dfs.FSNamesystem,INFO,BLOCK* NameSystem.addStoredBlock: blockMap updated: 10.251.70.37:50010 is added to blk_300967862449910205 size 67108864,E6,BLOCK* NameSystem.addStoredBlock: blockMap updated: <*>:<*> is added to blk_<*> size <*>,0.05,Normal,0
HDFS,778,10-11-2008 15:22,28,UNKNOWN,dfs.FSNamesystem,INFO,BLOCK* NameSystem.addStoredBlock: blockMap updated: 10.250.19.227:50010 is added to blk_2059389709317340334 size 67108864,E6,BLOCK* NameSystem.addStoredBlock: blockMap updated: <*>:<*> is added to blk_<*> size <*>,0.05,Normal,0
HDFS,779,10-11-2008 15:22,25,UNKNOWN,dfs.DataNode$PacketResponder,INFO,PacketResponder 0 for block blk_-6865167803683277211 terminating,E10,PacketResponder <*> for block blk_<*> terminating,0.05,Normal,0
HDFS,780,10-11-2008 15:26,213,UNKNOWN,dfs.DataNode$DataXceiver,INFO,Receiving block blk_1321799290531408498 src: /10.251.126.255:43447 dest: /10.251.126.255:50010,E13,Receiving block blk_<*> src: /<*>:<*> dest: /<*>:<*>,0.05,Normal,0
HDFS,781,10-11-2008 15:33,408,UNKNOWN,dfs.DataBlockScanner,INFO,Verification succeeded for blk_-8507209254958698084,E14,Verification succeeded for blk_<*>,0.05,Normal,0
HDFS,782,10-11-2008 15:39,376,UNKNOWN,dfs.DataNode$PacketResponder,INFO,Received block blk_-7716943410942322104 of size 67108864 from /10.251.126.5,E11,Received block blk_<*> of size <*> from /<*>,0.05,Normal,0
HDFS,783,10-11-2008 15:51,745,UNKNOWN,dfs.DataNode$DataXceiver,INFO,Receiving block blk_-6884056342993438262 src: /10.251.193.175:46638 dest: /10.251.193.175:50010,E13,Receiving block blk_<*> src: /<*>:<*> dest: /<*>:<*>,0.05,Normal,0
HDFS,784,10-11-2008 16:01,558,UNKNOWN,dfs.FSNamesystem,INFO,BLOCK* NameSystem.addStoredBlock: blockMap updated: 10.251.70.5:50010 is added to blk_-4092973201423074374 size 67108864,E6,BLOCK* NameSystem.addStoredBlock: blockMap updated: <*>:<*> is added to blk_<*> size <*>,0.05,Normal,0
HDFS,785,10-11-2008 16:30,1747,UNKNOWN,dfs.DataNode$DataXceiver,INFO,10.251.67.225:50010 Served block blk_5240632065631390212 to /10.251.67.225,E1,<*>:<*> Served block blk_<*> to /<*>,0.05,Normal,0
HDFS,786,10-11-2008 16:36,378,UNKNOWN,dfs.DataNode$DataXceiver,INFO,10.251.106.50:50010 Served block blk_-8907436477337775860 to /10.251.106.50,E1,<*>:<*> Served block blk_<*> to /<*>,0.05,Normal,0
HDFS,787,10-11-2008 16:39,200,UNKNOWN,dfs.DataNode$DataXceiver,WARN,10.251.30.101:50010:Got exception while serving blk_-5340885607150360719 to /10.251.30.101:,E3,<*>:<*>:Got exception while serving blk_<*> to /<*>:,0.7,Medium,1
HDFS,788,10-11-2008 17:03,1417,UNKNOWN,dfs.DataNode$DataXceiver,WARN,10.251.195.33:50010:Got exception while serving blk_6702054389824523327 to /10.251.195.33:,E3,<*>:<*>:Got exception while serving blk_<*> to /<*>:,0.7,Medium,1
HDFS,789,10-11-2008 17:35,1954,UNKNOWN,dfs.DataNode$DataXceiver,INFO,10.251.194.147:50010 Served block blk_7703498406755483188 to /10.251.111.209,E1,<*>:<*> Served block blk_<*> to /<*>,0.05,Normal,0
HDFS,790,10-11-2008 17:36,61,UNKNOWN,dfs.DataBlockScanner,INFO,Verification succeeded for blk_2904134648927436267,E14,Verification succeeded for blk_<*>,0.05,Normal,0
HDFS,791,10-11-2008 17:53,1017,UNKNOWN,dfs.DataNode$DataXceiver,WARN,10.250.11.53:50010:Got exception while serving blk_-7125370327234065733 to /10.250.15.240:,E3,<*>:<*>:Got exception while serving blk_<*> to /<*>:,0.7,Medium,1
HDFS,792,10-11-2008 17:54,32,UNKNOWN,dfs.DataNode$DataXceiver,INFO,10.251.202.209:50010 Served block blk_-5086369325828333421 to /10.251.194.213,E1,<*>:<*> Served block blk_<*> to /<*>,0.05,Normal,0
HDFS,793,10-11-2008 17:58,232,UNKNOWN,dfs.DataNode$DataXceiver,WARN,10.250.10.223:50010:Got exception while serving blk_8478683141242372735 to /10.251.70.5:,E3,<*>:<*>:Got exception while serving blk_<*> to /<*>:,0.7,Medium,1
HDFS,794,10-11-2008 17:58,8,UNKNOWN,dfs.DataNode$DataXceiver,INFO,10.251.215.50:50010 Served block blk_668295516093167045 to /10.251.30.6,E1,<*>:<*> Served block blk_<*> to /<*>,0.05,Normal,0
HDFS,795,10-11-2008 17:59,68,UNKNOWN,dfs.DataNode$DataXceiver,WARN,10.251.107.50:50010:Got exception while serving blk_-4737948505610037427 to /10.251.75.79:,E3,<*>:<*>:Got exception while serving blk_<*> to /<*>:,0.7,Medium,1
HDFS,796,10-11-2008 18:32,1946,UNKNOWN,dfs.DataBlockScanner,INFO,Verification succeeded for blk_1584196996810164915,E14,Verification succeeded for blk_<*>,0.05,Normal,0
HDFS,797,10-11-2008 19:03,1893,UNKNOWN,dfs.DataBlockScanner,INFO,Verification succeeded for blk_1150231966878829887,E14,Verification succeeded for blk_<*>,0.05,Normal,0
HDFS,798,10-11-2008 19:14,630,UNKNOWN,dfs.DataNode$DataXceiver,WARN,10.250.14.196:50010:Got exception while serving blk_2967299761311489673 to /10.251.89.155:,E3,<*>:<*>:Got exception while serving blk_<*> to /<*>:,0.7,Medium,1
HDFS,799,10-11-2008 19:20,372,UNKNOWN,dfs.DataNode$DataXceiver,WARN,10.250.10.223:50010:Got exception while serving blk_9095955277706686312 to /10.250.5.161:,E3,<*>:<*>:Got exception while serving blk_<*> to /<*>:,0.7,Medium,1
HDFS,800,10-11-2008 19:33,799,UNKNOWN,dfs.DataNode$DataXceiver,WARN,10.251.39.179:50010:Got exception while serving blk_-8558281124275910849 to /10.251.30.134:,E3,<*>:<*>:Got exception while serving blk_<*> to /<*>:,0.7,Medium,1
HDFS,801,10-11-2008 19:35,137,UNKNOWN,dfs.DataNode$DataXceiver,INFO,10.251.71.97:50010 Served block blk_6552418180158772377 to /10.251.39.242,E1,<*>:<*> Served block blk_<*> to /<*>,0.05,Normal,0
HDFS,802,10-11-2008 19:41,368,UNKNOWN,dfs.DataNode$DataXceiver,WARN,10.251.26.8:50010:Got exception while serving blk_-3572295706132449090 to /10.251.111.130:,E3,<*>:<*>:Got exception while serving blk_<*> to /<*>:,0.7,Medium,1
HDFS,803,10-11-2008 19:45,225,UNKNOWN,dfs.DataNode$DataXceiver,INFO,10.251.202.209:50010 Served block blk_-1442905060580014339 to /10.251.202.209,E1,<*>:<*> Served block blk_<*> to /<*>,0.05,Normal,0
HDFS,804,10-11-2008 19:47,111,UNKNOWN,dfs.DataNode$DataXceiver,WARN,10.251.127.243:50010:Got exception while serving blk_7760079751081658559 to /10.251.215.70:,E3,<*>:<*>:Got exception while serving blk_<*> to /<*>:,0.7,Medium,1
HDFS,805,10-11-2008 19:55,445,UNKNOWN,dfs.DataNode$DataXceiver,INFO,10.251.39.179:50010 Served block blk_798664047382151445 to /10.251.39.179,E1,<*>:<*> Served block blk_<*> to /<*>,0.05,Normal,0
HDFS,806,10-11-2008 20:03,491,UNKNOWN,dfs.DataNode$DataXceiver,INFO,10.250.11.194:50010 Served block blk_8591104451552720112 to /10.250.11.194,E1,<*>:<*> Served block blk_<*> to /<*>,0.05,Normal,0
HDFS,807,10-11-2008 21:01,3481,UNKNOWN,dfs.FSNamesystem,INFO,BLOCK* NameSystem.delete: blk_-531469051872229488 is added to invalidSet of 10.251.71.146:50010,E8,BLOCK* NameSystem.delete: blk_<*> is added to invalidSet of <*>:<*>,0.05,Normal,0
HDFS,808,10-11-2008 21:01,3,UNKNOWN,dfs.FSNamesystem,INFO,BLOCK* NameSystem.delete: blk_-4657423175636611807 is added to invalidSet of 10.251.193.175:50010,E8,BLOCK* NameSystem.delete: blk_<*> is added to invalidSet of <*>:<*>,0.05,Normal,0
HDFS,809,10-11-2008 21:01,0,UNKNOWN,dfs.FSNamesystem,INFO,BLOCK* NameSystem.delete: blk_-6117917602803602155 is added to invalidSet of 10.251.67.211:50010,E8,BLOCK* NameSystem.delete: blk_<*> is added to invalidSet of <*>:<*>,0.05,Normal,0
HDFS,810,10-11-2008 21:01,0,UNKNOWN,dfs.FSNamesystem,INFO,BLOCK* NameSystem.delete: blk_-7584542530081657301 is added to invalidSet of 10.250.10.223:50010,E8,BLOCK* NameSystem.delete: blk_<*> is added to invalidSet of <*>:<*>,0.05,Normal,0
HDFS,811,10-11-2008 21:01,3,UNKNOWN,dfs.FSNamesystem,INFO,BLOCK* NameSystem.delete: blk_4640277741339926850 is added to invalidSet of 10.251.26.131:50010,E8,BLOCK* NameSystem.delete: blk_<*> is added to invalidSet of <*>:<*>,0.05,Normal,0
HDFS,812,10-11-2008 21:01,0,UNKNOWN,dfs.FSNamesystem,INFO,BLOCK* NameSystem.delete: blk_-7285565997486715015 is added to invalidSet of 10.250.6.191:50010,E8,BLOCK* NameSystem.delete: blk_<*> is added to invalidSet of <*>:<*>,0.05,Normal,0
HDFS,813,10-11-2008 21:01,5,UNKNOWN,dfs.FSNamesystem,INFO,BLOCK* NameSystem.delete: blk_3652427357251545055 is added to invalidSet of 10.250.10.223:50010,E8,BLOCK* NameSystem.delete: blk_<*> is added to invalidSet of <*>:<*>,0.05,Normal,0
HDFS,814,10-11-2008 21:01,0,UNKNOWN,dfs.FSNamesystem,INFO,BLOCK* NameSystem.delete: blk_5163387277374142808 is added to invalidSet of 10.251.71.193:50010,E8,BLOCK* NameSystem.delete: blk_<*> is added to invalidSet of <*>:<*>,0.05,Normal,0
HDFS,815,10-11-2008 21:01,1,UNKNOWN,dfs.FSNamesystem,INFO,BLOCK* NameSystem.delete: blk_-1342669964196815853 is added to invalidSet of 10.250.17.225:50010,E8,BLOCK* NameSystem.delete: blk_<*> is added to invalidSet of <*>:<*>,0.05,Normal,0
HDFS,816,10-11-2008 21:01,1,UNKNOWN,dfs.FSNamesystem,INFO,BLOCK* NameSystem.delete: blk_-424018194735922479 is added to invalidSet of 10.251.42.84:50010,E8,BLOCK* NameSystem.delete: blk_<*> is added to invalidSet of <*>:<*>,0.05,Normal,0
HDFS,817,10-11-2008 21:01,1,UNKNOWN,dfs.FSNamesystem,INFO,BLOCK* NameSystem.delete: blk_-3754029959138975487 is added to invalidSet of 10.251.214.112:50010,E8,BLOCK* NameSystem.delete: blk_<*> is added to invalidSet of <*>:<*>,0.05,Normal,0
HDFS,818,10-11-2008 21:01,0,UNKNOWN,dfs.FSNamesystem,INFO,BLOCK* NameSystem.delete: blk_-4149539113118855204 is added to invalidSet of 10.251.71.16:50010,E8,BLOCK* NameSystem.delete: blk_<*> is added to invalidSet of <*>:<*>,0.05,Normal,0
HDFS,819,10-11-2008 21:01,0,UNKNOWN,dfs.FSNamesystem,INFO,BLOCK* NameSystem.delete: blk_5868517220927475394 is added to invalidSet of 10.251.67.113:50010,E8,BLOCK* NameSystem.delete: blk_<*> is added to invalidSet of <*>:<*>,0.05,Normal,0
HDFS,820,10-11-2008 21:01,1,UNKNOWN,dfs.FSNamesystem,INFO,BLOCK* NameSystem.delete: blk_6093858391888371854 is added to invalidSet of 10.251.42.207:50010,E8,BLOCK* NameSystem.delete: blk_<*> is added to invalidSet of <*>:<*>,0.05,Normal,0
HDFS,821,10-11-2008 21:01,1,UNKNOWN,dfs.FSNamesystem,INFO,BLOCK* NameSystem.delete: blk_7048740572660501729 is added to invalidSet of 10.251.107.98:50010,E8,BLOCK* NameSystem.delete: blk_<*> is added to invalidSet of <*>:<*>,0.05,Normal,0
HDFS,822,10-11-2008 21:01,1,UNKNOWN,dfs.FSNamesystem,INFO,BLOCK* NameSystem.delete: blk_-2025578204394955498 is added to invalidSet of 10.251.91.159:50010,E8,BLOCK* NameSystem.delete: blk_<*> is added to invalidSet of <*>:<*>,0.05,Normal,0
HDFS,823,10-11-2008 21:01,0,UNKNOWN,dfs.FSNamesystem,INFO,BLOCK* NameSystem.delete: blk_-795209964982424254 is added to invalidSet of 10.251.107.227:50010,E8,BLOCK* NameSystem.delete: blk_<*> is added to invalidSet of <*>:<*>,0.05,Normal,0
HDFS,824,10-11-2008 21:01,2,UNKNOWN,dfs.FSNamesystem,INFO,BLOCK* NameSystem.delete: blk_7606019272539977822 is added to invalidSet of 10.251.67.211:50010,E8,BLOCK* NameSystem.delete: blk_<*> is added to invalidSet of <*>:<*>,0.05,Normal,0
HDFS,825,10-11-2008 21:01,1,UNKNOWN,dfs.FSNamesystem,INFO,BLOCK* NameSystem.delete: blk_1960893136630391966 is added to invalidSet of 10.251.39.144:50010,E8,BLOCK* NameSystem.delete: blk_<*> is added to invalidSet of <*>:<*>,0.05,Normal,0
HDFS,826,10-11-2008 21:01,10,UNKNOWN,dfs.FSNamesystem,INFO,BLOCK* NameSystem.delete: blk_-8632488927959646482 is added to invalidSet of 10.251.39.64:50010,E8,BLOCK* NameSystem.delete: blk_<*> is added to invalidSet of <*>:<*>,0.05,Normal,0
HDFS,827,10-11-2008 21:01,2,UNKNOWN,dfs.FSNamesystem,INFO,BLOCK* NameSystem.delete: blk_1302893891174665780 is added to invalidSet of 10.251.214.225:50010,E8,BLOCK* NameSystem.delete: blk_<*> is added to invalidSet of <*>:<*>,0.05,Normal,0
HDFS,828,10-11-2008 21:01,1,UNKNOWN,dfs.FSNamesystem,INFO,BLOCK* NameSystem.delete: blk_-490230821467544285 is added to invalidSet of 10.250.10.6:50010,E8,BLOCK* NameSystem.delete: blk_<*> is added to invalidSet of <*>:<*>,0.05,Normal,0
HDFS,829,10-11-2008 21:01,1,UNKNOWN,dfs.FSNamesystem,INFO,BLOCK* NameSystem.delete: blk_4713968111267226537 is added to invalidSet of 10.251.70.5:50010,E8,BLOCK* NameSystem.delete: blk_<*> is added to invalidSet of <*>:<*>,0.05,Normal,0
HDFS,830,10-11-2008 21:01,0,UNKNOWN,dfs.FSNamesystem,INFO,BLOCK* NameSystem.delete: blk_7473411975130090672 is added to invalidSet of 10.251.75.143:50010,E8,BLOCK* NameSystem.delete: blk_<*> is added to invalidSet of <*>:<*>,0.05,Normal,0
HDFS,831,10-11-2008 21:01,1,UNKNOWN,dfs.FSNamesystem,INFO,BLOCK* NameSystem.delete: blk_753559000954836892 is added to invalidSet of 10.251.30.101:50010,E8,BLOCK* NameSystem.delete: blk_<*> is added to invalidSet of <*>:<*>,0.05,Normal,0
HDFS,832,10-11-2008 21:01,0,UNKNOWN,dfs.FSNamesystem,INFO,BLOCK* NameSystem.delete: blk_9085898147979939648 is added to invalidSet of 10.251.67.225:50010,E8,BLOCK* NameSystem.delete: blk_<*> is added to invalidSet of <*>:<*>,0.05,Normal,0
HDFS,833,10-11-2008 21:01,1,UNKNOWN,dfs.FSNamesystem,INFO,BLOCK* NameSystem.delete: blk_-5403209762224435166 is added to invalidSet of 10.251.125.193:50010,E8,BLOCK* NameSystem.delete: blk_<*> is added to invalidSet of <*>:<*>,0.05,Normal,0
HDFS,834,10-11-2008 21:01,1,UNKNOWN,dfs.FSNamesystem,INFO,BLOCK* NameSystem.delete: blk_-6932221506331060207 is added to invalidSet of 10.251.74.79:50010,E8,BLOCK* NameSystem.delete: blk_<*> is added to invalidSet of <*>:<*>,0.05,Normal,0
HDFS,835,10-11-2008 21:01,0,UNKNOWN,dfs.FSNamesystem,INFO,BLOCK* NameSystem.delete: blk_-7693277678281547790 is added to invalidSet of 10.251.30.6:50010,E8,BLOCK* NameSystem.delete: blk_<*> is added to invalidSet of <*>:<*>,0.05,Normal,0
HDFS,836,10-11-2008 21:01,2,UNKNOWN,dfs.FSNamesystem,INFO,BLOCK* NameSystem.delete: blk_3792448673967861371 is added to invalidSet of 10.251.89.155:50010,E8,BLOCK* NameSystem.delete: blk_<*> is added to invalidSet of <*>:<*>,0.05,Normal,0
HDFS,837,10-11-2008 21:01,0,UNKNOWN,dfs.FSNamesystem,INFO,BLOCK* NameSystem.delete: blk_5496448884081025648 is added to invalidSet of 10.251.123.195:50010,E8,BLOCK* NameSystem.delete: blk_<*> is added to invalidSet of <*>:<*>,0.05,Normal,0
HDFS,838,10-11-2008 21:01,2,UNKNOWN,dfs.FSNamesystem,INFO,BLOCK* NameSystem.delete: blk_1102735311308675356 is added to invalidSet of 10.251.71.97:50010,E8,BLOCK* NameSystem.delete: blk_<*> is added to invalidSet of <*>:<*>,0.05,Normal,0
HDFS,839,10-11-2008 21:01,0,UNKNOWN,dfs.FSNamesystem,INFO,BLOCK* NameSystem.delete: blk_7094265091490664593 is added to invalidSet of 10.251.71.68:50010,E8,BLOCK* NameSystem.delete: blk_<*> is added to invalidSet of <*>:<*>,0.05,Normal,0
HDFS,840,10-11-2008 21:01,4,UNKNOWN,dfs.FSNamesystem,INFO,BLOCK* NameSystem.delete: blk_-1271403908410292619 is added to invalidSet of 10.251.43.147:50010,E8,BLOCK* NameSystem.delete: blk_<*> is added to invalidSet of <*>:<*>,0.05,Normal,0
HDFS,841,10-11-2008 21:02,4,UNKNOWN,dfs.FSNamesystem,INFO,BLOCK* NameSystem.delete: blk_-2439225174716664723 is added to invalidSet of 10.251.42.207:50010,E8,BLOCK* NameSystem.delete: blk_<*> is added to invalidSet of <*>:<*>,0.05,Normal,0
HDFS,842,10-11-2008 21:02,0,UNKNOWN,dfs.FSNamesystem,INFO,BLOCK* NameSystem.delete: blk_-9220604860626391374 is added to invalidSet of 10.251.30.179:50010,E8,BLOCK* NameSystem.delete: blk_<*> is added to invalidSet of <*>:<*>,0.05,Normal,0
HDFS,843,10-11-2008 21:02,9,UNKNOWN,dfs.DataNode$DataXceiver,INFO,10.250.15.101:50010 Served block blk_-2557432794238860908 to /10.251.74.134,E1,<*>:<*> Served block blk_<*> to /<*>,0.05,Normal,0
HDFS,844,10-11-2008 21:02,33,UNKNOWN,dfs.DataNode$PacketResponder,INFO,Received block blk_-8214089520956286311 of size 67108864 from /10.251.26.131,E11,Received block blk_<*> of size <*> from /<*>,0.05,Normal,0
HDFS,845,10-11-2008 21:02,9,UNKNOWN,dfs.FSDataset,INFO,Deleting block blk_-8949548167466276130 file /mnt/hadoop/dfs/data/current/subdir2/blk_-8949548167466276130,E9,Deleting block blk_<*> file /<*>/blk_<*>,0.05,Normal,0
HDFS,846,10-11-2008 21:02,3,UNKNOWN,dfs.DataNode$DataXceiver,INFO,Receiving block blk_-4831379247767940447 src: /10.251.65.237:42885 dest: /10.251.65.237:50010,E13,Receiving block blk_<*> src: /<*>:<*> dest: /<*>:<*>,0.05,Normal,0
HDFS,847,10-11-2008 21:02,4,UNKNOWN,dfs.FSDataset,INFO,Deleting block blk_-7548149518969960333 file /mnt/hadoop/dfs/data/current/subdir8/blk_-7548149518969960333,E9,Deleting block blk_<*> file /<*>/blk_<*>,0.05,Normal,0
HDFS,848,10-11-2008 21:03,9,UNKNOWN,dfs.FSDataset,INFO,Deleting block blk_-7353572928777348242 file /mnt/hadoop/dfs/data/current/subdir22/blk_-7353572928777348242,E9,Deleting block blk_<*> file /<*>/blk_<*>,0.05,Normal,0
HDFS,849,10-11-2008 21:03,22,UNKNOWN,dfs.FSDataset,INFO,Deleting block blk_7206839389762980382 file /mnt/hadoop/dfs/data/current/subdir61/blk_7206839389762980382,E9,Deleting block blk_<*> file /<*>/blk_<*>,0.05,Normal,0
HDFS,850,10-11-2008 21:03,9,UNKNOWN,dfs.FSDataset,INFO,Deleting block blk_-9171803179611497035 file /mnt/hadoop/dfs/data/current/subdir35/blk_-9171803179611497035,E9,Deleting block blk_<*> file /<*>/blk_<*>,0.05,Normal,0
HDFS,851,10-11-2008 21:03,15,UNKNOWN,dfs.FSDataset,INFO,Deleting block blk_-4598246018559857954 file /mnt/hadoop/dfs/data/current/subdir34/blk_-4598246018559857954,E9,Deleting block blk_<*> file /<*>/blk_<*>,0.05,Normal,0
HDFS,852,10-11-2008 21:03,0,UNKNOWN,dfs.FSDataset,INFO,Deleting block blk_-6901909114834172466 file /mnt/hadoop/dfs/data/current/subdir57/blk_-6901909114834172466,E9,Deleting block blk_<*> file /<*>/blk_<*>,0.05,Normal,0
HDFS,853,10-11-2008 21:04,7,UNKNOWN,dfs.FSDataset,INFO,Deleting block blk_-6075803209168884005 file /mnt/hadoop/dfs/data/current/subdir31/blk_-6075803209168884005,E9,Deleting block blk_<*> file /<*>/blk_<*>,0.05,Normal,0
HDFS,854,10-11-2008 21:04,0,UNKNOWN,dfs.FSDataset,INFO,Deleting block blk_-8617088607862430908 file /mnt/hadoop/dfs/data/current/subdir53/blk_-8617088607862430908,E9,Deleting block blk_<*> file /<*>/blk_<*>,0.05,Normal,0
HDFS,855,10-11-2008 21:04,2,UNKNOWN,dfs.DataNode$DataXceiver,INFO,Receiving block blk_7347539858784653625 src: /10.250.11.194:46600 dest: /10.250.11.194:50010,E13,Receiving block blk_<*> src: /<*>:<*> dest: /<*>:<*>,0.05,Normal,0
HDFS,856,10-11-2008 21:04,1,UNKNOWN,dfs.FSDataset,INFO,Deleting block blk_7855353385462032387 file /mnt/hadoop/dfs/data/current/subdir41/blk_7855353385462032387,E9,Deleting block blk_<*> file /<*>/blk_<*>,0.05,Normal,0
HDFS,857,10-11-2008 21:04,9,UNKNOWN,dfs.FSDataset,INFO,Deleting block blk_3733339790842827121 file /mnt/hadoop/dfs/data/current/subdir42/blk_3733339790842827121,E9,Deleting block blk_<*> file /<*>/blk_<*>,0.05,Normal,0
HDFS,858,10-11-2008 21:04,4,UNKNOWN,dfs.FSDataset,INFO,Deleting block blk_-9017308542351369260 file /mnt/hadoop/dfs/data/current/subdir14/blk_-9017308542351369260,E9,Deleting block blk_<*> file /<*>/blk_<*>,0.05,Normal,0
HDFS,859,10-11-2008 21:04,5,UNKNOWN,dfs.DataNode$PacketResponder,INFO,Received block blk_-3734839878416656496 of size 67108864 from /10.251.66.102,E11,Received block blk_<*> of size <*> from /<*>,0.05,Normal,0
HDFS,860,10-11-2008 21:04,1,UNKNOWN,dfs.FSDataset,INFO,Deleting block blk_-8360774680830158225 file /mnt/hadoop/dfs/data/current/subdir31/blk_-8360774680830158225,E9,Deleting block blk_<*> file /<*>/blk_<*>,0.05,Normal,0
HDFS,861,10-11-2008 21:04,2,UNKNOWN,dfs.FSDataset,INFO,Deleting block blk_-6942784423611603919 file /mnt/hadoop/dfs/data/current/subdir38/blk_-6942784423611603919,E9,Deleting block blk_<*> file /<*>/blk_<*>,0.05,Normal,0
HDFS,862,10-11-2008 21:04,2,UNKNOWN,dfs.FSDataset,INFO,Deleting block blk_-5603192027616633151 file /mnt/hadoop/dfs/data/current/subdir34/blk_-5603192027616633151,E9,Deleting block blk_<*> file /<*>/blk_<*>,0.05,Normal,0
HDFS,863,10-11-2008 21:04,15,UNKNOWN,dfs.FSDataset,INFO,Deleting block blk_-7854501109698465657 file /mnt/hadoop/dfs/data/current/subdir34/blk_-7854501109698465657,E9,Deleting block blk_<*> file /<*>/blk_<*>,0.05,Normal,0
HDFS,864,10-11-2008 21:04,7,UNKNOWN,dfs.FSDataset,INFO,Deleting block blk_-4551689611865410817 file /mnt/hadoop/dfs/data/current/blk_-4551689611865410817,E9,Deleting block blk_<*> file /<*>/blk_<*>,0.05,Normal,0
HDFS,865,10-11-2008 21:04,1,UNKNOWN,dfs.FSDataset,INFO,Deleting block blk_-1750007847201154657 file /mnt/hadoop/dfs/data/current/subdir1/blk_-1750007847201154657,E9,Deleting block blk_<*> file /<*>/blk_<*>,0.05,Normal,0
HDFS,866,10-11-2008 21:05,12,UNKNOWN,dfs.FSDataset,INFO,Deleting block blk_-3564493590065542578 file /mnt/hadoop/dfs/data/current/subdir55/blk_-3564493590065542578,E9,Deleting block blk_<*> file /<*>/blk_<*>,0.05,Normal,0
HDFS,867,10-11-2008 21:05,7,UNKNOWN,dfs.FSDataset,INFO,Deleting block blk_-2929627680703662712 file /mnt/hadoop/dfs/data/current/subdir32/blk_-2929627680703662712,E9,Deleting block blk_<*> file /<*>/blk_<*>,0.05,Normal,0
HDFS,868,10-11-2008 21:05,1,UNKNOWN,dfs.FSDataset,INFO,Deleting block blk_2708206493147801743 file /mnt/hadoop/dfs/data/current/subdir15/blk_2708206493147801743,E9,Deleting block blk_<*> file /<*>/blk_<*>,0.05,Normal,0
HDFS,869,10-11-2008 21:05,1,UNKNOWN,dfs.FSDataset,INFO,Deleting block blk_-4110699195744660699 file /mnt/hadoop/dfs/data/current/subdir34/blk_-4110699195744660699,E9,Deleting block blk_<*> file /<*>/blk_<*>,0.05,Normal,0
HDFS,870,10-11-2008 21:05,1,UNKNOWN,dfs.FSDataset,INFO,Deleting block blk_7721951162137927252 file /mnt/hadoop/dfs/data/current/subdir52/blk_7721951162137927252,E9,Deleting block blk_<*> file /<*>/blk_<*>,0.05,Normal,0
HDFS,871,10-11-2008 21:05,3,UNKNOWN,dfs.FSDataset,INFO,Deleting block blk_-1535908830476495455 file /mnt/hadoop/dfs/data/current/subdir10/blk_-1535908830476495455,E9,Deleting block blk_<*> file /<*>/blk_<*>,0.05,Normal,0
HDFS,872,10-11-2008 21:05,1,UNKNOWN,dfs.FSDataset,INFO,Deleting block blk_1184972950286241114 file /mnt/hadoop/dfs/data/current/subdir39/blk_1184972950286241114,E9,Deleting block blk_<*> file /<*>/blk_<*>,0.05,Normal,0
HDFS,873,10-11-2008 21:05,1,UNKNOWN,dfs.FSDataset,INFO,Deleting block blk_-3396836569886642130 file /mnt/hadoop/dfs/data/current/subdir32/blk_-3396836569886642130,E9,Deleting block blk_<*> file /<*>/blk_<*>,0.05,Normal,0
HDFS,874,10-11-2008 21:05,15,UNKNOWN,dfs.FSDataset,INFO,Deleting block blk_22457656256024207 file /mnt/hadoop/dfs/data/current/subdir33/blk_22457656256024207,E9,Deleting block blk_<*> file /<*>/blk_<*>,0.05,Normal,0
HDFS,875,10-11-2008 21:05,2,UNKNOWN,dfs.FSDataset,INFO,Deleting block blk_5905689738251144455 file /mnt/hadoop/dfs/data/current/blk_5905689738251144455,E9,Deleting block blk_<*> file /<*>/blk_<*>,0.05,Normal,0
HDFS,876,10-11-2008 21:05,3,UNKNOWN,dfs.FSDataset,INFO,Deleting block blk_-2210703755506918304 file /mnt/hadoop/dfs/data/current/subdir26/blk_-2210703755506918304,E9,Deleting block blk_<*> file /<*>/blk_<*>,0.05,Normal,0
HDFS,877,10-11-2008 21:05,3,UNKNOWN,dfs.FSDataset,INFO,Deleting block blk_773599351835388127 file /mnt/hadoop/dfs/data/current/subdir60/blk_773599351835388127,E9,Deleting block blk_<*> file /<*>/blk_<*>,0.05,Normal,0
HDFS,878,10-11-2008 21:05,0,UNKNOWN,dfs.FSDataset,INFO,Deleting block blk_3921292580505776296 file /mnt/hadoop/dfs/data/current/subdir57/blk_3921292580505776296,E9,Deleting block blk_<*> file /<*>/blk_<*>,0.05,Normal,0
HDFS,879,10-11-2008 21:05,2,UNKNOWN,dfs.FSDataset,INFO,Deleting block blk_4162832865986721185 file /mnt/hadoop/dfs/data/current/subdir4/blk_4162832865986721185,E9,Deleting block blk_<*> file /<*>/blk_<*>,0.05,Normal,0
HDFS,880,10-11-2008 21:05,3,UNKNOWN,dfs.FSDataset,INFO,Deleting block blk_2156262111024914941 file /mnt/hadoop/dfs/data/current/subdir14/blk_2156262111024914941,E9,Deleting block blk_<*> file /<*>/blk_<*>,0.05,Normal,0
HDFS,881,10-11-2008 21:05,3,UNKNOWN,dfs.FSDataset,INFO,Deleting block blk_4658551441818960395 file /mnt/hadoop/dfs/data/current/subdir19/blk_4658551441818960395,E9,Deleting block blk_<*> file /<*>/blk_<*>,0.05,Normal,0
HDFS,882,10-11-2008 21:05,1,UNKNOWN,dfs.FSDataset,INFO,Deleting block blk_3076992299328673559 file /mnt/hadoop/dfs/data/current/subdir54/blk_3076992299328673559,E9,Deleting block blk_<*> file /<*>/blk_<*>,0.05,Normal,0
HDFS,883,10-11-2008 21:05,0,UNKNOWN,dfs.FSDataset,INFO,Deleting block blk_6085442148007558065 file /mnt/hadoop/dfs/data/current/subdir63/blk_6085442148007558065,E9,Deleting block blk_<*> file /<*>/blk_<*>,0.05,Normal,0
HDFS,884,10-11-2008 21:05,6,UNKNOWN,dfs.FSDataset,INFO,Deleting block blk_1746384029810476219 file /mnt/hadoop/dfs/data/current/subdir18/blk_1746384029810476219,E9,Deleting block blk_<*> file /<*>/blk_<*>,0.05,Normal,0
HDFS,885,10-11-2008 21:05,0,UNKNOWN,dfs.FSDataset,INFO,Deleting block blk_4939101994162863442 file /mnt/hadoop/dfs/data/current/subdir24/blk_4939101994162863442,E9,Deleting block blk_<*> file /<*>/blk_<*>,0.05,Normal,0
HDFS,886,10-11-2008 21:05,3,UNKNOWN,dfs.FSDataset,INFO,Deleting block blk_1144571179430079218 file /mnt/hadoop/dfs/data/current/subdir33/blk_1144571179430079218,E9,Deleting block blk_<*> file /<*>/blk_<*>,0.05,Normal,0
HDFS,887,10-11-2008 21:05,0,UNKNOWN,dfs.FSDataset,INFO,Deleting block blk_8693774866554287286 file /mnt/hadoop/dfs/data/current/subdir55/blk_8693774866554287286,E9,Deleting block blk_<*> file /<*>/blk_<*>,0.05,Normal,0
HDFS,888,10-11-2008 21:06,2,UNKNOWN,dfs.FSDataset,INFO,Deleting block blk_6695517786834913217 file /mnt/hadoop/dfs/data/current/subdir15/blk_6695517786834913217,E9,Deleting block blk_<*> file /<*>/blk_<*>,0.05,Normal,0
HDFS,889,10-11-2008 21:06,1,UNKNOWN,dfs.FSDataset,INFO,Deleting block blk_70980361971054326 file /mnt/hadoop/dfs/data/current/subdir27/blk_70980361971054326,E9,Deleting block blk_<*> file /<*>/blk_<*>,0.05,Normal,0
HDFS,890,10-11-2008 21:06,7,UNKNOWN,dfs.FSDataset,INFO,Deleting block blk_6499414220139660338 file /mnt/hadoop/dfs/data/current/subdir59/blk_6499414220139660338,E9,Deleting block blk_<*> file /<*>/blk_<*>,0.05,Normal,0
HDFS,891,10-11-2008 21:06,12,UNKNOWN,dfs.FSDataset,INFO,Deleting block blk_8598135237831029828 file /mnt/hadoop/dfs/data/current/subdir59/blk_8598135237831029828,E9,Deleting block blk_<*> file /<*>/blk_<*>,0.05,Normal,0
HDFS,892,10-11-2008 21:06,20,UNKNOWN,dfs.FSDataset,INFO,Deleting block blk_7108974241330205218 file /mnt/hadoop/dfs/data/current/subdir22/blk_7108974241330205218,E9,Deleting block blk_<*> file /<*>/blk_<*>,0.05,Normal,0
HDFS,893,10-11-2008 21:07,24,UNKNOWN,dfs.FSDataset,INFO,Deleting block blk_8929806114713265094 file /mnt/hadoop/dfs/data/current/subdir1/blk_8929806114713265094,E9,Deleting block blk_<*> file /<*>/blk_<*>,0.05,Normal,0
HDFS,894,10-11-2008 21:07,6,UNKNOWN,dfs.FSDataset,INFO,Deleting block blk_6445339027653789144 file /mnt/hadoop/dfs/data/current/subdir16/blk_6445339027653789144,E9,Deleting block blk_<*> file /<*>/blk_<*>,0.05,Normal,0
HDFS,895,10-11-2008 21:07,11,UNKNOWN,dfs.DataNode$DataXceiver,INFO,Receiving block blk_3235988328669699941 src: /10.251.199.159:43276 dest: /10.251.199.159:50010,E13,Receiving block blk_<*> src: /<*>:<*> dest: /<*>:<*>,0.05,Normal,0
HDFS,896,10-11-2008 21:07,16,UNKNOWN,dfs.FSDataset,INFO,Deleting block blk_8699831307500970779 file /mnt/hadoop/dfs/data/current/subdir54/blk_8699831307500970779,E9,Deleting block blk_<*> file /<*>/blk_<*>,0.05,Normal,0
HDFS,897,10-11-2008 21:07,16,UNKNOWN,dfs.FSDataset,INFO,Deleting block blk_3221204570666147236 file /mnt/hadoop/dfs/data/current/subdir34/blk_3221204570666147236,E9,Deleting block blk_<*> file /<*>/blk_<*>,0.05,Normal,0
HDFS,898,10-11-2008 21:08,39,UNKNOWN,dfs.DataNode$DataXceiver,INFO,Receiving block blk_-5808893254440551816 src: /10.250.11.194:53256 dest: /10.250.11.194:50010,E13,Receiving block blk_<*> src: /<*>:<*> dest: /<*>:<*>,0.05,Normal,0
HDFS,899,10-11-2008 21:08,5,UNKNOWN,dfs.DataNode$PacketResponder,INFO,PacketResponder 1 for block blk_3940282600163903101 terminating,E10,PacketResponder <*> for block blk_<*> terminating,0.05,Normal,0
HDFS,900,10-11-2008 21:10,104,UNKNOWN,dfs.DataNode$DataXceiver,INFO,Receiving block blk_4233013542759682998 src: /10.251.109.209:48041 dest: /10.251.109.209:50010,E13,Receiving block blk_<*> src: /<*>:<*> dest: /<*>:<*>,0.05,Normal,0
HDFS,901,10-11-2008 21:10,9,UNKNOWN,dfs.FSDataset,INFO,Deleting block blk_7360639743953947587 file /mnt/hadoop/dfs/data/current/subdir35/blk_7360639743953947587,E9,Deleting block blk_<*> file /<*>/blk_<*>,0.05,Normal,0
HDFS,902,10-11-2008 21:11,38,UNKNOWN,dfs.DataNode$PacketResponder,INFO,Received block blk_4182287230523664560 of size 67108864 from /10.251.111.130,E11,Received block blk_<*> of size <*> from /<*>,0.05,Normal,0
HDFS,903,10-11-2008 21:11,1,UNKNOWN,dfs.DataNode$DataXceiver,INFO,Receiving block blk_995094303184954394 src: /10.251.91.84:35590 dest: /10.251.91.84:50010,E13,Receiving block blk_<*> src: /<*>:<*> dest: /<*>:<*>,0.05,Normal,0
HDFS,904,10-11-2008 21:11,13,UNKNOWN,dfs.FSNamesystem,INFO,BLOCK* NameSystem.addStoredBlock: blockMap updated: 10.251.30.6:50010 is added to blk_3585424189730250601 size 67108864,E6,BLOCK* NameSystem.addStoredBlock: blockMap updated: <*>:<*> is added to blk_<*> size <*>,0.05,Normal,0
HDFS,905,10-11-2008 21:11,9,UNKNOWN,dfs.DataNode$PacketResponder,INFO,PacketResponder 1 for block blk_-5680441982827916621 terminating,E10,PacketResponder <*> for block blk_<*> terminating,0.05,Normal,0
HDFS,906,10-11-2008 21:13,112,UNKNOWN,dfs.DataNode$PacketResponder,INFO,PacketResponder 0 for block blk_2089955821703690032 terminating,E10,PacketResponder <*> for block blk_<*> terminating,0.05,Normal,0
HDFS,907,10-11-2008 21:13,32,UNKNOWN,dfs.FSNamesystem,INFO,BLOCK* NameSystem.addStoredBlock: blockMap updated: 10.251.106.10:50010 is added to blk_1151012386083696649 size 67108864,E6,BLOCK* NameSystem.addStoredBlock: blockMap updated: <*>:<*> is added to blk_<*> size <*>,0.05,Normal,0
HDFS,908,10-11-2008 21:13,3,UNKNOWN,dfs.DataNode$DataXceiver,INFO,Receiving block blk_4149909442914612270 src: /10.251.195.33:55490 dest: /10.251.195.33:50010,E13,Receiving block blk_<*> src: /<*>:<*> dest: /<*>:<*>,0.05,Normal,0
HDFS,909,10-11-2008 21:14,12,UNKNOWN,dfs.DataNode$PacketResponder,INFO,PacketResponder 0 for block blk_2282833575688432184 terminating,E10,PacketResponder <*> for block blk_<*> terminating,0.05,Normal,0
HDFS,910,10-11-2008 21:15,54,UNKNOWN,dfs.DataNode$PacketResponder,INFO,Received block blk_3960527526103274525 of size 67108864 from /10.251.30.134,E11,Received block blk_<*> of size <*> from /<*>,0.05,Normal,0
HDFS,911,10-11-2008 21:15,19,UNKNOWN,dfs.DataNode$DataXceiver,INFO,Receiving block blk_-852118157909078164 src: /10.251.30.101:57254 dest: /10.251.30.101:50010,E13,Receiving block blk_<*> src: /<*>:<*> dest: /<*>:<*>,0.05,Normal,0
HDFS,912,10-11-2008 21:15,18,UNKNOWN,dfs.DataNode,INFO,10.250.15.198:50010 Starting thread to transfer block blk_4292382298896622412 to 10.250.15.240:50010,E2,<*>:<*> Starting thread to transfer block blk_<*> to <*>:<*>,0.05,Normal,0
HDFS,913,10-11-2008 21:17,116,UNKNOWN,dfs.DataNode$PacketResponder,INFO,Received block blk_-185994527242886002 of size 3552954 from /10.251.39.160,E11,Received block blk_<*> of size <*> from /<*>,0.05,Normal,0
HDFS,914,10-11-2008 21:18,68,UNKNOWN,dfs.FSNamesystem,INFO,BLOCK* NameSystem.addStoredBlock: blockMap updated: 10.251.73.188:50010 is added to blk_8761786041973172187 size 67108864,E6,BLOCK* NameSystem.addStoredBlock: blockMap updated: <*>:<*> is added to blk_<*> size <*>,0.05,Normal,0
HDFS,915,10-11-2008 21:19,41,UNKNOWN,dfs.FSNamesystem,INFO,BLOCK* NameSystem.addStoredBlock: blockMap updated: 10.251.70.211:50010 is added to blk_-5471660287004025096 size 67108864,E6,BLOCK* NameSystem.addStoredBlock: blockMap updated: <*>:<*> is added to blk_<*> size <*>,0.05,Normal,0
HDFS,916,10-11-2008 21:20,73,UNKNOWN,dfs.DataNode$PacketResponder,INFO,PacketResponder 1 for block blk_3755116621101133849 terminating,E10,PacketResponder <*> for block blk_<*> terminating,0.05,Normal,0
HDFS,917,10-11-2008 21:20,12,UNKNOWN,dfs.FSNamesystem,INFO,BLOCK* NameSystem.addStoredBlock: blockMap updated: 10.251.39.144:50010 is added to blk_-5542336029922582303 size 67108864,E6,BLOCK* NameSystem.addStoredBlock: blockMap updated: <*>:<*> is added to blk_<*> size <*>,0.05,Normal,0
HDFS,918,10-11-2008 21:21,20,UNKNOWN,dfs.DataNode$PacketResponder,INFO,PacketResponder 0 for block blk_165707910410871749 terminating,E10,PacketResponder <*> for block blk_<*> terminating,0.05,Normal,0
HDFS,919,10-11-2008 21:21,28,UNKNOWN,dfs.DataNode$PacketResponder,INFO,PacketResponder 0 for block blk_2957756905007569214 terminating,E10,PacketResponder <*> for block blk_<*> terminating,0.05,Normal,0
HDFS,920,10-11-2008 21:22,42,UNKNOWN,dfs.DataNode$PacketResponder,INFO,PacketResponder 1 for block blk_4884219613602801814 terminating,E10,PacketResponder <*> for block blk_<*> terminating,0.05,Normal,0
HDFS,921,10-11-2008 21:22,13,UNKNOWN,dfs.DataNode$PacketResponder,INFO,Received block blk_6698851413708497072 of size 67108864 from /10.251.74.134,E11,Received block blk_<*> of size <*> from /<*>,0.05,Normal,0
HDFS,922,10-11-2008 21:22,15,UNKNOWN,dfs.DataNode$PacketResponder,INFO,Received block blk_6730979070070986233 of size 67108864 from /10.251.90.239,E11,Received block blk_<*> of size <*> from /<*>,0.05,Normal,0
HDFS,923,10-11-2008 21:22,9,UNKNOWN,dfs.FSDataset,INFO,Deleting block blk_-468830939205980722 file /mnt/hadoop/dfs/data/current/subdir10/blk_-468830939205980722,E9,Deleting block blk_<*> file /<*>/blk_<*>,0.05,Normal,0
HDFS,924,10-11-2008 21:23,14,UNKNOWN,dfs.DataNode$PacketResponder,INFO,Received block blk_-7056746602297676104 of size 67108864 from /10.251.39.209,E11,Received block blk_<*> of size <*> from /<*>,0.05,Normal,0
HDFS,925,10-11-2008 21:23,17,UNKNOWN,dfs.DataNode$DataXceiver,INFO,Receiving block blk_8473858691873523269 src: /10.250.11.53:60609 dest: /10.250.11.53:50010,E13,Receiving block blk_<*> src: /<*>:<*> dest: /<*>:<*>,0.05,Normal,0
HDFS,926,10-11-2008 21:25,92,UNKNOWN,dfs.DataNode$PacketResponder,INFO,Received block blk_6686361711974377273 of size 3554889 from /10.251.214.130,E11,Received block blk_<*> of size <*> from /<*>,0.05,Normal,0
HDFS,927,10-11-2008 21:25,8,UNKNOWN,dfs.FSNamesystem,INFO,BLOCK* NameSystem.addStoredBlock: blockMap updated: 10.251.123.33:50010 is added to blk_-6442394521537090621 size 67108864,E6,BLOCK* NameSystem.addStoredBlock: blockMap updated: <*>:<*> is added to blk_<*> size <*>,0.05,Normal,0
HDFS,928,10-11-2008 21:25,1,UNKNOWN,dfs.FSNamesystem,INFO,BLOCK* ask 10.250.18.114:50010 to delete  blk_-5140072410813878235,E4,BLOCK* ask <*>:<*> to delete  blk_<*>,0.05,Normal,0
HDFS,929,10-11-2008 21:25,46,UNKNOWN,dfs.FSNamesystem,INFO,BLOCK* NameSystem.addStoredBlock: blockMap updated: 10.251.91.84:50010 is added to blk_6039898256291822367 size 67108864,E6,BLOCK* NameSystem.addStoredBlock: blockMap updated: <*>:<*> is added to blk_<*> size <*>,0.05,Normal,0
HDFS,930,10-11-2008 21:26,48,UNKNOWN,dfs.FSNamesystem,INFO,BLOCK* NameSystem.allocateBlock: /user/root/rand3/_temporary/_task_200811101024_0005_m_000720_0/part-00720. blk_-7988596544606686086,E7,BLOCK* NameSystem.allocateBlock: /<*>/part-<*>. blk_<*>,0.05,Normal,0
HDFS,931,10-11-2008 21:28,107,UNKNOWN,dfs.DataNode$PacketResponder,INFO,PacketResponder 1 for block blk_5729560286355779655 terminating,E10,PacketResponder <*> for block blk_<*> terminating,0.05,Normal,0
HDFS,932,10-11-2008 21:28,20,UNKNOWN,dfs.FSNamesystem,INFO,BLOCK* NameSystem.addStoredBlock: blockMap updated: 10.251.126.5:50010 is added to blk_-989798817617753264 size 67108864,E6,BLOCK* NameSystem.addStoredBlock: blockMap updated: <*>:<*> is added to blk_<*> size <*>,0.05,Normal,0
HDFS,933,10-11-2008 21:29,51,UNKNOWN,dfs.DataNode$PacketResponder,INFO,Received block blk_-2242088550278361724 of size 67108864 from /10.251.123.20,E11,Received block blk_<*> of size <*> from /<*>,0.05,Normal,0
HDFS,934,10-11-2008 21:30,39,UNKNOWN,dfs.DataNode$PacketResponder,INFO,Received block blk_5602895463700536678 of size 67108864 from /10.251.30.179,E11,Received block blk_<*> of size <*> from /<*>,0.05,Normal,0
HDFS,935,10-11-2008 21:30,5,UNKNOWN,dfs.DataNode$DataXceiver,INFO,Receiving block blk_7580930377559819562 src: /10.251.110.68:54793 dest: /10.251.110.68:50010,E13,Receiving block blk_<*> src: /<*>:<*> dest: /<*>:<*>,0.05,Normal,0
HDFS,936,10-11-2008 21:32,115,UNKNOWN,dfs.DataNode$PacketResponder,INFO,PacketResponder 0 for block blk_429279891070363457 terminating,E10,PacketResponder <*> for block blk_<*> terminating,0.05,Normal,0
HDFS,937,10-11-2008 21:33,73,UNKNOWN,dfs.DataNode$PacketResponder,INFO,PacketResponder 0 for block blk_-9132218772786220159 terminating,E10,PacketResponder <*> for block blk_<*> terminating,0.05,Normal,0
HDFS,938,10-11-2008 21:33,17,UNKNOWN,dfs.DataNode$DataXceiver,INFO,Receiving block blk_-2901266958756042716 src: /10.251.110.160:35787 dest: /10.251.110.160:50010,E13,Receiving block blk_<*> src: /<*>:<*> dest: /<*>:<*>,0.05,Normal,0
HDFS,939,10-11-2008 21:34,32,UNKNOWN,dfs.DataNode$PacketResponder,INFO,Received block blk_6323743466920239525 of size 67108864 from /10.250.15.67,E11,Received block blk_<*> of size <*> from /<*>,0.05,Normal,0
HDFS,940,10-11-2008 21:34,11,UNKNOWN,dfs.DataNode$PacketResponder,INFO,PacketResponder 2 for block blk_-7948158002985968470 terminating,E10,PacketResponder <*> for block blk_<*> terminating,0.05,Normal,0
HDFS,941,10-11-2008 21:34,14,UNKNOWN,dfs.DataNode$DataXceiver,INFO,Receiving block blk_-8974021306351083168 src: /10.251.91.15:40699 dest: /10.251.91.15:50010,E13,Receiving block blk_<*> src: /<*>:<*> dest: /<*>:<*>,0.05,Normal,0
HDFS,942,10-11-2008 21:35,46,UNKNOWN,dfs.DataNode$PacketResponder,INFO,PacketResponder 1 for block blk_-4917866339076366459 terminating,E10,PacketResponder <*> for block blk_<*> terminating,0.05,Normal,0
HDFS,943,10-11-2008 21:37,109,UNKNOWN,dfs.FSNamesystem,INFO,BLOCK* NameSystem.addStoredBlock: blockMap updated: 10.251.214.112:50010 is added to blk_8063831442998721547 size 67108864,E6,BLOCK* NameSystem.addStoredBlock: blockMap updated: <*>:<*> is added to blk_<*> size <*>,0.05,Normal,0
HDFS,944,10-11-2008 21:38,53,UNKNOWN,dfs.FSNamesystem,INFO,BLOCK* NameSystem.allocateBlock: /user/root/rand3/_temporary/_task_200811101024_0005_m_001091_0/part-01091. blk_-4468645577339843974,E7,BLOCK* NameSystem.allocateBlock: /<*>/part-<*>. blk_<*>,0.05,Normal,0
HDFS,945,10-11-2008 21:38,12,UNKNOWN,dfs.DataNode$DataXceiver,INFO,Receiving block blk_9121519145462575118 src: /10.250.10.223:58281 dest: /10.250.10.223:50010,E13,Receiving block blk_<*> src: /<*>:<*> dest: /<*>:<*>,0.05,Normal,0
HDFS,946,10-11-2008 21:38,5,UNKNOWN,dfs.DataNode$PacketResponder,INFO,PacketResponder 2 for block blk_-6773301007994789531 terminating,E10,PacketResponder <*> for block blk_<*> terminating,0.05,Normal,0
HDFS,947,10-11-2008 21:38,21,UNKNOWN,dfs.DataNode$DataXceiver,INFO,Receiving block blk_-878226404201600469 src: /10.250.7.96:40849 dest: /10.250.7.96:50010,E13,Receiving block blk_<*> src: /<*>:<*> dest: /<*>:<*>,0.05,Normal,0
HDFS,948,10-11-2008 21:39,65,UNKNOWN,dfs.DataNode$PacketResponder,INFO,Received block blk_-6031720401337601269 of size 67108864 from /10.250.10.100,E11,Received block blk_<*> of size <*> from /<*>,0.05,Normal,0
HDFS,949,10-11-2008 21:40,45,UNKNOWN,dfs.FSNamesystem,INFO,BLOCK* NameSystem.addStoredBlock: blockMap updated: 10.251.198.33:50010 is added to blk_-5159573936338473350 size 67108864,E6,BLOCK* NameSystem.addStoredBlock: blockMap updated: <*>:<*> is added to blk_<*> size <*>,0.05,Normal,0
HDFS,950,10-11-2008 21:41,17,UNKNOWN,dfs.DataNode$PacketResponder,INFO,PacketResponder 0 for block blk_-703436021914343546 terminating,E10,PacketResponder <*> for block blk_<*> terminating,0.05,Normal,0
HDFS,951,10-11-2008 21:41,16,UNKNOWN,dfs.DataNode$PacketResponder,INFO,Received block blk_-8641647081502666269 of size 67108864 from /10.250.10.100,E11,Received block blk_<*> of size <*> from /<*>,0.05,Normal,0
HDFS,952,10-11-2008 21:42,69,UNKNOWN,dfs.DataNode$DataXceiver,INFO,Receiving block blk_3542047035353248258 src: /10.250.6.214:59051 dest: /10.250.6.214:50010,E13,Receiving block blk_<*> src: /<*>:<*> dest: /<*>:<*>,0.05,Normal,0
HDFS,953,10-11-2008 21:43,55,UNKNOWN,dfs.DataNode$PacketResponder,INFO,PacketResponder 2 for block blk_-736188013503336717 terminating,E10,PacketResponder <*> for block blk_<*> terminating,0.05,Normal,0
HDFS,954,10-11-2008 21:44,43,UNKNOWN,dfs.DataNode$PacketResponder,INFO,Received block blk_1188202922232921994 of size 67108864 from /10.250.10.100,E11,Received block blk_<*> of size <*> from /<*>,0.05,Normal,0
HDFS,955,10-11-2008 21:45,81,UNKNOWN,dfs.FSNamesystem,INFO,BLOCK* NameSystem.addStoredBlock: blockMap updated: 10.251.195.33:50010 is added to blk_-9049344623659872649 size 67108864,E6,BLOCK* NameSystem.addStoredBlock: blockMap updated: <*>:<*> is added to blk_<*> size <*>,0.05,Normal,0
HDFS,956,10-11-2008 21:46,69,UNKNOWN,dfs.DataNode$PacketResponder,INFO,PacketResponder 0 for block blk_4575129504644372394 terminating,E10,PacketResponder <*> for block blk_<*> terminating,0.05,Normal,0
HDFS,957,10-11-2008 21:48,109,UNKNOWN,dfs.DataNode$DataXceiver,INFO,Receiving block blk_8574493302165689212 src: /10.251.194.245:34656 dest: /10.251.194.245:50010,E13,Receiving block blk_<*> src: /<*>:<*> dest: /<*>:<*>,0.05,Normal,0
HDFS,958,10-11-2008 21:49,44,UNKNOWN,dfs.FSNamesystem,INFO,BLOCK* NameSystem.addStoredBlock: blockMap updated: 10.251.107.19:50010 is added to blk_5574898547439146021 size 67108864,E6,BLOCK* NameSystem.addStoredBlock: blockMap updated: <*>:<*> is added to blk_<*> size <*>,0.05,Normal,0
HDFS,959,10-11-2008 21:50,56,UNKNOWN,dfs.DataNode$PacketResponder,INFO,Received block blk_2474460483915499078 of size 67108864 from /10.251.195.52,E11,Received block blk_<*> of size <*> from /<*>,0.05,Normal,0
HDFS,960,10-11-2008 21:50,54,UNKNOWN,dfs.DataNode$PacketResponder,INFO,Received block blk_7851643274522055587 of size 67108864 from /10.251.214.112,E11,Received block blk_<*> of size <*> from /<*>,0.05,Normal,0
HDFS,961,10-11-2008 21:51,14,UNKNOWN,dfs.DataNode$PacketResponder,INFO,Received block blk_8097409435735325492 of size 67108864 from /10.251.111.209,E11,Received block blk_<*> of size <*> from /<*>,0.05,Normal,0
HDFS,962,10-11-2008 21:51,6,UNKNOWN,dfs.DataNode$PacketResponder,INFO,PacketResponder 2 for block blk_-966013175018359901 terminating,E10,PacketResponder <*> for block blk_<*> terminating,0.05,Normal,0
HDFS,963,10-11-2008 21:52,96,UNKNOWN,dfs.FSNamesystem,INFO,BLOCK* NameSystem.allocateBlock: /user/root/rand3/_temporary/_task_200811101024_0005_m_001655_0/part-01655. blk_-6802153775367591521,E7,BLOCK* NameSystem.allocateBlock: /<*>/part-<*>. blk_<*>,0.05,Normal,0
HDFS,964,10-11-2008 21:53,17,UNKNOWN,dfs.DataNode$PacketResponder,INFO,Received block blk_-3300851862683571086 of size 67108864 from /10.251.203.166,E11,Received block blk_<*> of size <*> from /<*>,0.05,Normal,0
HDFS,965,10-11-2008 21:53,0,UNKNOWN,dfs.FSNamesystem,INFO,BLOCK* NameSystem.addStoredBlock: blockMap updated: 10.251.105.189:50010 is added to blk_-2035996502664501008 size 67108864,E6,BLOCK* NameSystem.addStoredBlock: blockMap updated: <*>:<*> is added to blk_<*> size <*>,0.05,Normal,0
HDFS,966,10-11-2008 21:53,47,UNKNOWN,dfs.DataNode$DataXceiver,INFO,Receiving block blk_8222237992861447018 src: /10.251.203.4:60086 dest: /10.251.203.4:50010,E13,Receiving block blk_<*> src: /<*>:<*> dest: /<*>:<*>,0.05,Normal,0
HDFS,967,10-11-2008 21:55,109,UNKNOWN,dfs.DataNode$DataXceiver,INFO,Receiving block blk_6556854018013706836 src: /10.251.202.134:48721 dest: /10.251.202.134:50010,E13,Receiving block blk_<*> src: /<*>:<*> dest: /<*>:<*>,0.05,Normal,0
HDFS,968,10-11-2008 21:55,0,UNKNOWN,dfs.DataNode$PacketResponder,INFO,Received block blk_8302956190102508375 of size 67108864 from /10.251.109.236,E11,Received block blk_<*> of size <*> from /<*>,0.05,Normal,0
HDFS,969,10-11-2008 21:56,68,UNKNOWN,dfs.DataNode$DataXceiver,INFO,Receiving block blk_-2583370070230800221 src: /10.251.31.160:58714 dest: /10.251.31.160:50010,E13,Receiving block blk_<*> src: /<*>:<*> dest: /<*>:<*>,0.05,Normal,0
HDFS,970,10-11-2008 21:57,28,UNKNOWN,dfs.DataNode$DataXceiver,INFO,Receiving block blk_392347292517057138 src: /10.251.31.160:58721 dest: /10.251.31.160:50010,E13,Receiving block blk_<*> src: /<*>:<*> dest: /<*>:<*>,0.05,Normal,0
HDFS,971,10-11-2008 21:57,4,UNKNOWN,dfs.DataNode$PacketResponder,INFO,PacketResponder 2 for block blk_1639683981444528748 terminating,E10,PacketResponder <*> for block blk_<*> terminating,0.05,Normal,0
HDFS,972,10-11-2008 21:57,0,UNKNOWN,dfs.DataNode$DataXceiver,INFO,Receiving block blk_5525607749827896334 src: /10.251.66.102:33326 dest: /10.251.66.102:50010,E13,Receiving block blk_<*> src: /<*>:<*> dest: /<*>:<*>,0.05,Normal,0
HDFS,973,10-11-2008 21:58,40,UNKNOWN,dfs.DataNode$PacketResponder,INFO,PacketResponder 0 for block blk_6809155287484296510 terminating,E10,PacketResponder <*> for block blk_<*> terminating,0.05,Normal,0
HDFS,974,10-11-2008 21:58,7,UNKNOWN,dfs.DataNode$PacketResponder,INFO,PacketResponder 2 for block blk_-5908283405801966540 terminating,E10,PacketResponder <*> for block blk_<*> terminating,0.05,Normal,0
HDFS,975,10-11-2008 21:58,4,UNKNOWN,dfs.FSNamesystem,INFO,BLOCK* NameSystem.allocateBlock: /user/root/rand3/_temporary/_task_200811101024_0005_m_001824_0/part-01824. blk_-4654885003331291932,E7,BLOCK* NameSystem.allocateBlock: /<*>/part-<*>. blk_<*>,0.05,Normal,0
HDFS,976,10-11-2008 22:00,112,UNKNOWN,dfs.DataNode$PacketResponder,INFO,Received block blk_-8923698979247229952 of size 67108864 from /10.251.90.239,E11,Received block blk_<*> of size <*> from /<*>,0.05,Normal,0
HDFS,977,10-11-2008 22:00,33,UNKNOWN,dfs.FSNamesystem,INFO,BLOCK* NameSystem.addStoredBlock: blockMap updated: 10.251.91.84:50010 is added to blk_-2321016155994168744 size 67108864,E6,BLOCK* NameSystem.addStoredBlock: blockMap updated: <*>:<*> is added to blk_<*> size <*>,0.05,Normal,0
HDFS,978,10-11-2008 22:01,66,UNKNOWN,dfs.DataNode$PacketResponder,INFO,Received block blk_-2151458111813215098 of size 67108864 from /10.250.9.207,E11,Received block blk_<*> of size <*> from /<*>,0.05,Normal,0
HDFS,979,10-11-2008 22:02,50,UNKNOWN,dfs.DataNode$PacketResponder,INFO,PacketResponder 0 for block blk_-1733154814375651491 terminating,E10,PacketResponder <*> for block blk_<*> terminating,0.05,Normal,0
HDFS,980,10-11-2008 22:03,34,UNKNOWN,dfs.DataNode$DataXceiver,INFO,Receiving block blk_-3187293586306086277 src: /10.251.35.1:50933 dest: /10.251.35.1:50010,E13,Receiving block blk_<*> src: /<*>:<*> dest: /<*>:<*>,0.05,Normal,0
HDFS,981,10-11-2008 22:03,2,UNKNOWN,dfs.DataNode$DataXceiver,INFO,Receiving block blk_-7914996925059840931 src: /10.251.91.15:59714 dest: /10.251.91.15:50010,E13,Receiving block blk_<*> src: /<*>:<*> dest: /<*>:<*>,0.05,Normal,0
HDFS,982,10-11-2008 22:03,36,UNKNOWN,dfs.DataNode$PacketResponder,INFO,Received block blk_5379939266348893280 of size 67108864 from /10.251.66.63,E11,Received block blk_<*> of size <*> from /<*>,0.05,Normal,0
HDFS,983,10-11-2008 22:06,156,UNKNOWN,dfs.FSNamesystem,INFO,BLOCK* NameSystem.delete: blk_8981795097778421111 is added to invalidSet of 10.251.194.129:50010,E8,BLOCK* NameSystem.delete: blk_<*> is added to invalidSet of <*>:<*>,0.05,Normal,0
HDFS,984,10-11-2008 22:06,4,UNKNOWN,dfs.FSNamesystem,INFO,BLOCK* NameSystem.delete: blk_1979447750586388860 is added to invalidSet of 10.251.215.192:50010,E8,BLOCK* NameSystem.delete: blk_<*> is added to invalidSet of <*>:<*>,0.05,Normal,0
HDFS,985,10-11-2008 22:06,6,UNKNOWN,dfs.FSNamesystem,INFO,BLOCK* NameSystem.delete: blk_3332848207645320273 is added to invalidSet of 10.251.90.64:50010,E8,BLOCK* NameSystem.delete: blk_<*> is added to invalidSet of <*>:<*>,0.05,Normal,0
HDFS,986,10-11-2008 22:06,0,UNKNOWN,dfs.FSNamesystem,INFO,BLOCK* NameSystem.delete: blk_6881216037013929188 is added to invalidSet of 10.251.91.32:50010,E8,BLOCK* NameSystem.delete: blk_<*> is added to invalidSet of <*>:<*>,0.05,Normal,0
HDFS,987,10-11-2008 22:06,1,UNKNOWN,dfs.FSNamesystem,INFO,BLOCK* NameSystem.delete: blk_7541621664406141215 is added to invalidSet of 10.251.214.32:50010,E8,BLOCK* NameSystem.delete: blk_<*> is added to invalidSet of <*>:<*>,0.05,Normal,0
HDFS,988,10-11-2008 22:06,8,UNKNOWN,dfs.FSNamesystem,INFO,BLOCK* NameSystem.delete: blk_-1680175975862749862 is added to invalidSet of 10.250.14.38:50010,E8,BLOCK* NameSystem.delete: blk_<*> is added to invalidSet of <*>:<*>,0.05,Normal,0
HDFS,989,10-11-2008 22:06,1,UNKNOWN,dfs.FSNamesystem,INFO,BLOCK* NameSystem.delete: blk_5176179471361959897 is added to invalidSet of 10.250.9.207:50010,E8,BLOCK* NameSystem.delete: blk_<*> is added to invalidSet of <*>:<*>,0.05,Normal,0
HDFS,990,10-11-2008 22:06,2,UNKNOWN,dfs.FSNamesystem,INFO,BLOCK* NameSystem.delete: blk_-4385347171136037814 is added to invalidSet of 10.251.67.113:50010,E8,BLOCK* NameSystem.delete: blk_<*> is added to invalidSet of <*>:<*>,0.05,Normal,0
HDFS,991,10-11-2008 22:06,0,UNKNOWN,dfs.FSNamesystem,INFO,BLOCK* NameSystem.delete: blk_8384329882986724706 is added to invalidSet of 10.251.123.195:50010,E8,BLOCK* NameSystem.delete: blk_<*> is added to invalidSet of <*>:<*>,0.05,Normal,0
HDFS,992,10-11-2008 22:06,2,UNKNOWN,dfs.FSNamesystem,INFO,BLOCK* NameSystem.delete: blk_6392434729242722288 is added to invalidSet of 10.251.30.134:50010,E8,BLOCK* NameSystem.delete: blk_<*> is added to invalidSet of <*>:<*>,0.05,Normal,0
HDFS,993,10-11-2008 22:06,1,UNKNOWN,dfs.FSNamesystem,INFO,BLOCK* NameSystem.delete: blk_1714886759174770356 is added to invalidSet of 10.251.31.5:50010,E8,BLOCK* NameSystem.delete: blk_<*> is added to invalidSet of <*>:<*>,0.05,Normal,0
HDFS,994,10-11-2008 22:06,0,UNKNOWN,dfs.FSNamesystem,INFO,BLOCK* NameSystem.delete: blk_7400944190976416273 is added to invalidSet of 10.251.127.243:50010,E8,BLOCK* NameSystem.delete: blk_<*> is added to invalidSet of <*>:<*>,0.05,Normal,0
HDFS,995,10-11-2008 22:06,0,UNKNOWN,dfs.FSNamesystem,INFO,BLOCK* NameSystem.delete: blk_8442157310069672329 is added to invalidSet of 10.251.39.64:50010,E8,BLOCK* NameSystem.delete: blk_<*> is added to invalidSet of <*>:<*>,0.05,Normal,0
HDFS,996,10-11-2008 22:06,2,UNKNOWN,dfs.FSNamesystem,INFO,BLOCK* NameSystem.delete: blk_-5624558200776510955 is added to invalidSet of 10.251.107.242:50010,E8,BLOCK* NameSystem.delete: blk_<*> is added to invalidSet of <*>:<*>,0.05,Normal,0
HDFS,997,10-11-2008 22:06,2,UNKNOWN,dfs.FSNamesystem,INFO,BLOCK* NameSystem.delete: blk_1481009974400305784 is added to invalidSet of 10.251.39.242:50010,E8,BLOCK* NameSystem.delete: blk_<*> is added to invalidSet of <*>:<*>,0.05,Normal,0
HDFS,998,10-11-2008 22:06,0,UNKNOWN,dfs.FSNamesystem,INFO,BLOCK* NameSystem.delete: blk_355286618997526877 is added to invalidSet of 10.250.7.32:50010,E8,BLOCK* NameSystem.delete: blk_<*> is added to invalidSet of <*>:<*>,0.05,Normal,0
HDFS,999,10-11-2008 22:06,0,UNKNOWN,dfs.FSNamesystem,INFO,BLOCK* NameSystem.delete: blk_-7369651436133452001 is added to invalidSet of 10.251.127.191:50010,E8,BLOCK* NameSystem.delete: blk_<*> is added to invalidSet of <*>:<*>,0.05,Normal,0
HDFS,1000,10-11-2008 22:06,1,UNKNOWN,dfs.FSNamesystem,INFO,BLOCK* NameSystem.delete: blk_-8353423262983821010 is added to invalidSet of 10.251.39.209:50010,E8,BLOCK* NameSystem.delete: blk_<*> is added to invalidSet of <*>:<*>,0.05,Normal,0
HDFS,1001,10-11-2008 22:06,2,UNKNOWN,dfs.FSNamesystem,INFO,BLOCK* NameSystem.delete: blk_7017399031777870797 is added to invalidSet of 10.250.5.161:50010,E8,BLOCK* NameSystem.delete: blk_<*> is added to invalidSet of <*>:<*>,0.05,Normal,0
HDFS,1002,10-11-2008 22:07,10,UNKNOWN,dfs.FSDataset,INFO,Deleting block blk_-6891122177443047531 file /mnt/hadoop/dfs/data/current/subdir36/blk_-6891122177443047531,E9,Deleting block blk_<*> file /<*>/blk_<*>,0.05,Normal,0
HDFS,1003,10-11-2008 22:07,3,UNKNOWN,dfs.FSNamesystem,INFO,BLOCK* NameSystem.allocateBlock: /user/root/randtxt3/_temporary/_task_200811101024_0007_m_000190_0/part-00190. blk_641646158310569454,E7,BLOCK* NameSystem.allocateBlock: /<*>/part-<*>. blk_<*>,0.05,Normal,0
HDFS,1004,10-11-2008 22:07,38,UNKNOWN,dfs.FSDataset,INFO,Deleting block blk_-9171930401624803515 file /mnt/hadoop/dfs/data/current/subdir56/blk_-9171930401624803515,E9,Deleting block blk_<*> file /<*>/blk_<*>,0.05,Normal,0
HDFS,1005,10-11-2008 22:08,12,UNKNOWN,dfs.FSNamesystem,INFO,BLOCK* NameSystem.addStoredBlock: blockMap updated: 10.251.42.84:50010 is added to blk_5938666289587069744 size 67108864,E6,BLOCK* NameSystem.addStoredBlock: blockMap updated: <*>:<*> is added to blk_<*> size <*>,0.05,Normal,0
HDFS,1006,10-11-2008 22:08,3,UNKNOWN,dfs.FSDataset,INFO,Deleting block blk_-8294986551316947211 file /mnt/hadoop/dfs/data/current/subdir34/blk_-8294986551316947211,E9,Deleting block blk_<*> file /<*>/blk_<*>,0.05,Normal,0
HDFS,1007,10-11-2008 22:08,7,UNKNOWN,dfs.FSDataset,INFO,Deleting block blk_-5718504625725408070 file /mnt/hadoop/dfs/data/current/blk_-5718504625725408070,E9,Deleting block blk_<*> file /<*>/blk_<*>,0.05,Normal,0
HDFS,1008,10-11-2008 22:08,19,UNKNOWN,dfs.FSNamesystem,INFO,BLOCK* NameSystem.allocateBlock: /user/root/randtxt3/_temporary/_task_200811101024_0007_m_000374_0/part-00374. blk_-1941312615450572331,E7,BLOCK* NameSystem.allocateBlock: /<*>/part-<*>. blk_<*>,0.05,Normal,0
HDFS,1009,10-11-2008 22:08,23,UNKNOWN,dfs.FSDataset,INFO,Deleting block blk_2353918919834315845 file /mnt/hadoop/dfs/data/current/subdir35/blk_2353918919834315845,E9,Deleting block blk_<*> file /<*>/blk_<*>,0.05,Normal,0
HDFS,1010,10-11-2008 22:09,14,UNKNOWN,dfs.FSDataset,INFO,Deleting block blk_391507259220628397 file /mnt/hadoop/dfs/data/current/blk_391507259220628397,E9,Deleting block blk_<*> file /<*>/blk_<*>,0.05,Normal,0
HDFS,1011,10-11-2008 22:09,2,UNKNOWN,dfs.FSDataset,INFO,Deleting block blk_-1263913006422225885 file /mnt/hadoop/dfs/data/current/subdir2/blk_-1263913006422225885,E9,Deleting block blk_<*> file /<*>/blk_<*>,0.05,Normal,0
HDFS,1012,10-11-2008 22:09,2,UNKNOWN,dfs.FSDataset,INFO,Deleting block blk_6542592144596063478 file /mnt/hadoop/dfs/data/current/subdir35/blk_6542592144596063478,E9,Deleting block blk_<*> file /<*>/blk_<*>,0.05,Normal,0
HDFS,1013,10-11-2008 22:09,5,UNKNOWN,dfs.DataNode$DataXceiver,INFO,Receiving block blk_-4473277914543734578 src: /10.251.215.16:34762 dest: /10.251.215.16:50010,E13,Receiving block blk_<*> src: /<*>:<*> dest: /<*>:<*>,0.05,Normal,0
HDFS,1014,10-11-2008 22:09,5,UNKNOWN,dfs.FSDataset,INFO,Deleting block blk_1689772850125323349 file /mnt/hadoop/dfs/data/current/subdir27/blk_1689772850125323349,E9,Deleting block blk_<*> file /<*>/blk_<*>,0.05,Normal,0
HDFS,1015,10-11-2008 22:09,2,UNKNOWN,dfs.FSDataset,INFO,Deleting block blk_8615522912610884162 file /mnt/hadoop/dfs/data/current/subdir35/blk_8615522912610884162,E9,Deleting block blk_<*> file /<*>/blk_<*>,0.05,Normal,0
HDFS,1016,10-11-2008 22:09,2,UNKNOWN,dfs.FSDataset,INFO,Deleting block blk_107727140948970996 file /mnt/hadoop/dfs/data/current/subdir33/blk_107727140948970996,E9,Deleting block blk_<*> file /<*>/blk_<*>,0.05,Normal,0
HDFS,1017,10-11-2008 22:09,11,UNKNOWN,dfs.FSDataset,INFO,Deleting block blk_-1598760065436384831 file /mnt/hadoop/dfs/data/current/subdir53/blk_-1598760065436384831,E9,Deleting block blk_<*> file /<*>/blk_<*>,0.05,Normal,0
HDFS,1018,10-11-2008 22:09,19,UNKNOWN,dfs.FSDataset,INFO,Deleting block blk_8950932638808086257 file /mnt/hadoop/dfs/data/current/subdir18/blk_8950932638808086257,E9,Deleting block blk_<*> file /<*>/blk_<*>,0.05,Normal,0
HDFS,1019,10-11-2008 22:10,38,UNKNOWN,dfs.DataNode$PacketResponder,INFO,Received block blk_-8835758154471700679 of size 67108864 from /10.251.73.188,E11,Received block blk_<*> of size <*> from /<*>,0.05,Normal,0
HDFS,1020,10-11-2008 22:10,5,UNKNOWN,dfs.DataNode$DataXceiver,INFO,Receiving block blk_323887415551221572 src: /10.251.39.144:46278 dest: /10.251.39.144:50010,E13,Receiving block blk_<*> src: /<*>:<*> dest: /<*>:<*>,0.05,Normal,0
HDFS,1021,10-11-2008 22:11,47,UNKNOWN,dfs.DataNode$PacketResponder,INFO,Received block blk_231502148921342925 of size 67108864 from /10.251.215.192,E11,Received block blk_<*> of size <*> from /<*>,0.05,Normal,0
HDFS,1022,10-11-2008 22:11,9,UNKNOWN,dfs.DataNode$PacketResponder,INFO,PacketResponder 2 for block blk_1349228381785843634 terminating,E10,PacketResponder <*> for block blk_<*> terminating,0.05,Normal,0
HDFS,1023,10-11-2008 22:12,38,UNKNOWN,dfs.FSNamesystem,INFO,BLOCK* NameSystem.allocateBlock: /user/root/randtxt3/_temporary/_task_200811101024_0007_m_000186_0/part-00186. blk_-6754647973871368247,E7,BLOCK* NameSystem.allocateBlock: /<*>/part-<*>. blk_<*>,0.05,Normal,0
HDFS,1024,10-11-2008 22:12,41,UNKNOWN,dfs.DataNode$DataXceiver,INFO,Receiving block blk_-7539658633533020967 src: /10.250.5.161:52151 dest: /10.250.5.161:50010,E13,Receiving block blk_<*> src: /<*>:<*> dest: /<*>:<*>,0.05,Normal,0
HDFS,1025,10-11-2008 22:13,50,UNKNOWN,dfs.DataNode$PacketResponder,INFO,Received block blk_6406847509870023726 of size 67108864 from /10.251.106.50,E11,Received block blk_<*> of size <*> from /<*>,0.05,Normal,0
HDFS,1026,10-11-2008 22:14,64,UNKNOWN,dfs.FSNamesystem,INFO,BLOCK* NameSystem.addStoredBlock: blockMap updated: 10.251.43.115:50010 is added to blk_-7893636450787030202 size 67108864,E6,BLOCK* NameSystem.addStoredBlock: blockMap updated: <*>:<*> is added to blk_<*> size <*>,0.05,Normal,0
HDFS,1027,10-11-2008 22:16,126,UNKNOWN,dfs.DataNode$PacketResponder,INFO,Received block blk_-5777981614298940026 of size 67108864 from /10.251.214.67,E11,Received block blk_<*> of size <*> from /<*>,0.05,Normal,0
HDFS,1028,10-11-2008 22:18,70,UNKNOWN,dfs.DataNode$PacketResponder,INFO,Received block blk_4231049049582051919 of size 28496610 from /10.250.19.227,E11,Received block blk_<*> of size <*> from /<*>,0.05,Normal,0
HDFS,1029,10-11-2008 22:19,89,UNKNOWN,dfs.FSNamesystem,INFO,BLOCK* ask 10.251.122.79:50010 to delete  blk_8048594464172649365,E4,BLOCK* ask <*>:<*> to delete  blk_<*>,0.05,Normal,0
HDFS,1030,10-11-2008 22:19,11,UNKNOWN,dfs.DataNode$DataXceiver,INFO,Receiving block blk_4414644179961808738 src: /10.251.107.98:46161 dest: /10.251.107.98:50010,E13,Receiving block blk_<*> src: /<*>:<*> dest: /<*>:<*>,0.05,Normal,0
HDFS,1031,10-11-2008 22:20,56,UNKNOWN,dfs.DataNode$DataXceiver,INFO,Receiving block blk_7661189768086976193 src: /10.251.195.52:56915 dest: /10.251.195.52:50010,E13,Receiving block blk_<*> src: /<*>:<*> dest: /<*>:<*>,0.05,Normal,0
HDFS,1032,10-11-2008 22:20,13,UNKNOWN,dfs.DataNode$PacketResponder,INFO,PacketResponder 1 for block blk_-7170175035335391571 terminating,E10,PacketResponder <*> for block blk_<*> terminating,0.05,Normal,0
HDFS,1033,10-11-2008 22:21,38,UNKNOWN,dfs.FSNamesystem,INFO,BLOCK* NameSystem.addStoredBlock: blockMap updated: 10.250.15.198:50010 is added to blk_4992622607400168655 size 67108864,E6,BLOCK* NameSystem.addStoredBlock: blockMap updated: <*>:<*> is added to blk_<*> size <*>,0.05,Normal,0
HDFS,1034,10-11-2008 22:22,51,UNKNOWN,dfs.DataNode$PacketResponder,INFO,PacketResponder 1 for block blk_8971893898579544235 terminating,E10,PacketResponder <*> for block blk_<*> terminating,0.05,Normal,0
HDFS,1035,10-11-2008 22:23,60,UNKNOWN,dfs.DataNode$DataXceiver,INFO,Receiving block blk_-7418372263556457716 src: /10.251.89.155:53560 dest: /10.251.89.155:50010,E13,Receiving block blk_<*> src: /<*>:<*> dest: /<*>:<*>,0.05,Normal,0
HDFS,1036,10-11-2008 22:24,52,UNKNOWN,dfs.DataNode$DataXceiver,INFO,Receiving block blk_-3417101330634563680 src: /10.251.110.68:44200 dest: /10.251.110.68:50010,E13,Receiving block blk_<*> src: /<*>:<*> dest: /<*>:<*>,0.05,Normal,0
HDFS,1037,10-11-2008 22:24,42,UNKNOWN,dfs.DataNode$PacketResponder,INFO,Received block blk_4294115716822011564 of size 67108864 from /10.251.43.210,E11,Received block blk_<*> of size <*> from /<*>,0.05,Normal,0
HDFS,1038,10-11-2008 22:24,4,UNKNOWN,dfs.FSNamesystem,INFO,BLOCK* NameSystem.addStoredBlock: blockMap updated: 10.251.39.160:50010 is added to blk_1865953191447352631 size 67108864,E6,BLOCK* NameSystem.addStoredBlock: blockMap updated: <*>:<*> is added to blk_<*> size <*>,0.05,Normal,0
HDFS,1039,10-11-2008 22:25,12,UNKNOWN,dfs.DataNode$DataXceiver,INFO,Receiving block blk_2147212041377545584 src: /10.251.75.49:34485 dest: /10.251.75.49:50010,E13,Receiving block blk_<*> src: /<*>:<*> dest: /<*>:<*>,0.05,Normal,0
HDFS,1040,10-11-2008 22:25,1,UNKNOWN,dfs.DataNode$PacketResponder,INFO,PacketResponder 0 for block blk_708101772844351082 terminating,E10,PacketResponder <*> for block blk_<*> terminating,0.05,Normal,0
HDFS,1041,10-11-2008 22:25,17,UNKNOWN,dfs.DataNode$PacketResponder,INFO,PacketResponder 0 for block blk_-5610308397633191834 terminating,E10,PacketResponder <*> for block blk_<*> terminating,0.05,Normal,0
HDFS,1042,10-11-2008 22:26,52,UNKNOWN,dfs.DataNode$PacketResponder,INFO,PacketResponder 2 for block blk_-7159695919045792245 terminating,E10,PacketResponder <*> for block blk_<*> terminating,0.05,Normal,0
HDFS,1043,10-11-2008 22:27,51,UNKNOWN,dfs.FSNamesystem,INFO,BLOCK* NameSystem.addStoredBlock: blockMap updated: 10.251.71.68:50010 is added to blk_8850044049297409379 size 67108864,E6,BLOCK* NameSystem.addStoredBlock: blockMap updated: <*>:<*> is added to blk_<*> size <*>,0.05,Normal,0
HDFS,1044,10-11-2008 22:29,154,UNKNOWN,dfs.FSNamesystem,INFO,BLOCK* NameSystem.allocateBlock: /user/root/randtxt3/_temporary/_task_200811101024_0007_m_000585_0/part-00585. blk_8561332122820208519,E7,BLOCK* NameSystem.allocateBlock: /<*>/part-<*>. blk_<*>,0.05,Normal,0
HDFS,1045,10-11-2008 22:29,2,UNKNOWN,dfs.FSNamesystem,INFO,BLOCK* NameSystem.addStoredBlock: blockMap updated: 10.251.67.113:50010 is added to blk_-8393060055740236791 size 67108864,E6,BLOCK* NameSystem.addStoredBlock: blockMap updated: <*>:<*> is added to blk_<*> size <*>,0.05,Normal,0
HDFS,1046,10-11-2008 22:29,3,UNKNOWN,dfs.FSNamesystem,INFO,BLOCK* NameSystem.addStoredBlock: blockMap updated: 10.251.122.38:50010 is added to blk_-5861348317118763621 size 28500222,E6,BLOCK* NameSystem.addStoredBlock: blockMap updated: <*>:<*> is added to blk_<*> size <*>,0.05,Normal,0
HDFS,1047,10-11-2008 22:30,9,UNKNOWN,dfs.DataNode$PacketResponder,INFO,Received block blk_5174461779237739025 of size 67108864 from /10.250.14.143,E11,Received block blk_<*> of size <*> from /<*>,0.05,Normal,0
HDFS,1048,10-11-2008 22:30,2,UNKNOWN,dfs.DataNode$DataXceiver,INFO,Receiving block blk_1463530401988623658 src: /10.251.111.37:41293 dest: /10.251.111.37:50010,E13,Receiving block blk_<*> src: /<*>:<*> dest: /<*>:<*>,0.05,Normal,0
HDFS,1049,10-11-2008 22:30,30,UNKNOWN,dfs.DataNode$PacketResponder,INFO,Received block blk_-8377763431920892140 of size 67108864 from /10.250.6.223,E11,Received block blk_<*> of size <*> from /<*>,0.05,Normal,0
HDFS,1050,10-11-2008 22:31,36,UNKNOWN,dfs.DataNode$DataXceiver,INFO,Receiving block blk_-1728983474612515818 src: /10.251.70.211:39459 dest: /10.251.70.211:50010,E13,Receiving block blk_<*> src: /<*>:<*> dest: /<*>:<*>,0.05,Normal,0
HDFS,1051,10-11-2008 22:31,32,UNKNOWN,dfs.DataNode$DataXceiver,INFO,Receiving block blk_8007544297333060851 src: /10.251.90.134:47340 dest: /10.251.90.134:50010,E13,Receiving block blk_<*> src: /<*>:<*> dest: /<*>:<*>,0.05,Normal,0
HDFS,1052,10-11-2008 22:32,26,UNKNOWN,dfs.FSNamesystem,INFO,BLOCK* NameSystem.addStoredBlock: blockMap updated: 10.250.7.230:50010 is added to blk_6238543795209416553 size 67108864,E6,BLOCK* NameSystem.addStoredBlock: blockMap updated: <*>:<*> is added to blk_<*> size <*>,0.05,Normal,0
HDFS,1053,10-11-2008 22:33,65,UNKNOWN,dfs.DataNode$DataXceiver,INFO,Receiving block blk_4599950495841528213 src: /10.251.194.102:59433 dest: /10.251.194.102:50010,E13,Receiving block blk_<*> src: /<*>:<*> dest: /<*>:<*>,0.05,Normal,0
HDFS,1054,10-11-2008 22:34,59,UNKNOWN,dfs.DataNode$PacketResponder,INFO,Received block blk_-8524952715666214329 of size 67108864 from /10.251.90.64,E11,Received block blk_<*> of size <*> from /<*>,0.05,Normal,0
HDFS,1055,10-11-2008 22:36,125,UNKNOWN,dfs.FSNamesystem,INFO,BLOCK* NameSystem.addStoredBlock: blockMap updated: 10.251.127.243:50010 is added to blk_-5882295985950637419 size 67108864,E6,BLOCK* NameSystem.addStoredBlock: blockMap updated: <*>:<*> is added to blk_<*> size <*>,0.05,Normal,0
HDFS,1056,10-11-2008 22:36,8,UNKNOWN,dfs.DataNode$PacketResponder,INFO,Received block blk_-1485109068671160157 of size 67108864 from /10.251.71.68,E11,Received block blk_<*> of size <*> from /<*>,0.05,Normal,0
HDFS,1057,10-11-2008 22:38,99,UNKNOWN,dfs.DataNode$PacketResponder,INFO,Received block blk_3586596428873150919 of size 67108864 from /10.251.26.131,E11,Received block blk_<*> of size <*> from /<*>,0.05,Normal,0
HDFS,1058,10-11-2008 22:38,31,UNKNOWN,dfs.DataNode$DataXceiver,INFO,Receiving block blk_-7815259387557421424 src: /10.250.13.240:50649 dest: /10.250.13.240:50010,E13,Receiving block blk_<*> src: /<*>:<*> dest: /<*>:<*>,0.05,Normal,0
HDFS,1059,10-11-2008 22:38,16,UNKNOWN,dfs.DataNode$DataXceiver,INFO,Receiving block blk_3358274959811806117 src: /10.251.106.214:51334 dest: /10.251.106.214:50010,E13,Receiving block blk_<*> src: /<*>:<*> dest: /<*>:<*>,0.05,Normal,0
HDFS,1060,10-11-2008 22:38,5,UNKNOWN,dfs.FSNamesystem,INFO,BLOCK* NameSystem.addStoredBlock: blockMap updated: 10.251.90.239:50010 is added to blk_-5927343391895571936 size 67108864,E6,BLOCK* NameSystem.addStoredBlock: blockMap updated: <*>:<*> is added to blk_<*> size <*>,0.05,Normal,0
HDFS,1061,10-11-2008 22:39,11,UNKNOWN,dfs.DataNode$DataXceiver,INFO,Receiving block blk_8907528844412790999 src: /10.251.126.227:42572 dest: /10.251.126.227:50010,E13,Receiving block blk_<*> src: /<*>:<*> dest: /<*>:<*>,0.05,Normal,0
HDFS,1062,10-11-2008 22:40,114,UNKNOWN,dfs.DataNode$PacketResponder,INFO,PacketResponder 2 for block blk_5262186175243998904 terminating,E10,PacketResponder <*> for block blk_<*> terminating,0.05,Normal,0
HDFS,1063,10-11-2008 22:41,55,UNKNOWN,dfs.FSNamesystem,INFO,BLOCK* NameSystem.addStoredBlock: blockMap updated: 10.251.215.192:50010 is added to blk_-1704027189958470814 size 67108864,E6,BLOCK* NameSystem.addStoredBlock: blockMap updated: <*>:<*> is added to blk_<*> size <*>,0.05,Normal,0
HDFS,1064,10-11-2008 22:42,15,UNKNOWN,dfs.DataNode$DataXceiver,INFO,Receiving block blk_-337665304078248571 src: /10.251.106.37:55462 dest: /10.251.106.37:50010,E13,Receiving block blk_<*> src: /<*>:<*> dest: /<*>:<*>,0.05,Normal,0
HDFS,1065,10-11-2008 22:42,3,UNKNOWN,dfs.FSNamesystem,INFO,BLOCK* NameSystem.addStoredBlock: blockMap updated: 10.251.106.50:50010 is added to blk_-2023442822091562967 size 67108864,E6,BLOCK* NameSystem.addStoredBlock: blockMap updated: <*>:<*> is added to blk_<*> size <*>,0.05,Normal,0
HDFS,1066,10-11-2008 22:42,6,UNKNOWN,dfs.FSNamesystem,INFO,BLOCK* NameSystem.addStoredBlock: blockMap updated: 10.251.198.196:50010 is added to blk_1779145401405339993 size 28499417,E6,BLOCK* NameSystem.addStoredBlock: blockMap updated: <*>:<*> is added to blk_<*> size <*>,0.05,Normal,0
HDFS,1067,10-11-2008 22:43,80,UNKNOWN,dfs.FSNamesystem,INFO,BLOCK* NameSystem.addStoredBlock: blockMap updated: 10.251.199.159:50010 is added to blk_7705518309270121951 size 67108864,E6,BLOCK* NameSystem.addStoredBlock: blockMap updated: <*>:<*> is added to blk_<*> size <*>,0.05,Normal,0
HDFS,1068,10-11-2008 22:44,59,UNKNOWN,dfs.DataNode$PacketResponder,INFO,PacketResponder 1 for block blk_-9120005470237070778 terminating,E10,PacketResponder <*> for block blk_<*> terminating,0.05,Normal,0
HDFS,1069,10-11-2008 22:45,27,UNKNOWN,dfs.FSNamesystem,INFO,BLOCK* NameSystem.addStoredBlock: blockMap updated: 10.250.7.32:50010 is added to blk_3849239820458663566 size 67108864,E6,BLOCK* NameSystem.addStoredBlock: blockMap updated: <*>:<*> is added to blk_<*> size <*>,0.05,Normal,0
HDFS,1070,10-11-2008 22:46,88,UNKNOWN,dfs.DataNode$DataXceiver,INFO,Receiving block blk_-1657856234642335063 src: /10.251.38.197:44516 dest: /10.251.38.197:50010,E13,Receiving block blk_<*> src: /<*>:<*> dest: /<*>:<*>,0.05,Normal,0
HDFS,1071,10-11-2008 22:46,4,UNKNOWN,dfs.DataNode$PacketResponder,INFO,Received block blk_6490003020931145707 of size 67108864 from /10.251.42.246,E11,Received block blk_<*> of size <*> from /<*>,0.05,Normal,0
HDFS,1072,10-11-2008 22:46,1,UNKNOWN,dfs.DataNode$PacketResponder,INFO,PacketResponder 2 for block blk_6048652012880073760 terminating,E10,PacketResponder <*> for block blk_<*> terminating,0.05,Normal,0
HDFS,1073,10-11-2008 22:46,15,UNKNOWN,dfs.DataNode$PacketResponder,INFO,Received block blk_5648034804629064273 of size 67108864 from /10.251.91.159,E11,Received block blk_<*> of size <*> from /<*>,0.05,Normal,0
HDFS,1074,10-11-2008 22:47,40,UNKNOWN,dfs.DataNode$PacketResponder,INFO,PacketResponder 1 for block blk_5912213716795619450 terminating,E10,PacketResponder <*> for block blk_<*> terminating,0.05,Normal,0
HDFS,1075,10-11-2008 22:47,14,UNKNOWN,dfs.DataNode$PacketResponder,INFO,Received block blk_-5534560875087182998 of size 67108864 from /10.250.7.230,E11,Received block blk_<*> of size <*> from /<*>,0.05,Normal,0
HDFS,1076,10-11-2008 22:47,9,UNKNOWN,dfs.FSNamesystem,INFO,BLOCK* NameSystem.allocateBlock: /user/root/randtxt3/_temporary/_task_200811101024_0007_m_001560_0/part-01560. blk_3376391218693716925,E7,BLOCK* NameSystem.allocateBlock: /<*>/part-<*>. blk_<*>,0.05,Normal,0
HDFS,1077,10-11-2008 22:48,22,UNKNOWN,dfs.DataNode$PacketResponder,INFO,PacketResponder 2 for block blk_2691304991047255190 terminating,E10,PacketResponder <*> for block blk_<*> terminating,0.05,Normal,0
HDFS,1078,10-11-2008 22:49,75,UNKNOWN,dfs.FSNamesystem,INFO,BLOCK* NameSystem.allocateBlock: /user/root/randtxt3/_temporary/_task_200811101024_0007_m_001230_0/part-01230. blk_8708862520108736953,E7,BLOCK* NameSystem.allocateBlock: /<*>/part-<*>. blk_<*>,0.05,Normal,0
HDFS,1079,10-11-2008 22:49,6,UNKNOWN,dfs.FSNamesystem,INFO,BLOCK* NameSystem.addStoredBlock: blockMap updated: 10.251.75.79:50010 is added to blk_-5718873743060788176 size 67108864,E6,BLOCK* NameSystem.addStoredBlock: blockMap updated: <*>:<*> is added to blk_<*> size <*>,0.05,Normal,0
HDFS,1080,10-11-2008 22:49,20,UNKNOWN,dfs.DataNode$DataXceiver,INFO,Receiving block blk_-2989288139685694818 src: /10.250.19.227:60160 dest: /10.250.19.227:50010,E13,Receiving block blk_<*> src: /<*>:<*> dest: /<*>:<*>,0.05,Normal,0
HDFS,1081,10-11-2008 22:50,58,UNKNOWN,dfs.DataNode$DataXceiver,INFO,Receiving block blk_6245594177708848366 src: /10.250.15.198:46793 dest: /10.250.15.198:50010,E13,Receiving block blk_<*> src: /<*>:<*> dest: /<*>:<*>,0.05,Normal,0
HDFS,1082,10-11-2008 22:51,28,UNKNOWN,dfs.DataNode$PacketResponder,INFO,Received block blk_4433676399725693167 of size 67108864 from /10.251.37.240,E11,Received block blk_<*> of size <*> from /<*>,0.05,Normal,0
HDFS,1083,10-11-2008 22:52,49,UNKNOWN,dfs.DataNode$PacketResponder,INFO,Received block blk_-5644397018622018109 of size 67108864 from /10.251.109.236,E11,Received block blk_<*> of size <*> from /<*>,0.05,Normal,0
HDFS,1084,10-11-2008 22:53,52,UNKNOWN,dfs.DataNode$PacketResponder,INFO,Received block blk_-6986311820863339652 of size 67108864 from /10.251.71.240,E11,Received block blk_<*> of size <*> from /<*>,0.05,Normal,0
HDFS,1085,10-11-2008 22:53,46,UNKNOWN,dfs.FSNamesystem,INFO,BLOCK* NameSystem.addStoredBlock: blockMap updated: 10.251.39.64:50010 is added to blk_207875475387433291 size 67108864,E6,BLOCK* NameSystem.addStoredBlock: blockMap updated: <*>:<*> is added to blk_<*> size <*>,0.05,Normal,0
HDFS,1086,10-11-2008 22:54,9,UNKNOWN,dfs.FSNamesystem,INFO,BLOCK* NameSystem.addStoredBlock: blockMap updated: 10.251.199.225:50010 is added to blk_-7115635482536854135 size 67108864,E6,BLOCK* NameSystem.addStoredBlock: blockMap updated: <*>:<*> is added to blk_<*> size <*>,0.05,Normal,0
HDFS,1087,10-11-2008 22:54,23,UNKNOWN,dfs.DataNode$PacketResponder,INFO,Received block blk_-1956140031907143783 of size 67108864 from /10.251.70.112,E11,Received block blk_<*> of size <*> from /<*>,0.05,Normal,0
HDFS,1088,10-11-2008 22:56,139,UNKNOWN,dfs.DataNode$PacketResponder,INFO,Received block blk_7534378757788640871 of size 67108864 from /10.251.214.130,E11,Received block blk_<*> of size <*> from /<*>,0.05,Normal,0
HDFS,1089,10-11-2008 22:57,58,UNKNOWN,dfs.FSNamesystem,INFO,BLOCK* NameSystem.allocateBlock: /user/root/randtxt3/_temporary/_task_200811101024_0007_m_001662_0/part-01662. blk_8196657927516481490,E7,BLOCK* NameSystem.allocateBlock: /<*>/part-<*>. blk_<*>,0.05,Normal,0
HDFS,1090,10-11-2008 22:58,33,UNKNOWN,dfs.DataNode$DataXceiver,INFO,Receiving block blk_-5029807829679779067 src: /10.251.122.79:49600 dest: /10.251.122.79:50010,E13,Receiving block blk_<*> src: /<*>:<*> dest: /<*>:<*>,0.05,Normal,0
HDFS,1091,10-11-2008 22:59,52,UNKNOWN,dfs.DataNode$DataXceiver,INFO,Receiving block blk_-3657751236932275338 src: /10.251.123.99:50481 dest: /10.251.123.99:50010,E13,Receiving block blk_<*> src: /<*>:<*> dest: /<*>:<*>,0.05,Normal,0
HDFS,1092,10-11-2008 22:59,42,UNKNOWN,dfs.FSNamesystem,INFO,BLOCK* NameSystem.addStoredBlock: blockMap updated: 10.251.74.227:50010 is added to blk_1594026090263820445 size 67108864,E6,BLOCK* NameSystem.addStoredBlock: blockMap updated: <*>:<*> is added to blk_<*> size <*>,0.05,Normal,0
HDFS,1093,10-11-2008 23:01,78,UNKNOWN,dfs.DataBlockScanner,INFO,Verification succeeded for blk_3894335463008345041,E14,Verification succeeded for blk_<*>,0.05,Normal,0
HDFS,1094,10-11-2008 23:02,57,UNKNOWN,dfs.FSNamesystem,INFO,BLOCK* NameSystem.addStoredBlock: blockMap updated: 10.251.193.224:50010 is added to blk_-6299730951392868297 size 67108864,E6,BLOCK* NameSystem.addStoredBlock: blockMap updated: <*>:<*> is added to blk_<*> size <*>,0.05,Normal,0
HDFS,1095,10-11-2008 23:03,72,UNKNOWN,dfs.DataNode$PacketResponder,INFO,PacketResponder 0 for block blk_157913239647511296 terminating,E10,PacketResponder <*> for block blk_<*> terminating,0.05,Normal,0
HDFS,1096,10-11-2008 23:03,1,UNKNOWN,dfs.DataNode$PacketResponder,INFO,PacketResponder 1 for block blk_-6454539193224916125 terminating,E10,PacketResponder <*> for block blk_<*> terminating,0.05,Normal,0
HDFS,1097,10-11-2008 23:03,23,UNKNOWN,dfs.FSNamesystem,INFO,BLOCK* NameSystem.addStoredBlock: blockMap updated: 10.251.194.213:50010 is added to blk_-3575568207121859434 size 67108864,E6,BLOCK* NameSystem.addStoredBlock: blockMap updated: <*>:<*> is added to blk_<*> size <*>,0.05,Normal,0
HDFS,1098,10-11-2008 23:04,79,UNKNOWN,dfs.DataNode$PacketResponder,INFO,PacketResponder 2 for block blk_-4325209272072286951 terminating,E10,PacketResponder <*> for block blk_<*> terminating,0.05,Normal,0
HDFS,1099,10-11-2008 23:05,11,UNKNOWN,dfs.FSNamesystem,INFO,BLOCK* NameSystem.addStoredBlock: blockMap updated: 10.251.91.159:50010 is added to blk_-5739126205963920408 size 67108864,E6,BLOCK* NameSystem.addStoredBlock: blockMap updated: <*>:<*> is added to blk_<*> size <*>,0.05,Normal,0
HDFS,1100,10-11-2008 23:05,16,UNKNOWN,dfs.DataNode$PacketResponder,INFO,PacketResponder 2 for block blk_-9056865861421808370 terminating,E10,PacketResponder <*> for block blk_<*> terminating,0.05,Normal,0
HDFS,1101,10-11-2008 23:05,12,UNKNOWN,dfs.DataNode$PacketResponder,INFO,PacketResponder 1 for block blk_-6934248664959947757 terminating,E10,PacketResponder <*> for block blk_<*> terminating,0.05,Normal,0
HDFS,1102,10-11-2008 23:05,9,UNKNOWN,dfs.DataNode$PacketResponder,INFO,Received block blk_-2082401934988378573 of size 67108864 from /10.251.214.112,E11,Received block blk_<*> of size <*> from /<*>,0.05,Normal,0
HDFS,1103,10-11-2008 23:06,42,UNKNOWN,dfs.DataNode$PacketResponder,INFO,PacketResponder 1 for block blk_7627900514276120558 terminating,E10,PacketResponder <*> for block blk_<*> terminating,0.05,Normal,0
HDFS,1104,10-11-2008 23:06,1,UNKNOWN,dfs.DataNode$PacketResponder,INFO,PacketResponder 0 for block blk_-1250775350296476256 terminating,E10,PacketResponder <*> for block blk_<*> terminating,0.05,Normal,0
HDFS,1105,10-11-2008 23:06,5,UNKNOWN,dfs.DataNode$PacketResponder,INFO,PacketResponder 2 for block blk_2389216938154332862 terminating,E10,PacketResponder <*> for block blk_<*> terminating,0.05,Normal,0
HDFS,1106,10-11-2008 23:08,146,UNKNOWN,dfs.FSNamesystem,INFO,BLOCK* NameSystem.addStoredBlock: blockMap updated: 10.251.38.53:50010 is added to blk_7430820184211246929 size 67108864,E6,BLOCK* NameSystem.addStoredBlock: blockMap updated: <*>:<*> is added to blk_<*> size <*>,0.05,Normal,0
HDFS,1107,10-11-2008 23:12,217,UNKNOWN,dfs.FSNamesystem,INFO,BLOCK* NameSystem.delete: blk_-608202790716579401 is added to invalidSet of 10.251.198.33:50010,E8,BLOCK* NameSystem.delete: blk_<*> is added to invalidSet of <*>:<*>,0.05,Normal,0
HDFS,1108,10-11-2008 23:12,5,UNKNOWN,dfs.FSNamesystem,INFO,BLOCK* NameSystem.delete: blk_-1335063409877429524 is added to invalidSet of 10.251.107.196:50010,E8,BLOCK* NameSystem.delete: blk_<*> is added to invalidSet of <*>:<*>,0.05,Normal,0
HDFS,1109,10-11-2008 23:15,195,UNKNOWN,dfs.DataNode$DataXceiver,INFO,10.251.202.181:50010 Served block blk_-5236655516146555545 to /10.251.31.5,E1,<*>:<*> Served block blk_<*> to /<*>,0.05,Normal,0
HDFS,1110,10-11-2008 23:19,188,UNKNOWN,dfs.DataNode$DataXceiver,WARN,10.251.75.143:50010:Got exception while serving blk_2262752117989012641 to /10.250.13.188:,E3,<*>:<*>:Got exception while serving blk_<*> to /<*>:,0.7,Medium,1
HDFS,1111,10-11-2008 23:19,7,UNKNOWN,dfs.DataNode$DataXceiver,WARN,10.251.126.227:50010:Got exception while serving blk_-4181768899028058192 to /10.251.26.177:,E3,<*>:<*>:Got exception while serving blk_<*> to /<*>:,0.7,Medium,1
HDFS,1112,10-11-2008 23:27,508,UNKNOWN,dfs.DataNode$DataXceiver,INFO,10.251.123.99:50010 Served block blk_-7990763409688650846 to /10.251.197.161,E1,<*>:<*> Served block blk_<*> to /<*>,0.05,Normal,0
HDFS,1113,10-11-2008 23:39,721,UNKNOWN,dfs.DataNode$DataXceiver,INFO,10.250.17.225:50010 Served block blk_-2656323385657954732 to /10.250.17.225,E1,<*>:<*> Served block blk_<*> to /<*>,0.05,Normal,0
HDFS,1114,10-11-2008 23:39,14,UNKNOWN,dfs.DataNode$DataXceiver,WARN,10.250.7.230:50010:Got exception while serving blk_-7029628814943626474 to /10.251.38.197:,E3,<*>:<*>:Got exception while serving blk_<*> to /<*>:,0.7,Medium,1
HDFS,1115,10-11-2008 23:54,891,UNKNOWN,dfs.DataNode$DataXceiver,INFO,10.251.127.243:50010 Served block blk_8711213005689112399 to /10.251.74.134,E1,<*>:<*> Served block blk_<*> to /<*>,0.05,Normal,0
HDFS,1116,11-11-2008 00:00,352,UNKNOWN,dfs.DataNode$DataXceiver,INFO,10.251.195.70:50010 Served block blk_-3696162841836791939 to /10.251.195.70,E1,<*>:<*> Served block blk_<*> to /<*>,0.05,Normal,0
HDFS,1117,11-11-2008 00:06,349,UNKNOWN,dfs.DataNode$DataXceiver,INFO,10.251.91.84:50010 Served block blk_-8915491531889006304 to /10.251.91.84,E1,<*>:<*> Served block blk_<*> to /<*>,0.05,Normal,0
HDFS,1118,11-11-2008 00:09,186,UNKNOWN,dfs.DataNode$DataXceiver,INFO,10.251.90.64:50010 Served block blk_-657087263710195616 to /10.250.14.196,E1,<*>:<*> Served block blk_<*> to /<*>,0.05,Normal,0
HDFS,1119,11-11-2008 00:27,1089,UNKNOWN,dfs.DataNode$DataXceiver,INFO,10.250.10.213:50010 Served block blk_-1125621902344947014 to /10.250.10.213,E1,<*>:<*> Served block blk_<*> to /<*>,0.05,Normal,0
HDFS,1120,11-11-2008 00:41,801,UNKNOWN,dfs.DataNode$DataXceiver,WARN,10.251.214.175:50010:Got exception while serving blk_481857539063371482 to /10.251.105.189:,E3,<*>:<*>:Got exception while serving blk_<*> to /<*>:,0.7,Medium,1
HDFS,1121,11-11-2008 00:46,355,UNKNOWN,dfs.DataNode$DataXceiver,INFO,10.250.10.6:50010 Served block blk_1200136320542454615 to /10.250.10.6,E1,<*>:<*> Served block blk_<*> to /<*>,0.05,Normal,0
HDFS,1122,11-11-2008 01:12,1557,UNKNOWN,dfs.DataNode$DataXceiver,WARN,10.251.39.144:50010:Got exception while serving blk_-8083036675630459841 to /10.251.39.209:,E3,<*>:<*>:Got exception while serving blk_<*> to /<*>:,0.7,Medium,1
HDFS,1123,11-11-2008 01:22,600,UNKNOWN,dfs.DataNode$DataXceiver,WARN,10.250.7.32:50010:Got exception while serving blk_-1508527605812345693 to /10.251.74.192:,E3,<*>:<*>:Got exception while serving blk_<*> to /<*>:,0.7,Medium,1
HDFS,1124,11-11-2008 01:32,587,UNKNOWN,dfs.DataNode$DataXceiver,INFO,10.251.31.180:50010 Served block blk_3905759687686730625 to /10.251.31.180,E1,<*>:<*> Served block blk_<*> to /<*>,0.05,Normal,0
HDFS,1125,11-11-2008 01:33,41,UNKNOWN,dfs.DataNode$DataXceiver,INFO,10.251.121.224:50010 Served block blk_342378162324355732 to /10.251.121.224,E1,<*>:<*> Served block blk_<*> to /<*>,0.05,Normal,0
HDFS,1126,11-11-2008 01:34,38,UNKNOWN,dfs.DataNode$DataXceiver,INFO,10.250.14.38:50010 Served block blk_-8674089929114017279 to /10.250.14.38,E1,<*>:<*> Served block blk_<*> to /<*>,0.05,Normal,0
HDFS,1127,11-11-2008 01:44,631,UNKNOWN,dfs.DataNode$DataXceiver,WARN,10.251.107.98:50010:Got exception while serving blk_-3140031507252212554 to /10.250.7.244:,E3,<*>:<*>:Got exception while serving blk_<*> to /<*>:,0.7,Medium,1
HDFS,1128,11-11-2008 02:07,1401,UNKNOWN,dfs.DataNode$DataXceiver,INFO,10.251.125.237:50010 Served block blk_-309134958179110212 to /10.251.125.237,E1,<*>:<*> Served block blk_<*> to /<*>,0.05,Normal,0
HDFS,1129,11-11-2008 02:21,831,UNKNOWN,dfs.DataNode$DataXceiver,INFO,10.250.13.240:50010 Served block blk_-3134225108208373949 to /10.250.13.240,E1,<*>:<*> Served block blk_<*> to /<*>,0.05,Normal,0
HDFS,1130,11-11-2008 02:30,507,UNKNOWN,dfs.FSNamesystem,INFO,BLOCK* NameSystem.delete: blk_-8887373200836701910 is added to invalidSet of 10.251.193.224:50010,E8,BLOCK* NameSystem.delete: blk_<*> is added to invalidSet of <*>:<*>,0.05,Normal,0
HDFS,1131,11-11-2008 02:30,1,UNKNOWN,dfs.FSNamesystem,INFO,BLOCK* NameSystem.delete: blk_-1162676743264290624 is added to invalidSet of 10.251.194.213:50010,E8,BLOCK* NameSystem.delete: blk_<*> is added to invalidSet of <*>:<*>,0.05,Normal,0
HDFS,1132,11-11-2008 02:30,0,UNKNOWN,dfs.FSNamesystem,INFO,BLOCK* NameSystem.delete: blk_-5513640508500780385 is added to invalidSet of 10.251.203.179:50010,E8,BLOCK* NameSystem.delete: blk_<*> is added to invalidSet of <*>:<*>,0.05,Normal,0
HDFS,1133,11-11-2008 02:30,0,UNKNOWN,dfs.FSNamesystem,INFO,BLOCK* NameSystem.delete: blk_-7767902948513849386 is added to invalidSet of 10.251.71.146:50010,E8,BLOCK* NameSystem.delete: blk_<*> is added to invalidSet of <*>:<*>,0.05,Normal,0
HDFS,1134,11-11-2008 02:30,2,UNKNOWN,dfs.FSNamesystem,INFO,BLOCK* NameSystem.delete: blk_-5382946262718129284 is added to invalidSet of 10.250.5.161:50010,E8,BLOCK* NameSystem.delete: blk_<*> is added to invalidSet of <*>:<*>,0.05,Normal,0
HDFS,1135,11-11-2008 02:30,0,UNKNOWN,dfs.FSNamesystem,INFO,BLOCK* NameSystem.delete: blk_5668137923110942035 is added to invalidSet of 10.251.91.229:50010,E8,BLOCK* NameSystem.delete: blk_<*> is added to invalidSet of <*>:<*>,0.05,Normal,0
HDFS,1136,11-11-2008 02:30,0,UNKNOWN,dfs.FSNamesystem,INFO,BLOCK* NameSystem.delete: blk_7197514030988119866 is added to invalidSet of 10.251.75.49:50010,E8,BLOCK* NameSystem.delete: blk_<*> is added to invalidSet of <*>:<*>,0.05,Normal,0
HDFS,1137,11-11-2008 02:30,2,UNKNOWN,dfs.FSNamesystem,INFO,BLOCK* NameSystem.delete: blk_-5362598472846558076 is added to invalidSet of 10.250.14.143:50010,E8,BLOCK* NameSystem.delete: blk_<*> is added to invalidSet of <*>:<*>,0.05,Normal,0
HDFS,1138,11-11-2008 02:30,2,UNKNOWN,dfs.FSNamesystem,INFO,BLOCK* NameSystem.delete: blk_-4269939382058952254 is added to invalidSet of 10.251.203.129:50010,E8,BLOCK* NameSystem.delete: blk_<*> is added to invalidSet of <*>:<*>,0.05,Normal,0
HDFS,1139,11-11-2008 02:30,0,UNKNOWN,dfs.FSNamesystem,INFO,BLOCK* NameSystem.delete: blk_-6978845808078082463 is added to invalidSet of 10.251.109.209:50010,E8,BLOCK* NameSystem.delete: blk_<*> is added to invalidSet of <*>:<*>,0.05,Normal,0
HDFS,1140,11-11-2008 02:30,5,UNKNOWN,dfs.FSNamesystem,INFO,BLOCK* NameSystem.delete: blk_-1071115021179995772 is added to invalidSet of 10.250.11.53:50010,E8,BLOCK* NameSystem.delete: blk_<*> is added to invalidSet of <*>:<*>,0.05,Normal,0
HDFS,1141,11-11-2008 02:30,0,UNKNOWN,dfs.FSNamesystem,INFO,BLOCK* NameSystem.delete: blk_7336636250384047238 is added to invalidSet of 10.251.26.177:50010,E8,BLOCK* NameSystem.delete: blk_<*> is added to invalidSet of <*>:<*>,0.05,Normal,0
HDFS,1142,11-11-2008 02:30,0,UNKNOWN,dfs.FSNamesystem,INFO,BLOCK* NameSystem.delete: blk_8493856762887493521 is added to invalidSet of 10.251.26.131:50010,E8,BLOCK* NameSystem.delete: blk_<*> is added to invalidSet of <*>:<*>,0.05,Normal,0
HDFS,1143,11-11-2008 02:30,2,UNKNOWN,dfs.FSNamesystem,INFO,BLOCK* NameSystem.delete: blk_1043487525777829194 is added to invalidSet of 10.251.110.8:50010,E8,BLOCK* NameSystem.delete: blk_<*> is added to invalidSet of <*>:<*>,0.05,Normal,0
HDFS,1144,11-11-2008 02:30,0,UNKNOWN,dfs.FSNamesystem,INFO,BLOCK* NameSystem.delete: blk_-3225035678192156905 is added to invalidSet of 10.251.38.214:50010,E8,BLOCK* NameSystem.delete: blk_<*> is added to invalidSet of <*>:<*>,0.05,Normal,0
HDFS,1145,11-11-2008 02:30,1,UNKNOWN,dfs.FSNamesystem,INFO,BLOCK* NameSystem.delete: blk_5572208681898881669 is added to invalidSet of 10.251.38.197:50010,E8,BLOCK* NameSystem.delete: blk_<*> is added to invalidSet of <*>:<*>,0.05,Normal,0
HDFS,1146,11-11-2008 02:30,2,UNKNOWN,dfs.FSNamesystem,INFO,BLOCK* NameSystem.delete: blk_-2225353020301959077 is added to invalidSet of 10.251.125.237:50010,E8,BLOCK* NameSystem.delete: blk_<*> is added to invalidSet of <*>:<*>,0.05,Normal,0
HDFS,1147,11-11-2008 02:30,0,UNKNOWN,dfs.FSNamesystem,INFO,BLOCK* NameSystem.delete: blk_3946183108430554053 is added to invalidSet of 10.250.11.100:50010,E8,BLOCK* NameSystem.delete: blk_<*> is added to invalidSet of <*>:<*>,0.05,Normal,0
HDFS,1148,11-11-2008 02:30,6,UNKNOWN,dfs.FSNamesystem,INFO,BLOCK* NameSystem.delete: blk_-3681974396824196300 is added to invalidSet of 10.250.17.177:50010,E8,BLOCK* NameSystem.delete: blk_<*> is added to invalidSet of <*>:<*>,0.05,Normal,0
HDFS,1149,11-11-2008 02:30,4,UNKNOWN,dfs.FSNamesystem,INFO,BLOCK* NameSystem.delete: blk_2736251498135196075 is added to invalidSet of 10.251.90.64:50010,E8,BLOCK* NameSystem.delete: blk_<*> is added to invalidSet of <*>:<*>,0.05,Normal,0
HDFS,1150,11-11-2008 02:30,2,UNKNOWN,dfs.FSNamesystem,INFO,BLOCK* NameSystem.delete: blk_1275198635723397883 is added to invalidSet of 10.251.202.134:50010,E8,BLOCK* NameSystem.delete: blk_<*> is added to invalidSet of <*>:<*>,0.05,Normal,0
HDFS,1151,11-11-2008 02:30,0,UNKNOWN,dfs.FSNamesystem,INFO,BLOCK* NameSystem.delete: blk_3428998332517532825 is added to invalidSet of 10.251.43.192:50010,E8,BLOCK* NameSystem.delete: blk_<*> is added to invalidSet of <*>:<*>,0.05,Normal,0
HDFS,1152,11-11-2008 02:31,60,UNKNOWN,dfs.FSDataset,INFO,Deleting block blk_-7106479503467535906 file /mnt/hadoop/dfs/data/current/subdir32/blk_-7106479503467535906,E9,Deleting block blk_<*> file /<*>/blk_<*>,0.05,Normal,0
HDFS,1153,11-11-2008 02:31,10,UNKNOWN,dfs.FSDataset,INFO,Deleting block blk_-7411858598798393933 file /mnt/hadoop/dfs/data/current/subdir24/blk_-7411858598798393933,E9,Deleting block blk_<*> file /<*>/blk_<*>,0.05,Normal,0
HDFS,1154,11-11-2008 02:31,7,UNKNOWN,dfs.FSDataset,INFO,Deleting block blk_-5429479049793046826 file /mnt/hadoop/dfs/data/current/subdir34/blk_-5429479049793046826,E9,Deleting block blk_<*> file /<*>/blk_<*>,0.05,Normal,0
HDFS,1155,11-11-2008 02:31,2,UNKNOWN,dfs.FSDataset,INFO,Deleting block blk_-6431101765137189231 file /mnt/hadoop/dfs/data/current/subdir33/blk_-6431101765137189231,E9,Deleting block blk_<*> file /<*>/blk_<*>,0.05,Normal,0
HDFS,1156,11-11-2008 02:32,18,UNKNOWN,dfs.FSDataset,INFO,Deleting block blk_-2923662094689783995 file /mnt/hadoop/dfs/data/current/subdir38/blk_-2923662094689783995,E9,Deleting block blk_<*> file /<*>/blk_<*>,0.05,Normal,0
HDFS,1157,11-11-2008 02:32,6,UNKNOWN,dfs.DataNode$DataXceiver,INFO,10.250.14.143:50010 Served block blk_-664656559337730574 to /10.250.7.96,E1,<*>:<*> Served block blk_<*> to /<*>,0.05,Normal,0
HDFS,1158,11-11-2008 02:32,0,UNKNOWN,dfs.DataNode$PacketResponder,INFO,Received block blk_3224393364314749254 of size 67108864 from /10.251.37.240,E11,Received block blk_<*> of size <*> from /<*>,0.05,Normal,0
HDFS,1159,11-11-2008 02:32,7,UNKNOWN,dfs.FSDataset,INFO,Deleting block blk_1483582953997932733 file /mnt/hadoop/dfs/data/current/subdir7/blk_1483582953997932733,E9,Deleting block blk_<*> file /<*>/blk_<*>,0.05,Normal,0
HDFS,1160,11-11-2008 02:32,1,UNKNOWN,dfs.FSDataset,INFO,Deleting block blk_-3607708283707030582 file /mnt/hadoop/dfs/data/current/subdir31/blk_-3607708283707030582,E9,Deleting block blk_<*> file /<*>/blk_<*>,0.05,Normal,0
HDFS,1161,11-11-2008 02:32,4,UNKNOWN,dfs.FSDataset,INFO,Deleting block blk_4365203784873840210 file /mnt/hadoop/dfs/data/current/subdir1/blk_4365203784873840210,E9,Deleting block blk_<*> file /<*>/blk_<*>,0.05,Normal,0
HDFS,1162,11-11-2008 02:32,9,UNKNOWN,dfs.FSDataset,INFO,Deleting block blk_1920931690498309324 file /mnt/hadoop/dfs/data/current/subdir42/blk_1920931690498309324,E9,Deleting block blk_<*> file /<*>/blk_<*>,0.05,Normal,0
HDFS,1163,11-11-2008 02:32,0,UNKNOWN,dfs.FSDataset,INFO,Deleting block blk_2731746367139956284 file /mnt/hadoop/dfs/data/current/subdir15/blk_2731746367139956284,E9,Deleting block blk_<*> file /<*>/blk_<*>,0.05,Normal,0
HDFS,1164,11-11-2008 02:32,4,UNKNOWN,dfs.FSDataset,INFO,Deleting block blk_3312198496468502316 file /mnt/hadoop/dfs/data/current/subdir36/blk_3312198496468502316,E9,Deleting block blk_<*> file /<*>/blk_<*>,0.05,Normal,0
HDFS,1165,11-11-2008 02:32,0,UNKNOWN,dfs.FSDataset,INFO,Deleting block blk_-626413149556394155 file /mnt/hadoop/dfs/data/current/subdir26/blk_-626413149556394155,E9,Deleting block blk_<*> file /<*>/blk_<*>,0.05,Normal,0
HDFS,1166,11-11-2008 02:32,1,UNKNOWN,dfs.FSDataset,INFO,Deleting block blk_1350741653957819140 file /mnt/hadoop/dfs/data/current/subdir32/blk_1350741653957819140,E9,Deleting block blk_<*> file /<*>/blk_<*>,0.05,Normal,0
HDFS,1167,11-11-2008 02:32,0,UNKNOWN,dfs.FSDataset,INFO,Deleting block blk_6675564098604634452 file /mnt/hadoop/dfs/data/current/subdir1/blk_6675564098604634452,E9,Deleting block blk_<*> file /<*>/blk_<*>,0.05,Normal,0
HDFS,1168,11-11-2008 02:32,1,UNKNOWN,dfs.FSDataset,INFO,Deleting block blk_1692958087244489888 file /mnt/hadoop/dfs/data/current/subdir62/blk_1692958087244489888,E9,Deleting block blk_<*> file /<*>/blk_<*>,0.05,Normal,0
HDFS,1169,11-11-2008 02:32,1,UNKNOWN,dfs.FSDataset,INFO,Deleting block blk_5528471097481810388 file /mnt/hadoop/dfs/data/current/subdir5/blk_5528471097481810388,E9,Deleting block blk_<*> file /<*>/blk_<*>,0.05,Normal,0
HDFS,1170,11-11-2008 02:32,0,UNKNOWN,dfs.FSDataset,INFO,Deleting block blk_797263375273454863 file /mnt/hadoop/dfs/data/current/subdir16/blk_797263375273454863,E9,Deleting block blk_<*> file /<*>/blk_<*>,0.05,Normal,0
HDFS,1171,11-11-2008 02:32,5,UNKNOWN,dfs.FSDataset,INFO,Deleting block blk_5209577451013188921 file /mnt/hadoop/dfs/data/current/subdir24/blk_5209577451013188921,E9,Deleting block blk_<*> file /<*>/blk_<*>,0.05,Normal,0
HDFS,1172,11-11-2008 02:33,9,UNKNOWN,dfs.FSDataset,INFO,Deleting block blk_4713539908695785630 file /mnt/hadoop/dfs/data/current/subdir39/blk_4713539908695785630,E9,Deleting block blk_<*> file /<*>/blk_<*>,0.05,Normal,0
HDFS,1173,11-11-2008 02:33,6,UNKNOWN,dfs.FSDataset,INFO,Deleting block blk_6148201552996212693 file /mnt/hadoop/dfs/data/current/subdir15/blk_6148201552996212693,E9,Deleting block blk_<*> file /<*>/blk_<*>,0.05,Normal,0
HDFS,1174,11-11-2008 02:33,18,UNKNOWN,dfs.FSDataset,INFO,Deleting block blk_9014154925388243050 file /mnt/hadoop/dfs/data/current/subdir28/blk_9014154925388243050,E9,Deleting block blk_<*> file /<*>/blk_<*>,0.05,Normal,0
HDFS,1175,11-11-2008 02:33,2,UNKNOWN,dfs.FSDataset,INFO,Deleting block blk_8761138012128091849 file /mnt/hadoop/dfs/data/current/subdir33/blk_8761138012128091849,E9,Deleting block blk_<*> file /<*>/blk_<*>,0.05,Normal,0
HDFS,1176,11-11-2008 02:37,259,UNKNOWN,dfs.DataNode$PacketResponder,INFO,Received block blk_-4071286774767564790 of size 67108864 from /10.251.197.226,E11,Received block blk_<*> of size <*> from /<*>,0.05,Normal,0
HDFS,1177,11-11-2008 02:39,85,UNKNOWN,dfs.DataNode$DataXceiver,INFO,10.251.122.65:50010 Served block blk_2866275036574950116 to /10.250.11.53,E1,<*>:<*> Served block blk_<*> to /<*>,0.05,Normal,0
HDFS,1178,11-11-2008 02:41,111,UNKNOWN,dfs.DataNode$PacketResponder,INFO,Received block blk_-6811519872198278365 of size 67108864 from /10.250.6.4,E11,Received block blk_<*> of size <*> from /<*>,0.05,Normal,0
HDFS,1179,11-11-2008 02:41,28,UNKNOWN,dfs.FSNamesystem,INFO,BLOCK* NameSystem.addStoredBlock: blockMap updated: 10.251.199.19:50010 is added to blk_6748710057489679257 size 67108864,E6,BLOCK* NameSystem.addStoredBlock: blockMap updated: <*>:<*> is added to blk_<*> size <*>,0.05,Normal,0
HDFS,1180,11-11-2008 02:42,74,UNKNOWN,dfs.FSNamesystem,INFO,BLOCK* NameSystem.addStoredBlock: blockMap updated: 10.251.39.209:50010 is added to blk_1833093108290599780 size 67108864,E6,BLOCK* NameSystem.addStoredBlock: blockMap updated: <*>:<*> is added to blk_<*> size <*>,0.05,Normal,0
HDFS,1181,11-11-2008 02:43,17,UNKNOWN,dfs.FSNamesystem,INFO,BLOCK* NameSystem.addStoredBlock: blockMap updated: 10.250.7.146:50010 is added to blk_9163807899833139121 size 67108864,E6,BLOCK* NameSystem.addStoredBlock: blockMap updated: <*>:<*> is added to blk_<*> size <*>,0.05,Normal,0
HDFS,1182,11-11-2008 02:43,5,UNKNOWN,dfs.DataNode$DataXceiver,INFO,Receiving block blk_3941798034503185737 src: /10.250.11.85:42358 dest: /10.250.11.85:50010,E13,Receiving block blk_<*> src: /<*>:<*> dest: /<*>:<*>,0.05,Normal,0
HDFS,1183,11-11-2008 02:43,16,UNKNOWN,dfs.DataNode$PacketResponder,INFO,Received block blk_6894918622505820383 of size 67108864 from /10.250.14.143,E11,Received block blk_<*> of size <*> from /<*>,0.05,Normal,0
HDFS,1184,11-11-2008 02:44,78,UNKNOWN,dfs.DataNode$DataXceiver,INFO,Receiving block blk_6491424745418112176 src: /10.251.214.130:57008 dest: /10.251.214.130:50010,E13,Receiving block blk_<*> src: /<*>:<*> dest: /<*>:<*>,0.05,Normal,0
HDFS,1185,11-11-2008 02:44,0,UNKNOWN,dfs.FSNamesystem,INFO,BLOCK* NameSystem.allocateBlock: /user/root/rand4/_temporary/_task_200811101024_0009_m_000115_0/part-00115. blk_-17685631368401548,E7,BLOCK* NameSystem.allocateBlock: /<*>/part-<*>. blk_<*>,0.05,Normal,0
HDFS,1186,11-11-2008 02:47,161,UNKNOWN,dfs.FSNamesystem,INFO,BLOCK* NameSystem.allocateBlock: /user/root/rand4/_temporary/_task_200811101024_0009_m_000176_0/part-00176. blk_8924207394547472950,E7,BLOCK* NameSystem.allocateBlock: /<*>/part-<*>. blk_<*>,0.05,Normal,0
HDFS,1187,11-11-2008 02:47,18,UNKNOWN,dfs.DataNode$DataXceiver,INFO,Receiving block blk_-4526931594457272384 src: /10.251.43.147:40348 dest: /10.251.43.147:50010,E13,Receiving block blk_<*> src: /<*>:<*> dest: /<*>:<*>,0.05,Normal,0
HDFS,1188,11-11-2008 02:48,49,UNKNOWN,dfs.FSNamesystem,INFO,BLOCK* NameSystem.addStoredBlock: blockMap updated: 10.251.31.242:50010 is added to blk_5390763359901143305 size 67108864,E6,BLOCK* NameSystem.addStoredBlock: blockMap updated: <*>:<*> is added to blk_<*> size <*>,0.05,Normal,0
HDFS,1189,11-11-2008 02:49,30,UNKNOWN,dfs.DataNode$DataXceiver,INFO,Receiving block blk_-11867600358649678 src: /10.251.75.79:46421 dest: /10.251.75.79:50010,E13,Receiving block blk_<*> src: /<*>:<*> dest: /<*>:<*>,0.05,Normal,0
HDFS,1190,11-11-2008 02:49,0,UNKNOWN,dfs.FSNamesystem,INFO,BLOCK* NameSystem.addStoredBlock: blockMap updated: 10.250.11.194:50010 is added to blk_2430417102497887445 size 67108864,E6,BLOCK* NameSystem.addStoredBlock: blockMap updated: <*>:<*> is added to blk_<*> size <*>,0.05,Normal,0
HDFS,1191,11-11-2008 02:49,0,UNKNOWN,dfs.FSNamesystem,INFO,BLOCK* NameSystem.addStoredBlock: blockMap updated: 10.251.214.18:50010 is added to blk_-747046374856916711 size 67108864,E6,BLOCK* NameSystem.addStoredBlock: blockMap updated: <*>:<*> is added to blk_<*> size <*>,0.05,Normal,0
HDFS,1192,11-11-2008 02:51,120,UNKNOWN,dfs.DataNode$PacketResponder,INFO,Received block blk_5062112794659861146 of size 67108864 from /10.251.91.84,E11,Received block blk_<*> of size <*> from /<*>,0.05,Normal,0
HDFS,1193,11-11-2008 02:52,67,UNKNOWN,dfs.DataNode$DataXceiver,INFO,Receiving block blk_-116589515245909549 src: /10.251.203.179:33198 dest: /10.251.203.179:50010,E13,Receiving block blk_<*> src: /<*>:<*> dest: /<*>:<*>,0.05,Normal,0
HDFS,1194,11-11-2008 02:53,87,UNKNOWN,dfs.DataNode$PacketResponder,INFO,PacketResponder 1 for block blk_4628975089896927394 terminating,E10,PacketResponder <*> for block blk_<*> terminating,0.05,Normal,0
HDFS,1195,11-11-2008 02:53,1,UNKNOWN,dfs.DataNode$DataXceiver,INFO,Receiving block blk_-764747190320632607 src: /10.251.127.191:49914 dest: /10.251.127.191:50010,E13,Receiving block blk_<*> src: /<*>:<*> dest: /<*>:<*>,0.05,Normal,0
HDFS,1196,11-11-2008 02:53,10,UNKNOWN,dfs.DataNode$PacketResponder,INFO,Received block blk_-8015797075596093783 of size 67108864 from /10.250.11.194,E11,Received block blk_<*> of size <*> from /<*>,0.05,Normal,0
HDFS,1197,11-11-2008 02:54,38,UNKNOWN,dfs.FSNamesystem,INFO,BLOCK* NameSystem.addStoredBlock: blockMap updated: 10.251.110.160:50010 is added to blk_-1675768179383804109 size 67108864,E6,BLOCK* NameSystem.addStoredBlock: blockMap updated: <*>:<*> is added to blk_<*> size <*>,0.05,Normal,0
HDFS,1198,11-11-2008 02:56,103,UNKNOWN,dfs.DataNode$PacketResponder,INFO,PacketResponder 2 for block blk_1155029843511109085 terminating,E10,PacketResponder <*> for block blk_<*> terminating,0.05,Normal,0
HDFS,1199,11-11-2008 02:56,12,UNKNOWN,dfs.FSNamesystem,INFO,BLOCK* NameSystem.addStoredBlock: blockMap updated: 10.251.67.113:50010 is added to blk_9060964400089016309 size 67108864,E6,BLOCK* NameSystem.addStoredBlock: blockMap updated: <*>:<*> is added to blk_<*> size <*>,0.05,Normal,0
HDFS,1200,11-11-2008 02:56,15,UNKNOWN,dfs.FSNamesystem,INFO,BLOCK* NameSystem.addStoredBlock: blockMap updated: 10.251.214.67:50010 is added to blk_-1417908110808566576 size 67108864,E6,BLOCK* NameSystem.addStoredBlock: blockMap updated: <*>:<*> is added to blk_<*> size <*>,0.05,Normal,0
HDFS,1201,11-11-2008 02:56,19,UNKNOWN,dfs.DataNode$PacketResponder,INFO,PacketResponder 0 for block blk_-7483426835701512490 terminating,E10,PacketResponder <*> for block blk_<*> terminating,0.05,Normal,0
HDFS,1202,11-11-2008 02:57,39,UNKNOWN,dfs.DataNode$DataXceiver,INFO,Receiving block blk_-3752135158991310104 src: /10.251.70.5:44375 dest: /10.251.70.5:50010,E13,Receiving block blk_<*> src: /<*>:<*> dest: /<*>:<*>,0.05,Normal,0
HDFS,1203,11-11-2008 02:58,39,UNKNOWN,dfs.DataNode$DataXceiver,INFO,Receiving block blk_-8649503431827393598 src: /10.251.199.19:48778 dest: /10.251.199.19:50010,E13,Receiving block blk_<*> src: /<*>:<*> dest: /<*>:<*>,0.05,Normal,0
HDFS,1204,11-11-2008 02:59,52,UNKNOWN,dfs.DataNode$PacketResponder,INFO,PacketResponder 2 for block blk_-6883339133893273874 terminating,E10,PacketResponder <*> for block blk_<*> terminating,0.05,Normal,0
HDFS,1205,11-11-2008 02:59,12,UNKNOWN,dfs.DataNode$PacketResponder,INFO,PacketResponder 0 for block blk_3695169334833427187 terminating,E10,PacketResponder <*> for block blk_<*> terminating,0.05,Normal,0
HDFS,1206,11-11-2008 02:59,30,UNKNOWN,dfs.DataNode$PacketResponder,INFO,PacketResponder 0 for block blk_6055109613223910610 terminating,E10,PacketResponder <*> for block blk_<*> terminating,0.05,Normal,0
HDFS,1207,11-11-2008 03:00,30,UNKNOWN,dfs.DataNode$DataXceiver,INFO,Receiving block blk_-1868325377308234190 src: /10.251.42.207:50666 dest: /10.251.42.207:50010,E13,Receiving block blk_<*> src: /<*>:<*> dest: /<*>:<*>,0.05,Normal,0
HDFS,1208,11-11-2008 03:00,2,UNKNOWN,dfs.FSNamesystem,INFO,BLOCK* NameSystem.addStoredBlock: blockMap updated: 10.251.26.177:50010 is added to blk_-6338549285508312302 size 3530010,E6,BLOCK* NameSystem.addStoredBlock: blockMap updated: <*>:<*> is added to blk_<*> size <*>,0.05,Normal,0
HDFS,1209,11-11-2008 03:00,34,UNKNOWN,dfs.FSNamesystem,INFO,BLOCK* NameSystem.addStoredBlock: blockMap updated: 10.251.30.179:50010 is added to blk_-900758580041645081 size 3543900,E6,BLOCK* NameSystem.addStoredBlock: blockMap updated: <*>:<*> is added to blk_<*> size <*>,0.05,Normal,0
HDFS,1210,11-11-2008 03:01,62,UNKNOWN,dfs.FSNamesystem,INFO,BLOCK* NameSystem.addStoredBlock: blockMap updated: 10.251.66.3:50010 is added to blk_1756478622414930264 size 67108864,E6,BLOCK* NameSystem.addStoredBlock: blockMap updated: <*>:<*> is added to blk_<*> size <*>,0.05,Normal,0
HDFS,1211,11-11-2008 03:02,32,UNKNOWN,dfs.FSNamesystem,INFO,BLOCK* NameSystem.addStoredBlock: blockMap updated: 10.251.127.47:50010 is added to blk_-6555060221133060529 size 67108864,E6,BLOCK* NameSystem.addStoredBlock: blockMap updated: <*>:<*> is added to blk_<*> size <*>,0.05,Normal,0
HDFS,1212,11-11-2008 03:02,8,UNKNOWN,dfs.DataNode$DataXceiver,INFO,Receiving block blk_9076677650086747187 src: /10.251.35.1:52094 dest: /10.251.35.1:50010,E13,Receiving block blk_<*> src: /<*>:<*> dest: /<*>:<*>,0.05,Normal,0
HDFS,1213,11-11-2008 03:02,3,UNKNOWN,dfs.DataNode$PacketResponder,INFO,PacketResponder 2 for block blk_-4165562468976768862 terminating,E10,PacketResponder <*> for block blk_<*> terminating,0.05,Normal,0
HDFS,1214,11-11-2008 03:02,4,UNKNOWN,dfs.DataNode$PacketResponder,INFO,PacketResponder 1 for block blk_-3295982945091621137 terminating,E10,PacketResponder <*> for block blk_<*> terminating,0.05,Normal,0
HDFS,1215,11-11-2008 03:03,20,UNKNOWN,dfs.FSNamesystem,INFO,BLOCK* NameSystem.addStoredBlock: blockMap updated: 10.250.15.240:50010 is added to blk_-7637577152926063076 size 67108864,E6,BLOCK* NameSystem.addStoredBlock: blockMap updated: <*>:<*> is added to blk_<*> size <*>,0.05,Normal,0
HDFS,1216,11-11-2008 03:03,18,UNKNOWN,dfs.DataNode$DataXceiver,INFO,Receiving block blk_3181161977343808286 src: /10.251.43.21:40127 dest: /10.251.43.21:50010,E13,Receiving block blk_<*> src: /<*>:<*> dest: /<*>:<*>,0.05,Normal,0
HDFS,1217,11-11-2008 03:04,56,UNKNOWN,dfs.DataNode$DataXceiver,INFO,Receiving block blk_6807535563873595117 src: /10.250.17.177:48934 dest: /10.250.17.177:50010,E13,Receiving block blk_<*> src: /<*>:<*> dest: /<*>:<*>,0.05,Normal,0
HDFS,1218,11-11-2008 03:04,2,UNKNOWN,dfs.DataNode$DataXceiver,INFO,Receiving block blk_7513976340045981966 src: /10.251.42.207:36468 dest: /10.251.42.207:50010,E13,Receiving block blk_<*> src: /<*>:<*> dest: /<*>:<*>,0.05,Normal,0
HDFS,1219,11-11-2008 03:04,2,UNKNOWN,dfs.FSNamesystem,INFO,BLOCK* NameSystem.allocateBlock: /user/root/rand4/_temporary/_task_200811101024_0009_m_001061_0/part-01061. blk_-749176535135404637,E7,BLOCK* NameSystem.allocateBlock: /<*>/part-<*>. blk_<*>,0.05,Normal,0
HDFS,1220,11-11-2008 03:05,43,UNKNOWN,dfs.FSNamesystem,INFO,BLOCK* NameSystem.addStoredBlock: blockMap updated: 10.251.199.245:50010 is added to blk_-7909610753867924116 size 67108864,E6,BLOCK* NameSystem.addStoredBlock: blockMap updated: <*>:<*> is added to blk_<*> size <*>,0.05,Normal,0
HDFS,1221,11-11-2008 03:07,145,UNKNOWN,dfs.DataNode$PacketResponder,INFO,Received block blk_-7247291679155656679 of size 67108864 from /10.250.10.176,E11,Received block blk_<*> of size <*> from /<*>,0.05,Normal,0
HDFS,1222,11-11-2008 03:07,10,UNKNOWN,dfs.DataNode$PacketResponder,INFO,PacketResponder 1 for block blk_-6369730481066968769 terminating,E10,PacketResponder <*> for block blk_<*> terminating,0.05,Normal,0
HDFS,1223,11-11-2008 03:07,9,UNKNOWN,dfs.DataNode$DataXceiver,INFO,Receiving block blk_7780461223860192433 src: /10.251.127.191:58148 dest: /10.251.127.191:50010,E13,Receiving block blk_<*> src: /<*>:<*> dest: /<*>:<*>,0.05,Normal,0
HDFS,1224,11-11-2008 03:09,117,UNKNOWN,dfs.FSNamesystem,INFO,BLOCK* NameSystem.allocateBlock: /user/root/rand4/_temporary/_task_200811101024_0009_m_001281_0/part-01281. blk_2084123600915946046,E7,BLOCK* NameSystem.allocateBlock: /<*>/part-<*>. blk_<*>,0.05,Normal,0
HDFS,1225,11-11-2008 03:09,4,UNKNOWN,dfs.DataNode$DataXceiver,INFO,Receiving block blk_92273823183917102 src: /10.250.15.67:53441 dest: /10.250.15.67:50010,E13,Receiving block blk_<*> src: /<*>:<*> dest: /<*>:<*>,0.05,Normal,0
HDFS,1226,11-11-2008 03:09,4,UNKNOWN,dfs.DataNode$PacketResponder,INFO,Received block blk_-1141332313413855099 of size 67108864 from /10.251.89.155,E11,Received block blk_<*> of size <*> from /<*>,0.05,Normal,0
HDFS,1227,11-11-2008 03:09,8,UNKNOWN,dfs.DataNode$DataXceiver,INFO,Receiving block blk_3016571528120363023 src: /10.251.194.102:60235 dest: /10.251.194.102:50010,E13,Receiving block blk_<*> src: /<*>:<*> dest: /<*>:<*>,0.05,Normal,0
HDFS,1228,11-11-2008 03:11,68,UNKNOWN,dfs.DataNode$DataXceiver,INFO,Receiving block blk_-7678242108759603056 src: /10.251.125.193:33553 dest: /10.251.125.193:50010,E13,Receiving block blk_<*> src: /<*>:<*> dest: /<*>:<*>,0.05,Normal,0
HDFS,1229,11-11-2008 03:11,37,UNKNOWN,dfs.DataNode$DataXceiver,INFO,Receiving block blk_-7526023914950151999 src: /10.250.5.161:48457 dest: /10.250.5.161:50010,E13,Receiving block blk_<*> src: /<*>:<*> dest: /<*>:<*>,0.05,Normal,0
HDFS,1230,11-11-2008 03:12,74,UNKNOWN,dfs.DataNode$DataXceiver,INFO,Receiving block blk_-6380328072112550668 src: /10.250.6.191:37701 dest: /10.250.6.191:50010,E13,Receiving block blk_<*> src: /<*>:<*> dest: /<*>:<*>,0.05,Normal,0
HDFS,1231,11-11-2008 03:12,1,UNKNOWN,dfs.FSNamesystem,INFO,BLOCK* NameSystem.addStoredBlock: blockMap updated: 10.250.11.100:50010 is added to blk_3222673463853349950 size 67108864,E6,BLOCK* NameSystem.addStoredBlock: blockMap updated: <*>:<*> is added to blk_<*> size <*>,0.05,Normal,0
HDFS,1232,11-11-2008 03:13,9,UNKNOWN,dfs.DataNode$PacketResponder,INFO,PacketResponder 2 for block blk_-3183355402229300197 terminating,E10,PacketResponder <*> for block blk_<*> terminating,0.05,Normal,0
HDFS,1233,11-11-2008 03:13,27,UNKNOWN,dfs.FSNamesystem,INFO,BLOCK* NameSystem.addStoredBlock: blockMap updated: 10.251.26.8:50010 is added to blk_-5963475042722370536 size 67108864,E6,BLOCK* NameSystem.addStoredBlock: blockMap updated: <*>:<*> is added to blk_<*> size <*>,0.05,Normal,0
HDFS,1234,11-11-2008 03:14,62,UNKNOWN,dfs.FSNamesystem,INFO,BLOCK* NameSystem.allocateBlock: /user/root/rand4/_temporary/_task_200811101024_0009_m_001398_0/part-01398. blk_-7527506469734664572,E7,BLOCK* NameSystem.allocateBlock: /<*>/part-<*>. blk_<*>,0.05,Normal,0
HDFS,1235,11-11-2008 03:15,65,UNKNOWN,dfs.DataNode$PacketResponder,INFO,Received block blk_9072486569292195232 of size 67108864 from /10.251.71.68,E11,Received block blk_<*> of size <*> from /<*>,0.05,Normal,0
HDFS,1236,11-11-2008 03:16,40,UNKNOWN,dfs.FSNamesystem,INFO,BLOCK* NameSystem.addStoredBlock: blockMap updated: 10.251.199.159:50010 is added to blk_-4455205822455130625 size 67108864,E6,BLOCK* NameSystem.addStoredBlock: blockMap updated: <*>:<*> is added to blk_<*> size <*>,0.05,Normal,0
HDFS,1237,11-11-2008 03:16,29,UNKNOWN,dfs.DataNode$PacketResponder,INFO,Received block blk_3777399812922072863 of size 67108864 from /10.251.199.225,E11,Received block blk_<*> of size <*> from /<*>,0.05,Normal,0
HDFS,1238,11-11-2008 03:17,40,UNKNOWN,dfs.DataNode$PacketResponder,INFO,PacketResponder 1 for block blk_-4633546693082073737 terminating,E10,PacketResponder <*> for block blk_<*> terminating,0.05,Normal,0
HDFS,1239,11-11-2008 03:17,5,UNKNOWN,dfs.DataNode$PacketResponder,INFO,Received block blk_6799391641508508235 of size 67108864 from /10.251.107.98,E11,Received block blk_<*> of size <*> from /<*>,0.05,Normal,0
HDFS,1240,11-11-2008 03:18,36,UNKNOWN,dfs.DataNode$PacketResponder,INFO,PacketResponder 0 for block blk_1002945451269828722 terminating,E10,PacketResponder <*> for block blk_<*> terminating,0.05,Normal,0
HDFS,1241,11-11-2008 03:19,49,UNKNOWN,dfs.DataNode$PacketResponder,INFO,Received block blk_566413670355737377 of size 67108864 from /10.251.122.79,E11,Received block blk_<*> of size <*> from /<*>,0.05,Normal,0
HDFS,1242,11-11-2008 03:19,38,UNKNOWN,dfs.DataNode$PacketResponder,INFO,PacketResponder 1 for block blk_2819581679409796253 terminating,E10,PacketResponder <*> for block blk_<*> terminating,0.05,Normal,0
HDFS,1243,11-11-2008 03:19,13,UNKNOWN,dfs.FSNamesystem,INFO,BLOCK* NameSystem.addStoredBlock: blockMap updated: 10.251.127.243:50010 is added to blk_1512923509505250283 size 67108864,E6,BLOCK* NameSystem.addStoredBlock: blockMap updated: <*>:<*> is added to blk_<*> size <*>,0.05,Normal,0
HDFS,1244,11-11-2008 03:20,62,UNKNOWN,dfs.FSNamesystem,INFO,BLOCK* NameSystem.allocateBlock: /user/root/rand4/_temporary/_task_200811101024_0009_m_001611_0/part-01611. blk_285336326661214154,E7,BLOCK* NameSystem.allocateBlock: /<*>/part-<*>. blk_<*>,0.05,Normal,0
HDFS,1245,11-11-2008 03:21,28,UNKNOWN,dfs.FSNamesystem,INFO,BLOCK* NameSystem.addStoredBlock: blockMap updated: 10.251.90.134:50010 is added to blk_5955377624764578810 size 67108864,E6,BLOCK* NameSystem.addStoredBlock: blockMap updated: <*>:<*> is added to blk_<*> size <*>,0.05,Normal,0
HDFS,1246,11-11-2008 03:23,156,UNKNOWN,dfs.FSNamesystem,INFO,BLOCK* NameSystem.allocateBlock: /user/root/rand4/_temporary/_task_200811101024_0009_m_001574_0/part-01574. blk_-7458279618877678162,E7,BLOCK* NameSystem.allocateBlock: /<*>/part-<*>. blk_<*>,0.05,Normal,0
HDFS,1247,11-11-2008 03:24,19,UNKNOWN,dfs.DataNode$PacketResponder,INFO,PacketResponder 0 for block blk_5018765878120211503 terminating,E10,PacketResponder <*> for block blk_<*> terminating,0.05,Normal,0
HDFS,1248,11-11-2008 03:25,75,UNKNOWN,dfs.DataNode$DataXceiver,INFO,Receiving block blk_313888672758374538 src: /10.251.39.179:40031 dest: /10.251.39.179:50010,E13,Receiving block blk_<*> src: /<*>:<*> dest: /<*>:<*>,0.05,Normal,0
HDFS,1249,11-11-2008 03:25,13,UNKNOWN,dfs.FSNamesystem,INFO,BLOCK* NameSystem.addStoredBlock: blockMap updated: 10.251.109.209:50010 is added to blk_3764801892187716497 size 67108864,E6,BLOCK* NameSystem.addStoredBlock: blockMap updated: <*>:<*> is added to blk_<*> size <*>,0.05,Normal,0
HDFS,1250,11-11-2008 03:26,28,UNKNOWN,dfs.DataNode$PacketResponder,INFO,Received block blk_-3491385689517593364 of size 67108864 from /10.251.193.224,E11,Received block blk_<*> of size <*> from /<*>,0.05,Normal,0
HDFS,1251,11-11-2008 03:26,43,UNKNOWN,dfs.DataNode$PacketResponder,INFO,Received block blk_-2243784245784480521 of size 67108864 from /10.250.6.191,E11,Received block blk_<*> of size <*> from /<*>,0.05,Normal,0
HDFS,1252,11-11-2008 03:28,78,UNKNOWN,dfs.FSNamesystem,INFO,BLOCK* NameSystem.addStoredBlock: blockMap updated: 10.250.6.223:50010 is added to blk_-4052810234606327693 size 67108864,E6,BLOCK* NameSystem.addStoredBlock: blockMap updated: <*>:<*> is added to blk_<*> size <*>,0.05,Normal,0
HDFS,1253,11-11-2008 03:28,12,UNKNOWN,dfs.DataNode$PacketResponder,INFO,PacketResponder 2 for block blk_-6695620358347030339 terminating,E10,PacketResponder <*> for block blk_<*> terminating,0.05,Normal,0
HDFS,1254,11-11-2008 03:28,3,UNKNOWN,dfs.DataNode$PacketResponder,INFO,PacketResponder 0 for block blk_-5102453487463005287 terminating,E10,PacketResponder <*> for block blk_<*> terminating,0.05,Normal,0
HDFS,1255,11-11-2008 03:29,32,UNKNOWN,dfs.DataNode$DataXceiver,INFO,Receiving block blk_7924393760966842810 src: /10.251.202.209:59148 dest: /10.251.202.209:50010,E13,Receiving block blk_<*> src: /<*>:<*> dest: /<*>:<*>,0.05,Normal,0
HDFS,1256,11-11-2008 03:29,17,UNKNOWN,dfs.DataNode$PacketResponder,INFO,Received block blk_5915244038969911075 of size 67108864 from /10.250.11.53,E11,Received block blk_<*> of size <*> from /<*>,0.05,Normal,0
HDFS,1257,11-11-2008 03:31,113,UNKNOWN,dfs.FSNamesystem,INFO,BLOCK* NameSystem.addStoredBlock: blockMap updated: 10.250.10.144:50010 is added to blk_3243316191092266549 size 67108864,E6,BLOCK* NameSystem.addStoredBlock: blockMap updated: <*>:<*> is added to blk_<*> size <*>,0.05,Normal,0
HDFS,1258,11-11-2008 03:31,15,UNKNOWN,dfs.DataNode$PacketResponder,INFO,PacketResponder 1 for block blk_8229768485681546149 terminating,E10,PacketResponder <*> for block blk_<*> terminating,0.05,Normal,0
HDFS,1259,11-11-2008 03:32,46,UNKNOWN,dfs.FSNamesystem,INFO,BLOCK* NameSystem.addStoredBlock: blockMap updated: 10.251.43.21:50010 is added to blk_3206064173813164493 size 67108864,E6,BLOCK* NameSystem.addStoredBlock: blockMap updated: <*>:<*> is added to blk_<*> size <*>,0.05,Normal,0
HDFS,1260,11-11-2008 03:34,135,UNKNOWN,dfs.DataNode$PacketResponder,INFO,PacketResponder 2 for block blk_-1957299792594627113 terminating,E10,PacketResponder <*> for block blk_<*> terminating,0.05,Normal,0
HDFS,1261,11-11-2008 03:34,18,UNKNOWN,dfs.DataNode$DataXceiver,INFO,Receiving block blk_-1690784932539647416 src: /10.251.31.180:50205 dest: /10.251.31.180:50010,E13,Receiving block blk_<*> src: /<*>:<*> dest: /<*>:<*>,0.05,Normal,0
HDFS,1262,11-11-2008 03:35,21,UNKNOWN,dfs.DataNode$PacketResponder,INFO,PacketResponder 1 for block blk_6745520736924802462 terminating,E10,PacketResponder <*> for block blk_<*> terminating,0.05,Normal,0
HDFS,1263,11-11-2008 03:38,194,UNKNOWN,dfs.FSNamesystem,INFO,BLOCK* NameSystem.delete: blk_-1525964299678787959 is added to invalidSet of 10.251.37.240:50010,E8,BLOCK* NameSystem.delete: blk_<*> is added to invalidSet of <*>:<*>,0.05,Normal,0
HDFS,1264,11-11-2008 03:38,4,UNKNOWN,dfs.FSNamesystem,INFO,BLOCK* NameSystem.delete: blk_7045475543362904558 is added to invalidSet of 10.251.106.214:50010,E8,BLOCK* NameSystem.delete: blk_<*> is added to invalidSet of <*>:<*>,0.05,Normal,0
HDFS,1265,11-11-2008 03:38,1,UNKNOWN,dfs.FSNamesystem,INFO,BLOCK* NameSystem.delete: blk_-6802124772693111025 is added to invalidSet of 10.251.66.63:50010,E8,BLOCK* NameSystem.delete: blk_<*> is added to invalidSet of <*>:<*>,0.05,Normal,0
HDFS,1266,11-11-2008 03:38,5,UNKNOWN,dfs.FSDataset,INFO,Deleting block blk_-5205950257901523262 file /mnt/hadoop/dfs/data/current/subdir40/blk_-5205950257901523262,E9,Deleting block blk_<*> file /<*>/blk_<*>,0.05,Normal,0
HDFS,1267,11-11-2008 03:39,56,UNKNOWN,dfs.DataNode$PacketResponder,INFO,PacketResponder 2 for block blk_-1649239999940418046 terminating,E10,PacketResponder <*> for block blk_<*> terminating,0.05,Normal,0
HDFS,1268,11-11-2008 03:39,2,UNKNOWN,dfs.DataNode$PacketResponder,INFO,Received block blk_6880728743505526406 of size 67108864 from /10.251.197.226,E11,Received block blk_<*> of size <*> from /<*>,0.05,Normal,0
HDFS,1269,11-11-2008 03:39,8,UNKNOWN,dfs.DataNode$DataXceiver,INFO,Receiving block blk_5256716488526744434 src: /10.251.73.220:42064 dest: /10.251.73.220:50010,E13,Receiving block blk_<*> src: /<*>:<*> dest: /<*>:<*>,0.05,Normal,0
HDFS,1270,11-11-2008 03:39,18,UNKNOWN,dfs.FSNamesystem,INFO,BLOCK* NameSystem.addStoredBlock: blockMap updated: 10.251.26.177:50010 is added to blk_6928449948805597176 size 67108864,E6,BLOCK* NameSystem.addStoredBlock: blockMap updated: <*>:<*> is added to blk_<*> size <*>,0.05,Normal,0
HDFS,1271,11-11-2008 03:41,72,UNKNOWN,dfs.DataNode$PacketResponder,INFO,PacketResponder 2 for block blk_2529569087635823495 terminating,E10,PacketResponder <*> for block blk_<*> terminating,0.05,Normal,0
HDFS,1272,11-11-2008 03:42,107,UNKNOWN,dfs.FSNamesystem,INFO,BLOCK* NameSystem.allocateBlock: /user/root/randtxt4/_temporary/_task_200811101024_0010_m_000222_0/part-00222. blk_3764836840384130740,E7,BLOCK* NameSystem.allocateBlock: /<*>/part-<*>. blk_<*>,0.05,Normal,0
HDFS,1273,11-11-2008 03:43,31,UNKNOWN,dfs.DataNode$DataXceiver,INFO,Receiving block blk_3020717811556957482 src: /10.251.90.81:48077 dest: /10.251.90.81:50010,E13,Receiving block blk_<*> src: /<*>:<*> dest: /<*>:<*>,0.05,Normal,0
HDFS,1274,11-11-2008 03:43,28,UNKNOWN,dfs.DataNode$PacketResponder,INFO,Received block blk_-577659324269246113 of size 67108864 from /10.251.203.179,E11,Received block blk_<*> of size <*> from /<*>,0.05,Normal,0
HDFS,1275,11-11-2008 03:44,65,UNKNOWN,dfs.DataNode$PacketResponder,INFO,PacketResponder 0 for block blk_6137960563260046065 terminating,E10,PacketResponder <*> for block blk_<*> terminating,0.05,Normal,0
HDFS,1276,11-11-2008 03:46,64,UNKNOWN,dfs.FSNamesystem,INFO,BLOCK* NameSystem.addStoredBlock: blockMap updated: 10.251.203.246:50010 is added to blk_-6909400912794057067 size 67108864,E6,BLOCK* NameSystem.addStoredBlock: blockMap updated: <*>:<*> is added to blk_<*> size <*>,0.05,Normal,0
HDFS,1277,11-11-2008 03:47,72,UNKNOWN,dfs.FSNamesystem,INFO,BLOCK* NameSystem.addStoredBlock: blockMap updated: 10.251.43.192:50010 is added to blk_8249475180346179102 size 67108864,E6,BLOCK* NameSystem.addStoredBlock: blockMap updated: <*>:<*> is added to blk_<*> size <*>,0.05,Normal,0
HDFS,1278,11-11-2008 03:47,14,UNKNOWN,dfs.DataNode$PacketResponder,INFO,Received block blk_-5045144756510626150 of size 67108864 from /10.251.39.160,E11,Received block blk_<*> of size <*> from /<*>,0.05,Normal,0
HDFS,1279,11-11-2008 03:47,16,UNKNOWN,dfs.DataNode$PacketResponder,INFO,Received block blk_752365829198406123 of size 67108864 from /10.250.6.214,E11,Received block blk_<*> of size <*> from /<*>,0.05,Normal,0
HDFS,1280,11-11-2008 03:49,115,UNKNOWN,dfs.DataNode$PacketResponder,INFO,PacketResponder 2 for block blk_5663417083925711869 terminating,E10,PacketResponder <*> for block blk_<*> terminating,0.05,Normal,0
HDFS,1281,11-11-2008 03:49,8,UNKNOWN,dfs.DataNode$PacketResponder,INFO,PacketResponder 2 for block blk_-2014243777892518956 terminating,E10,PacketResponder <*> for block blk_<*> terminating,0.05,Normal,0
HDFS,1282,11-11-2008 03:50,25,UNKNOWN,dfs.DataNode$DataXceiver,INFO,Receiving block blk_-8123824094195108685 src: /10.251.194.213:54308 dest: /10.251.194.213:50010,E13,Receiving block blk_<*> src: /<*>:<*> dest: /<*>:<*>,0.05,Normal,0
HDFS,1283,11-11-2008 03:51,63,UNKNOWN,dfs.DataNode$DataXceiver,INFO,Receiving block blk_2080318574920472813 src: /10.251.39.64:40530 dest: /10.251.39.64:50010,E13,Receiving block blk_<*> src: /<*>:<*> dest: /<*>:<*>,0.05,Normal,0
HDFS,1284,11-11-2008 03:51,2,UNKNOWN,dfs.DataNode$PacketResponder,INFO,Received block blk_-290874442865281380 of size 28497700 from /10.251.203.179,E11,Received block blk_<*> of size <*> from /<*>,0.05,Normal,0
HDFS,1285,11-11-2008 03:51,37,UNKNOWN,dfs.FSNamesystem,INFO,BLOCK* NameSystem.addStoredBlock: blockMap updated: 10.251.73.220:50010 is added to blk_5953577136151423920 size 67108864,E6,BLOCK* NameSystem.addStoredBlock: blockMap updated: <*>:<*> is added to blk_<*> size <*>,0.05,Normal,0
HDFS,1286,11-11-2008 03:52,55,UNKNOWN,dfs.DataNode$PacketResponder,INFO,PacketResponder 1 for block blk_-2780312306380730204 terminating,E10,PacketResponder <*> for block blk_<*> terminating,0.05,Normal,0
HDFS,1287,11-11-2008 03:54,90,UNKNOWN,dfs.DataNode$PacketResponder,INFO,PacketResponder 2 for block blk_-633826175832239328 terminating,E10,PacketResponder <*> for block blk_<*> terminating,0.05,Normal,0
HDFS,1288,11-11-2008 03:55,75,UNKNOWN,dfs.FSNamesystem,INFO,BLOCK* NameSystem.addStoredBlock: blockMap updated: 10.250.15.101:50010 is added to blk_-6540455811923725840 size 67108864,E6,BLOCK* NameSystem.addStoredBlock: blockMap updated: <*>:<*> is added to blk_<*> size <*>,0.05,Normal,0
HDFS,1289,11-11-2008 03:56,48,UNKNOWN,dfs.FSNamesystem,INFO,BLOCK* NameSystem.addStoredBlock: blockMap updated: 10.251.123.1:50010 is added to blk_6308888821787547357 size 67108864,E6,BLOCK* NameSystem.addStoredBlock: blockMap updated: <*>:<*> is added to blk_<*> size <*>,0.05,Normal,0
HDFS,1290,11-11-2008 03:58,134,UNKNOWN,dfs.DataNode$PacketResponder,INFO,PacketResponder 1 for block blk_4638603954320058978 terminating,E10,PacketResponder <*> for block blk_<*> terminating,0.05,Normal,0
HDFS,1291,11-11-2008 03:59,39,UNKNOWN,dfs.FSNamesystem,INFO,BLOCK* NameSystem.addStoredBlock: blockMap updated: 10.251.91.229:50010 is added to blk_-4651707530079874243 size 67108864,E6,BLOCK* NameSystem.addStoredBlock: blockMap updated: <*>:<*> is added to blk_<*> size <*>,0.05,Normal,0
HDFS,1292,11-11-2008 03:59,2,UNKNOWN,dfs.DataNode$PacketResponder,INFO,PacketResponder 2 for block blk_5115892145206906855 terminating,E10,PacketResponder <*> for block blk_<*> terminating,0.05,Normal,0
HDFS,1293,11-11-2008 03:59,33,UNKNOWN,dfs.DataNode$PacketResponder,INFO,PacketResponder 1 for block blk_-2421414377433740760 terminating,E10,PacketResponder <*> for block blk_<*> terminating,0.05,Normal,0
HDFS,1294,11-11-2008 03:59,9,UNKNOWN,dfs.DataNode$PacketResponder,INFO,Received block blk_-420564586555502239 of size 67108864 from /10.251.90.64,E11,Received block blk_<*> of size <*> from /<*>,0.05,Normal,0
HDFS,1295,11-11-2008 04:01,70,UNKNOWN,dfs.FSNamesystem,INFO,BLOCK* NameSystem.allocateBlock: /user/root/randtxt4/_temporary/_task_200811101024_0010_m_000881_0/part-00881. blk_-3091906986951252347,E7,BLOCK* NameSystem.allocateBlock: /<*>/part-<*>. blk_<*>,0.05,Normal,0
HDFS,1296,11-11-2008 04:02,99,UNKNOWN,dfs.DataNode$PacketResponder,INFO,PacketResponder 2 for block blk_-4068751061953213467 terminating,E10,PacketResponder <*> for block blk_<*> terminating,0.05,Normal,0
HDFS,1297,11-11-2008 04:02,5,UNKNOWN,dfs.DataNode$PacketResponder,INFO,PacketResponder 0 for block blk_-3025440686907267472 terminating,E10,PacketResponder <*> for block blk_<*> terminating,0.05,Normal,0
HDFS,1298,11-11-2008 04:04,71,UNKNOWN,dfs.FSNamesystem,INFO,BLOCK* NameSystem.addStoredBlock: blockMap updated: 10.251.215.70:50010 is added to blk_-420818767915591010 size 67108864,E6,BLOCK* NameSystem.addStoredBlock: blockMap updated: <*>:<*> is added to blk_<*> size <*>,0.05,Normal,0
HDFS,1299,11-11-2008 04:04,3,UNKNOWN,dfs.DataNode$PacketResponder,INFO,PacketResponder 2 for block blk_8422946850755720617 terminating,E10,PacketResponder <*> for block blk_<*> terminating,0.05,Normal,0
HDFS,1300,11-11-2008 04:04,20,UNKNOWN,dfs.DataNode$DataXceiver,INFO,Receiving block blk_-5646228903161999640 src: /10.251.71.97:60870 dest: /10.251.71.97:50010,E13,Receiving block blk_<*> src: /<*>:<*> dest: /<*>:<*>,0.05,Normal,0
HDFS,1301,11-11-2008 04:05,56,UNKNOWN,dfs.DataNode$PacketResponder,INFO,PacketResponder 0 for block blk_-7024895786822269814 terminating,E10,PacketResponder <*> for block blk_<*> terminating,0.05,Normal,0
HDFS,1302,11-11-2008 04:05,16,UNKNOWN,dfs.DataNode$PacketResponder,INFO,PacketResponder 0 for block blk_-4430291708660291878 terminating,E10,PacketResponder <*> for block blk_<*> terminating,0.05,Normal,0
HDFS,1303,11-11-2008 04:05,6,UNKNOWN,dfs.DataNode$DataXceiver,INFO,Receiving block blk_-6250368566161066085 src: /10.251.31.180:42992 dest: /10.251.31.180:50010,E13,Receiving block blk_<*> src: /<*>:<*> dest: /<*>:<*>,0.05,Normal,0
HDFS,1304,11-11-2008 04:05,1,UNKNOWN,dfs.DataNode$DataXceiver,INFO,Receiving block blk_-6213380972217661202 src: /10.251.203.149:40478 dest: /10.251.203.149:50010,E13,Receiving block blk_<*> src: /<*>:<*> dest: /<*>:<*>,0.05,Normal,0
HDFS,1305,11-11-2008 04:06,20,UNKNOWN,dfs.DataNode$PacketResponder,INFO,Received block blk_3813891701916249413 of size 67108864 from /10.251.121.224,E11,Received block blk_<*> of size <*> from /<*>,0.05,Normal,0
HDFS,1306,11-11-2008 04:06,22,UNKNOWN,dfs.DataNode$PacketResponder,INFO,PacketResponder 2 for block blk_903961454948542202 terminating,E10,PacketResponder <*> for block blk_<*> terminating,0.05,Normal,0
HDFS,1307,11-11-2008 04:06,27,UNKNOWN,dfs.FSNamesystem,INFO,BLOCK* NameSystem.addStoredBlock: blockMap updated: 10.251.42.16:50010 is added to blk_3954386352306480748 size 67108864,E6,BLOCK* NameSystem.addStoredBlock: blockMap updated: <*>:<*> is added to blk_<*> size <*>,0.05,Normal,0
HDFS,1308,11-11-2008 04:06,5,UNKNOWN,dfs.FSNamesystem,INFO,BLOCK* NameSystem.addStoredBlock: blockMap updated: 10.251.105.189:50010 is added to blk_4812792845864526586 size 67108864,E6,BLOCK* NameSystem.addStoredBlock: blockMap updated: <*>:<*> is added to blk_<*> size <*>,0.05,Normal,0
HDFS,1309,11-11-2008 04:07,30,UNKNOWN,dfs.FSNamesystem,INFO,BLOCK* NameSystem.addStoredBlock: blockMap updated: 10.251.70.211:50010 is added to blk_5570475465835003801 size 67108864,E6,BLOCK* NameSystem.addStoredBlock: blockMap updated: <*>:<*> is added to blk_<*> size <*>,0.05,Normal,0
HDFS,1310,11-11-2008 04:07,23,UNKNOWN,dfs.DataNode$PacketResponder,INFO,Received block blk_-9190864897806028230 of size 67108864 from /10.251.214.130,E11,Received block blk_<*> of size <*> from /<*>,0.05,Normal,0
HDFS,1311,11-11-2008 04:07,3,UNKNOWN,dfs.FSNamesystem,INFO,BLOCK* NameSystem.addStoredBlock: blockMap updated: 10.251.31.242:50010 is added to blk_-4342304152206614489 size 67108864,E6,BLOCK* NameSystem.addStoredBlock: blockMap updated: <*>:<*> is added to blk_<*> size <*>,0.05,Normal,0
HDFS,1312,11-11-2008 04:08,63,UNKNOWN,dfs.DataNode$PacketResponder,INFO,PacketResponder 0 for block blk_-190773840747023361 terminating,E10,PacketResponder <*> for block blk_<*> terminating,0.05,Normal,0
HDFS,1313,11-11-2008 04:10,67,UNKNOWN,dfs.FSNamesystem,INFO,BLOCK* NameSystem.addStoredBlock: blockMap updated: 10.251.71.240:50010 is added to blk_-5580048401594934039 size 67108864,E6,BLOCK* NameSystem.addStoredBlock: blockMap updated: <*>:<*> is added to blk_<*> size <*>,0.05,Normal,0
HDFS,1314,11-11-2008 04:10,35,UNKNOWN,dfs.FSNamesystem,INFO,BLOCK* NameSystem.addStoredBlock: blockMap updated: 10.251.39.242:50010 is added to blk_6640583412927022083 size 67108864,E6,BLOCK* NameSystem.addStoredBlock: blockMap updated: <*>:<*> is added to blk_<*> size <*>,0.05,Normal,0
HDFS,1315,11-11-2008 04:11,32,UNKNOWN,dfs.FSNamesystem,INFO,BLOCK* NameSystem.addStoredBlock: blockMap updated: 10.251.65.203:50010 is added to blk_-1332315107905285608 size 67108864,E6,BLOCK* NameSystem.addStoredBlock: blockMap updated: <*>:<*> is added to blk_<*> size <*>,0.05,Normal,0
HDFS,1316,11-11-2008 04:12,67,UNKNOWN,dfs.DataNode$PacketResponder,INFO,Received block blk_3550669278239526374 of size 67108864 from /10.251.123.1,E11,Received block blk_<*> of size <*> from /<*>,0.05,Normal,0
HDFS,1317,11-11-2008 04:12,1,UNKNOWN,dfs.DataNode$PacketResponder,INFO,PacketResponder 0 for block blk_4873550540813847659 terminating,E10,PacketResponder <*> for block blk_<*> terminating,0.05,Normal,0
HDFS,1318,11-11-2008 04:12,33,UNKNOWN,dfs.DataNode$DataXceiver,INFO,Receiving block blk_-1133573997287815203 src: /10.251.123.195:59430 dest: /10.251.123.195:50010,E13,Receiving block blk_<*> src: /<*>:<*> dest: /<*>:<*>,0.05,Normal,0
HDFS,1319,11-11-2008 04:13,57,UNKNOWN,dfs.FSNamesystem,INFO,BLOCK* NameSystem.addStoredBlock: blockMap updated: 10.251.74.134:50010 is added to blk_2740792916077430444 size 28482383,E6,BLOCK* NameSystem.addStoredBlock: blockMap updated: <*>:<*> is added to blk_<*> size <*>,0.05,Normal,0
HDFS,1320,11-11-2008 04:14,36,UNKNOWN,dfs.DataNode$PacketResponder,INFO,PacketResponder 0 for block blk_2851869865185325732 terminating,E10,PacketResponder <*> for block blk_<*> terminating,0.05,Normal,0
HDFS,1321,11-11-2008 04:14,18,UNKNOWN,dfs.DataNode$PacketResponder,INFO,PacketResponder 0 for block blk_-1842096107468319932 terminating,E10,PacketResponder <*> for block blk_<*> terminating,0.05,Normal,0
HDFS,1322,11-11-2008 04:15,26,UNKNOWN,dfs.DataNode$PacketResponder,INFO,Received block blk_-8965508153794244104 of size 28494398 from /10.251.70.112,E11,Received block blk_<*> of size <*> from /<*>,0.05,Normal,0
HDFS,1323,11-11-2008 04:15,23,UNKNOWN,dfs.DataNode$DataXceiver,INFO,Receiving block blk_1074754942323612586 src: /10.251.202.181:45279 dest: /10.251.202.181:50010,E13,Receiving block blk_<*> src: /<*>:<*> dest: /<*>:<*>,0.05,Normal,0
HDFS,1324,11-11-2008 04:15,2,UNKNOWN,dfs.DataNode$DataXceiver,INFO,Receiving block blk_-7727864185516010230 src: /10.251.43.192:36039 dest: /10.251.43.192:50010,E13,Receiving block blk_<*> src: /<*>:<*> dest: /<*>:<*>,0.05,Normal,0
HDFS,1325,11-11-2008 04:17,87,UNKNOWN,dfs.DataNode$PacketResponder,INFO,PacketResponder 2 for block blk_-4779205255695723216 terminating,E10,PacketResponder <*> for block blk_<*> terminating,0.05,Normal,0
HDFS,1326,11-11-2008 04:17,33,UNKNOWN,dfs.DataNode$PacketResponder,INFO,PacketResponder 0 for block blk_2261089810991980611 terminating,E10,PacketResponder <*> for block blk_<*> terminating,0.05,Normal,0
HDFS,1327,11-11-2008 04:18,37,UNKNOWN,dfs.DataNode$DataXceiver,INFO,Receiving block blk_5335498635665743905 src: /10.251.73.220:50095 dest: /10.251.73.220:50010,E13,Receiving block blk_<*> src: /<*>:<*> dest: /<*>:<*>,0.05,Normal,0
HDFS,1328,11-11-2008 04:19,75,UNKNOWN,dfs.DataNode$DataXceiver,INFO,Receiving block blk_-5144503768267321004 src: /10.251.107.19:36862 dest: /10.251.107.19:50010,E13,Receiving block blk_<*> src: /<*>:<*> dest: /<*>:<*>,0.05,Normal,0
HDFS,1329,11-11-2008 04:20,43,UNKNOWN,dfs.DataNode$PacketResponder,INFO,PacketResponder 1 for block blk_1927336911952959118 terminating,E10,PacketResponder <*> for block blk_<*> terminating,0.05,Normal,0
HDFS,1330,11-11-2008 04:20,15,UNKNOWN,dfs.FSNamesystem,INFO,BLOCK* NameSystem.addStoredBlock: blockMap updated: 10.251.203.166:50010 is added to blk_-2332150303475653460 size 67108864,E6,BLOCK* NameSystem.addStoredBlock: blockMap updated: <*>:<*> is added to blk_<*> size <*>,0.05,Normal,0
HDFS,1331,11-11-2008 04:20,18,UNKNOWN,dfs.DataNode$PacketResponder,INFO,PacketResponder 2 for block blk_2111886617384066018 terminating,E10,PacketResponder <*> for block blk_<*> terminating,0.05,Normal,0
HDFS,1332,11-11-2008 04:21,18,UNKNOWN,dfs.DataNode$DataXceiver,INFO,Receiving block blk_-2506231977021079951 src: /10.251.31.160:57634 dest: /10.251.31.160:50010,E13,Receiving block blk_<*> src: /<*>:<*> dest: /<*>:<*>,0.05,Normal,0
HDFS,1333,11-11-2008 04:21,29,UNKNOWN,dfs.FSNamesystem,INFO,BLOCK* NameSystem.addStoredBlock: blockMap updated: 10.251.199.86:50010 is added to blk_4330492872922862223 size 67108864,E6,BLOCK* NameSystem.addStoredBlock: blockMap updated: <*>:<*> is added to blk_<*> size <*>,0.05,Normal,0
HDFS,1334,11-11-2008 04:23,144,UNKNOWN,dfs.DataNode$PacketResponder,INFO,PacketResponder 2 for block blk_6918427074195439966 terminating,E10,PacketResponder <*> for block blk_<*> terminating,0.05,Normal,0
HDFS,1335,11-11-2008 04:24,23,UNKNOWN,dfs.DataNode$DataXceiver,INFO,Receiving block blk_4284688617983009262 src: /10.251.91.32:57548 dest: /10.251.91.32:50010,E13,Receiving block blk_<*> src: /<*>:<*> dest: /<*>:<*>,0.05,Normal,0
HDFS,1336,11-11-2008 04:24,11,UNKNOWN,dfs.FSNamesystem,INFO,BLOCK* NameSystem.addStoredBlock: blockMap updated: 10.251.31.5:50010 is added to blk_5813361416484537967 size 67108864,E6,BLOCK* NameSystem.addStoredBlock: blockMap updated: <*>:<*> is added to blk_<*> size <*>,0.05,Normal,0
HDFS,1337,11-11-2008 04:24,29,UNKNOWN,dfs.DataNode$DataXceiver,INFO,Receiving block blk_-2313277713021896570 src: /10.251.123.195:58823 dest: /10.251.123.195:50010,E13,Receiving block blk_<*> src: /<*>:<*> dest: /<*>:<*>,0.05,Normal,0
HDFS,1338,11-11-2008 04:24,1,UNKNOWN,dfs.DataNode$PacketResponder,INFO,PacketResponder 0 for block blk_-7778922135767840250 terminating,E10,PacketResponder <*> for block blk_<*> terminating,0.05,Normal,0
HDFS,1339,11-11-2008 04:26,88,UNKNOWN,dfs.DataNode$DataXceiver,INFO,Receiving block blk_-7350482598011027441 src: /10.250.7.96:41476 dest: /10.250.7.96:50010,E13,Receiving block blk_<*> src: /<*>:<*> dest: /<*>:<*>,0.05,Normal,0
HDFS,1340,11-11-2008 04:27,70,UNKNOWN,dfs.DataNode$PacketResponder,INFO,Received block blk_-3607860197409267245 of size 28503188 from /10.251.31.180,E11,Received block blk_<*> of size <*> from /<*>,0.05,Normal,0
HDFS,1341,11-11-2008 04:28,49,UNKNOWN,dfs.DataNode$PacketResponder,INFO,PacketResponder 1 for block blk_4178945095089206682 terminating,E10,PacketResponder <*> for block blk_<*> terminating,0.05,Normal,0
HDFS,1342,11-11-2008 04:30,111,UNKNOWN,dfs.DataNode$PacketResponder,INFO,PacketResponder 2 for block blk_-3363550789841756902 terminating,E10,PacketResponder <*> for block blk_<*> terminating,0.05,Normal,0
HDFS,1343,11-11-2008 04:30,27,UNKNOWN,dfs.DataNode$DataXceiver,INFO,Receiving block blk_345577139488306634 src: /10.251.37.240:38873 dest: /10.251.37.240:50010,E13,Receiving block blk_<*> src: /<*>:<*> dest: /<*>:<*>,0.05,Normal,0
HDFS,1344,11-11-2008 04:31,24,UNKNOWN,dfs.FSNamesystem,INFO,BLOCK* NameSystem.addStoredBlock: blockMap updated: 10.251.71.193:50010 is added to blk_4577632468651859430 size 67108864,E6,BLOCK* NameSystem.addStoredBlock: blockMap updated: <*>:<*> is added to blk_<*> size <*>,0.05,Normal,0
HDFS,1345,11-11-2008 04:31,26,UNKNOWN,dfs.FSNamesystem,INFO,BLOCK* NameSystem.allocateBlock: /user/root/randtxt4/_temporary/_task_200811101024_0010_m_001716_0/part-01716. blk_-2051219911597308805,E7,BLOCK* NameSystem.allocateBlock: /<*>/part-<*>. blk_<*>,0.05,Normal,0
HDFS,1346,11-11-2008 04:31,8,UNKNOWN,dfs.DataNode$PacketResponder,INFO,PacketResponder 1 for block blk_-2680500627064966252 terminating,E10,PacketResponder <*> for block blk_<*> terminating,0.05,Normal,0
HDFS,1347,11-11-2008 04:32,42,UNKNOWN,dfs.DataNode$DataXceiver,INFO,Receiving block blk_-9092685890953655332 src: /10.250.15.240:43274 dest: /10.250.15.240:50010,E13,Receiving block blk_<*> src: /<*>:<*> dest: /<*>:<*>,0.05,Normal,0
HDFS,1348,11-11-2008 04:33,79,UNKNOWN,dfs.DataNode$DataXceiver,INFO,Receiving block blk_-4473020641607592551 src: /10.251.42.191:48114 dest: /10.251.42.191:50010,E13,Receiving block blk_<*> src: /<*>:<*> dest: /<*>:<*>,0.05,Normal,0
HDFS,1349,11-11-2008 04:33,17,UNKNOWN,dfs.FSNamesystem,INFO,BLOCK* NameSystem.addStoredBlock: blockMap updated: 10.251.111.37:50010 is added to blk_-524128780228307052 size 67108864,E6,BLOCK* NameSystem.addStoredBlock: blockMap updated: <*>:<*> is added to blk_<*> size <*>,0.05,Normal,0
HDFS,1350,11-11-2008 04:35,77,UNKNOWN,dfs.DataNode$PacketResponder,INFO,Received block blk_4443043493758564822 of size 67108864 from /10.251.106.37,E11,Received block blk_<*> of size <*> from /<*>,0.05,Normal,0
HDFS,1351,11-11-2008 04:36,75,UNKNOWN,dfs.DataNode$PacketResponder,INFO,Received block blk_5118390778403008591 of size 67108864 from /10.251.30.101,E11,Received block blk_<*> of size <*> from /<*>,0.05,Normal,0
HDFS,1352,11-11-2008 04:37,76,UNKNOWN,dfs.DataNode$DataXceiver,INFO,Receiving block blk_2737505352081488746 src: /10.251.194.245:52516 dest: /10.251.194.245:50010,E13,Receiving block blk_<*> src: /<*>:<*> dest: /<*>:<*>,0.05,Normal,0
HDFS,1353,11-11-2008 04:38,39,UNKNOWN,dfs.DataNode$PacketResponder,INFO,Received block blk_-9013487557842539661 of size 28485342 from /10.251.215.192,E11,Received block blk_<*> of size <*> from /<*>,0.05,Normal,0
HDFS,1354,11-11-2008 04:39,38,UNKNOWN,dfs.DataNode$PacketResponder,INFO,PacketResponder 1 for block blk_-8638442557570632582 terminating,E10,PacketResponder <*> for block blk_<*> terminating,0.05,Normal,0
HDFS,1355,11-11-2008 04:40,98,UNKNOWN,dfs.FSNamesystem,INFO,BLOCK* NameSystem.addStoredBlock: blockMap updated: 10.251.202.209:50010 is added to blk_111759050707136656 size 67108864,E6,BLOCK* NameSystem.addStoredBlock: blockMap updated: <*>:<*> is added to blk_<*> size <*>,0.05,Normal,0
HDFS,1356,11-11-2008 04:43,143,UNKNOWN,dfs.FSNamesystem,INFO,BLOCK* NameSystem.delete: blk_2259206517962925438 is added to invalidSet of 10.251.215.16:50010,E8,BLOCK* NameSystem.delete: blk_<*> is added to invalidSet of <*>:<*>,0.05,Normal,0
HDFS,1357,11-11-2008 04:43,0,UNKNOWN,dfs.FSNamesystem,INFO,BLOCK* NameSystem.delete: blk_-3854777877236596649 is added to invalidSet of 10.251.39.160:50010,E8,BLOCK* NameSystem.delete: blk_<*> is added to invalidSet of <*>:<*>,0.05,Normal,0
HDFS,1358,11-11-2008 04:43,1,UNKNOWN,dfs.FSNamesystem,INFO,BLOCK* NameSystem.delete: blk_-4265150363959543078 is added to invalidSet of 10.251.39.160:50010,E8,BLOCK* NameSystem.delete: blk_<*> is added to invalidSet of <*>:<*>,0.05,Normal,0
HDFS,1359,11-11-2008 04:43,4,UNKNOWN,dfs.FSNamesystem,INFO,BLOCK* NameSystem.delete: blk_3729730843466061623 is added to invalidSet of 10.251.27.63:50010,E8,BLOCK* NameSystem.delete: blk_<*> is added to invalidSet of <*>:<*>,0.05,Normal,0
HDFS,1360,11-11-2008 04:43,1,UNKNOWN,dfs.FSNamesystem,INFO,BLOCK* NameSystem.delete: blk_3876184938151091897 is added to invalidSet of 10.251.30.85:50010,E8,BLOCK* NameSystem.delete: blk_<*> is added to invalidSet of <*>:<*>,0.05,Normal,0
HDFS,1361,11-11-2008 04:43,1,UNKNOWN,dfs.FSNamesystem,INFO,BLOCK* NameSystem.delete: blk_-1227720343537039835 is added to invalidSet of 10.251.202.134:50010,E8,BLOCK* NameSystem.delete: blk_<*> is added to invalidSet of <*>:<*>,0.05,Normal,0
HDFS,1362,11-11-2008 04:43,3,UNKNOWN,dfs.FSNamesystem,INFO,BLOCK* NameSystem.delete: blk_-6921441628286995043 is added to invalidSet of 10.251.126.83:50010,E8,BLOCK* NameSystem.delete: blk_<*> is added to invalidSet of <*>:<*>,0.05,Normal,0
HDFS,1363,11-11-2008 04:43,1,UNKNOWN,dfs.FSNamesystem,INFO,BLOCK* NameSystem.delete: blk_3539852484771802299 is added to invalidSet of 10.250.19.227:50010,E8,BLOCK* NameSystem.delete: blk_<*> is added to invalidSet of <*>:<*>,0.05,Normal,0
HDFS,1364,11-11-2008 04:43,1,UNKNOWN,dfs.FSNamesystem,INFO,BLOCK* NameSystem.delete: blk_2341651676737321162 is added to invalidSet of 10.251.203.129:50010,E8,BLOCK* NameSystem.delete: blk_<*> is added to invalidSet of <*>:<*>,0.05,Normal,0
HDFS,1365,11-11-2008 04:43,2,UNKNOWN,dfs.FSNamesystem,INFO,BLOCK* NameSystem.delete: blk_-765820154946060546 is added to invalidSet of 10.251.65.203:50010,E8,BLOCK* NameSystem.delete: blk_<*> is added to invalidSet of <*>:<*>,0.05,Normal,0
HDFS,1366,11-11-2008 04:43,1,UNKNOWN,dfs.FSNamesystem,INFO,BLOCK* NameSystem.delete: blk_-2492400942012223395 is added to invalidSet of 10.251.202.209:50010,E8,BLOCK* NameSystem.delete: blk_<*> is added to invalidSet of <*>:<*>,0.05,Normal,0
HDFS,1367,11-11-2008 04:43,1,UNKNOWN,dfs.FSNamesystem,INFO,BLOCK* NameSystem.delete: blk_-8351015090014570293 is added to invalidSet of 10.251.199.86:50010,E8,BLOCK* NameSystem.delete: blk_<*> is added to invalidSet of <*>:<*>,0.05,Normal,0
HDFS,1368,11-11-2008 04:43,8,UNKNOWN,dfs.FSNamesystem,INFO,BLOCK* NameSystem.delete: blk_-328970571549408286 is added to invalidSet of 10.251.214.32:50010,E8,BLOCK* NameSystem.delete: blk_<*> is added to invalidSet of <*>:<*>,0.05,Normal,0
HDFS,1369,11-11-2008 04:43,0,UNKNOWN,dfs.FSNamesystem,INFO,BLOCK* NameSystem.delete: blk_-8130925109202184099 is added to invalidSet of 10.251.125.193:50010,E8,BLOCK* NameSystem.delete: blk_<*> is added to invalidSet of <*>:<*>,0.05,Normal,0
HDFS,1370,11-11-2008 04:43,3,UNKNOWN,dfs.FSNamesystem,INFO,BLOCK* NameSystem.delete: blk_-3242342105286997235 is added to invalidSet of 10.251.71.97:50010,E8,BLOCK* NameSystem.delete: blk_<*> is added to invalidSet of <*>:<*>,0.05,Normal,0
HDFS,1371,11-11-2008 04:43,1,UNKNOWN,dfs.FSNamesystem,INFO,BLOCK* NameSystem.delete: blk_2468407162668753567 is added to invalidSet of 10.251.106.37:50010,E8,BLOCK* NameSystem.delete: blk_<*> is added to invalidSet of <*>:<*>,0.05,Normal,0
HDFS,1372,11-11-2008 04:43,3,UNKNOWN,dfs.FSNamesystem,INFO,BLOCK* NameSystem.delete: blk_7841365850685201915 is added to invalidSet of 10.251.110.68:50010,E8,BLOCK* NameSystem.delete: blk_<*> is added to invalidSet of <*>:<*>,0.05,Normal,0
HDFS,1373,11-11-2008 04:43,2,UNKNOWN,dfs.DataBlockScanner,INFO,Verification succeeded for blk_-6160667975382232149,E14,Verification succeeded for blk_<*>,0.05,Normal,0
HDFS,1374,11-11-2008 04:43,1,UNKNOWN,dfs.FSNamesystem,INFO,BLOCK* NameSystem.delete: blk_2426255659473300323 is added to invalidSet of 10.251.106.37:50010,E8,BLOCK* NameSystem.delete: blk_<*> is added to invalidSet of <*>:<*>,0.05,Normal,0
HDFS,1375,11-11-2008 04:43,0,UNKNOWN,dfs.FSNamesystem,INFO,BLOCK* NameSystem.delete: blk_5203504995927133832 is added to invalidSet of 10.250.13.240:50010,E8,BLOCK* NameSystem.delete: blk_<*> is added to invalidSet of <*>:<*>,0.05,Normal,0
HDFS,1376,11-11-2008 04:43,2,UNKNOWN,dfs.FSNamesystem,INFO,BLOCK* NameSystem.delete: blk_815809455641029563 is added to invalidSet of 10.251.111.37:50010,E8,BLOCK* NameSystem.delete: blk_<*> is added to invalidSet of <*>:<*>,0.05,Normal,0
HDFS,1377,11-11-2008 04:43,3,UNKNOWN,dfs.FSNamesystem,INFO,BLOCK* NameSystem.delete: blk_6413710007211667486 is added to invalidSet of 10.251.30.179:50010,E8,BLOCK* NameSystem.delete: blk_<*> is added to invalidSet of <*>:<*>,0.05,Normal,0
HDFS,1378,11-11-2008 04:43,2,UNKNOWN,dfs.FSNamesystem,INFO,BLOCK* NameSystem.delete: blk_-2907776069874917892 is added to invalidSet of 10.251.215.16:50010,E8,BLOCK* NameSystem.delete: blk_<*> is added to invalidSet of <*>:<*>,0.05,Normal,0
HDFS,1379,11-11-2008 04:43,2,UNKNOWN,dfs.FSNamesystem,INFO,BLOCK* NameSystem.delete: blk_-5802915611610989626 is added to invalidSet of 10.251.110.196:50010,E8,BLOCK* NameSystem.delete: blk_<*> is added to invalidSet of <*>:<*>,0.05,Normal,0
HDFS,1380,11-11-2008 04:43,2,UNKNOWN,dfs.FSNamesystem,INFO,BLOCK* NameSystem.delete: blk_-7668075074035173978 is added to invalidSet of 10.251.31.5:50010,E8,BLOCK* NameSystem.delete: blk_<*> is added to invalidSet of <*>:<*>,0.05,Normal,0
HDFS,1381,11-11-2008 04:43,2,UNKNOWN,dfs.FSNamesystem,INFO,BLOCK* NameSystem.delete: blk_-1573544581830458089 is added to invalidSet of 10.251.122.65:50010,E8,BLOCK* NameSystem.delete: blk_<*> is added to invalidSet of <*>:<*>,0.05,Normal,0
HDFS,1382,11-11-2008 04:43,2,UNKNOWN,dfs.FSDataset,INFO,Deleting block blk_-1180596628202464893 file /mnt/hadoop/dfs/data/current/subdir52/blk_-1180596628202464893,E9,Deleting block blk_<*> file /<*>/blk_<*>,0.05,Normal,0
HDFS,1383,11-11-2008 04:44,34,UNKNOWN,dfs.DataNode$DataXceiver,INFO,Receiving block blk_1407935810673971357 src: /10.251.123.99:54184 dest: /10.251.123.99:50010,E13,Receiving block blk_<*> src: /<*>:<*> dest: /<*>:<*>,0.05,Normal,0
HDFS,1384,11-11-2008 04:45,55,UNKNOWN,dfs.FSDataset,INFO,Deleting block blk_-8167717961644709843 file /mnt/hadoop/dfs/data/current/blk_-8167717961644709843,E9,Deleting block blk_<*> file /<*>/blk_<*>,0.05,Normal,0
HDFS,1385,11-11-2008 04:45,21,UNKNOWN,dfs.FSDataset,INFO,Deleting block blk_-7464161062429228045 file /mnt/hadoop/dfs/data/current/subdir19/blk_-7464161062429228045,E9,Deleting block blk_<*> file /<*>/blk_<*>,0.05,Normal,0
HDFS,1386,11-11-2008 04:45,3,UNKNOWN,dfs.FSDataset,INFO,Deleting block blk_-5934436507161953485 file /mnt/hadoop/dfs/data/current/subdir33/blk_-5934436507161953485,E9,Deleting block blk_<*> file /<*>/blk_<*>,0.05,Normal,0
HDFS,1387,11-11-2008 04:45,0,UNKNOWN,dfs.DataNode$PacketResponder,INFO,Received block blk_-3922743468150895472 of size 67108864 from /10.251.39.179,E11,Received block blk_<*> of size <*> from /<*>,0.05,Normal,0
HDFS,1388,11-11-2008 04:45,4,UNKNOWN,dfs.FSDataset,INFO,Deleting block blk_-7832937837605180330 file /mnt/hadoop/dfs/data/current/subdir49/blk_-7832937837605180330,E9,Deleting block blk_<*> file /<*>/blk_<*>,0.05,Normal,0
HDFS,1389,11-11-2008 04:45,4,UNKNOWN,dfs.FSDataset,INFO,Deleting block blk_-8547071368131084410 file /mnt/hadoop/dfs/data/current/subdir38/blk_-8547071368131084410,E9,Deleting block blk_<*> file /<*>/blk_<*>,0.05,Normal,0
HDFS,1390,11-11-2008 04:45,2,UNKNOWN,dfs.FSDataset,INFO,Deleting block blk_-5429042599096020592 file /mnt/hadoop/dfs/data/current/subdir34/blk_-5429042599096020592,E9,Deleting block blk_<*> file /<*>/blk_<*>,0.05,Normal,0
HDFS,1391,11-11-2008 04:46,16,UNKNOWN,dfs.FSDataset,INFO,Deleting block blk_-6350492516478706425 file /mnt/hadoop/dfs/data/current/subdir36/blk_-6350492516478706425,E9,Deleting block blk_<*> file /<*>/blk_<*>,0.05,Normal,0
HDFS,1392,11-11-2008 04:46,12,UNKNOWN,dfs.FSDataset,INFO,Deleting block blk_-6053005391233809507 file /mnt/hadoop/dfs/data/current/subdir27/blk_-6053005391233809507,E9,Deleting block blk_<*> file /<*>/blk_<*>,0.05,Normal,0
HDFS,1393,11-11-2008 04:46,0,UNKNOWN,dfs.DataNode$PacketResponder,INFO,Received block blk_-1522998827901549925 of size 67108864 from /10.251.127.47,E11,Received block blk_<*> of size <*> from /<*>,0.05,Normal,0
HDFS,1394,11-11-2008 04:46,6,UNKNOWN,dfs.FSDataset,INFO,Deleting block blk_-4311652947826112510 file /mnt/hadoop/dfs/data/current/subdir57/blk_-4311652947826112510,E9,Deleting block blk_<*> file /<*>/blk_<*>,0.05,Normal,0
HDFS,1395,11-11-2008 04:46,5,UNKNOWN,dfs.FSDataset,INFO,Deleting block blk_-1754204887541031211 file /mnt/hadoop/dfs/data/current/subdir58/blk_-1754204887541031211,E9,Deleting block blk_<*> file /<*>/blk_<*>,0.05,Normal,0
HDFS,1396,11-11-2008 04:46,4,UNKNOWN,dfs.FSDataset,INFO,Deleting block blk_-4165176068096983220 file /mnt/hadoop/dfs/data/current/subdir34/blk_-4165176068096983220,E9,Deleting block blk_<*> file /<*>/blk_<*>,0.05,Normal,0
HDFS,1397,11-11-2008 04:46,9,UNKNOWN,dfs.FSDataset,INFO,Deleting block blk_4863571548336254624 file /mnt/hadoop/dfs/data/current/subdir5/blk_4863571548336254624,E9,Deleting block blk_<*> file /<*>/blk_<*>,0.05,Normal,0
HDFS,1398,11-11-2008 04:46,2,UNKNOWN,dfs.FSDataset,INFO,Deleting block blk_-4844505495441326897 file /mnt/hadoop/dfs/data/current/subdir36/blk_-4844505495441326897,E9,Deleting block blk_<*> file /<*>/blk_<*>,0.05,Normal,0
HDFS,1399,11-11-2008 04:46,2,UNKNOWN,dfs.FSDataset,INFO,Deleting block blk_-7513928662244669476 file /mnt/hadoop/dfs/data/current/subdir11/blk_-7513928662244669476,E9,Deleting block blk_<*> file /<*>/blk_<*>,0.05,Normal,0
HDFS,1400,11-11-2008 04:46,2,UNKNOWN,dfs.FSDataset,INFO,Deleting block blk_-5014786445735476734 file /mnt/hadoop/dfs/data/current/subdir9/blk_-5014786445735476734,E9,Deleting block blk_<*> file /<*>/blk_<*>,0.05,Normal,0
HDFS,1401,11-11-2008 04:47,6,UNKNOWN,dfs.FSDataset,INFO,Deleting block blk_-1046472716157313227 file /mnt/hadoop/dfs/data/current/subdir62/blk_-1046472716157313227,E9,Deleting block blk_<*> file /<*>/blk_<*>,0.05,Normal,0
HDFS,1402,11-11-2008 04:47,0,UNKNOWN,dfs.FSDataset,INFO,Deleting block blk_-1281276222788579863 file /mnt/hadoop/dfs/data/current/subdir30/blk_-1281276222788579863,E9,Deleting block blk_<*> file /<*>/blk_<*>,0.05,Normal,0
HDFS,1403,11-11-2008 04:47,4,UNKNOWN,dfs.FSDataset,INFO,Deleting block blk_449049393237281194 file /mnt/hadoop/dfs/data/current/subdir18/blk_449049393237281194,E9,Deleting block blk_<*> file /<*>/blk_<*>,0.05,Normal,0
HDFS,1404,11-11-2008 04:47,12,UNKNOWN,dfs.FSDataset,INFO,Deleting block blk_352185875883785141 file /mnt/hadoop/dfs/data/current/subdir44/blk_352185875883785141,E9,Deleting block blk_<*> file /<*>/blk_<*>,0.05,Normal,0
HDFS,1405,11-11-2008 04:47,4,UNKNOWN,dfs.FSDataset,INFO,Deleting block blk_-2890295200276774269 file /mnt/hadoop/dfs/data/current/subdir29/blk_-2890295200276774269,E9,Deleting block blk_<*> file /<*>/blk_<*>,0.05,Normal,0
HDFS,1406,11-11-2008 04:47,8,UNKNOWN,dfs.FSDataset,INFO,Deleting block blk_1379455396847512711 file /mnt/hadoop/dfs/data/current/blk_1379455396847512711,E9,Deleting block blk_<*> file /<*>/blk_<*>,0.05,Normal,0
HDFS,1407,11-11-2008 04:47,12,UNKNOWN,dfs.FSDataset,INFO,Deleting block blk_2180875151184358991 file /mnt/hadoop/dfs/data/current/subdir31/blk_2180875151184358991,E9,Deleting block blk_<*> file /<*>/blk_<*>,0.05,Normal,0
HDFS,1408,11-11-2008 04:47,9,UNKNOWN,dfs.DataNode$DataXceiver,INFO,Receiving block blk_-8879979113392880065 src: /10.251.202.181:33345 dest: /10.251.202.181:50010,E13,Receiving block blk_<*> src: /<*>:<*> dest: /<*>:<*>,0.05,Normal,0
HDFS,1409,11-11-2008 04:47,3,UNKNOWN,dfs.FSDataset,INFO,Deleting block blk_1553688227908800900 file /mnt/hadoop/dfs/data/current/subdir15/blk_1553688227908800900,E9,Deleting block blk_<*> file /<*>/blk_<*>,0.05,Normal,0
HDFS,1410,11-11-2008 04:47,5,UNKNOWN,dfs.FSDataset,INFO,Deleting block blk_6138894560185644209 file /mnt/hadoop/dfs/data/current/subdir42/blk_6138894560185644209,E9,Deleting block blk_<*> file /<*>/blk_<*>,0.05,Normal,0
HDFS,1411,11-11-2008 04:47,2,UNKNOWN,dfs.FSDataset,INFO,Deleting block blk_-1368324087589035770 file /mnt/hadoop/dfs/data/current/blk_-1368324087589035770,E9,Deleting block blk_<*> file /<*>/blk_<*>,0.05,Normal,0
HDFS,1412,11-11-2008 04:47,0,UNKNOWN,dfs.FSDataset,INFO,Deleting block blk_3274968259628929519 file /mnt/hadoop/dfs/data/current/subdir19/blk_3274968259628929519,E9,Deleting block blk_<*> file /<*>/blk_<*>,0.05,Normal,0
HDFS,1413,11-11-2008 04:48,7,UNKNOWN,dfs.FSDataset,INFO,Deleting block blk_5736622945587812309 file /mnt/hadoop/dfs/data/current/subdir19/blk_5736622945587812309,E9,Deleting block blk_<*> file /<*>/blk_<*>,0.05,Normal,0
HDFS,1414,11-11-2008 04:48,6,UNKNOWN,dfs.FSDataset,INFO,Deleting block blk_9142114171015520823 file /mnt/hadoop/dfs/data/current/subdir48/blk_9142114171015520823,E9,Deleting block blk_<*> file /<*>/blk_<*>,0.05,Normal,0
HDFS,1415,11-11-2008 04:48,10,UNKNOWN,dfs.FSDataset,INFO,Deleting block blk_8556592730481313831 file /mnt/hadoop/dfs/data/current/blk_8556592730481313831,E9,Deleting block blk_<*> file /<*>/blk_<*>,0.05,Normal,0
HDFS,1416,11-11-2008 04:48,12,UNKNOWN,dfs.FSDataset,INFO,Deleting block blk_6147898566868510104 file /mnt/hadoop/dfs/data/current/subdir36/blk_6147898566868510104,E9,Deleting block blk_<*> file /<*>/blk_<*>,0.05,Normal,0
HDFS,1417,11-11-2008 04:48,13,UNKNOWN,dfs.DataNode$DataXceiver,INFO,Receiving block blk_-4334868513923498900 src: /10.251.91.15:35440 dest: /10.251.91.15:50010,E13,Receiving block blk_<*> src: /<*>:<*> dest: /<*>:<*>,0.05,Normal,0
HDFS,1418,11-11-2008 04:48,8,UNKNOWN,dfs.FSDataset,INFO,Deleting block blk_9081834782322008396 file /mnt/hadoop/dfs/data/current/subdir40/blk_9081834782322008396,E9,Deleting block blk_<*> file /<*>/blk_<*>,0.05,Normal,0
HDFS,1419,11-11-2008 04:49,18,UNKNOWN,dfs.FSDataset,INFO,Deleting block blk_8962411947457130719 file /mnt/hadoop/dfs/data/current/subdir16/blk_8962411947457130719,E9,Deleting block blk_<*> file /<*>/blk_<*>,0.05,Normal,0
HDFS,1420,11-11-2008 04:51,132,UNKNOWN,dfs.FSNamesystem,INFO,BLOCK* NameSystem.addStoredBlock: blockMap updated: 10.251.75.143:50010 is added to blk_2312679955495839894 size 67108864,E6,BLOCK* NameSystem.addStoredBlock: blockMap updated: <*>:<*> is added to blk_<*> size <*>,0.05,Normal,0
HDFS,1421,11-11-2008 04:51,0,UNKNOWN,dfs.FSNamesystem,INFO,BLOCK* NameSystem.addStoredBlock: blockMap updated: 10.251.75.143:50010 is added to blk_7434237665308221519 size 67108864,E6,BLOCK* NameSystem.addStoredBlock: blockMap updated: <*>:<*> is added to blk_<*> size <*>,0.05,Normal,0
HDFS,1422,11-11-2008 04:52,57,UNKNOWN,dfs.DataNode$DataXceiver,INFO,Receiving block blk_2380775154966815858 src: /10.251.107.50:33333 dest: /10.251.107.50:50010,E13,Receiving block blk_<*> src: /<*>:<*> dest: /<*>:<*>,0.05,Normal,0
HDFS,1423,11-11-2008 04:52,2,UNKNOWN,dfs.DataNode$PacketResponder,INFO,Received block blk_3777389444004341563 of size 67108864 from /10.251.214.175,E11,Received block blk_<*> of size <*> from /<*>,0.05,Normal,0
HDFS,1424,11-11-2008 04:52,28,UNKNOWN,dfs.DataNode$PacketResponder,INFO,PacketResponder 2 for block blk_-4578850505370039622 terminating,E10,PacketResponder <*> for block blk_<*> terminating,0.05,Normal,0
HDFS,1425,11-11-2008 04:54,98,UNKNOWN,dfs.FSNamesystem,INFO,BLOCK* NameSystem.addStoredBlock: blockMap updated: 10.250.6.214:50010 is added to blk_4893049344332234616 size 67108864,E6,BLOCK* NameSystem.addStoredBlock: blockMap updated: <*>:<*> is added to blk_<*> size <*>,0.05,Normal,0
HDFS,1426,11-11-2008 04:56,104,UNKNOWN,dfs.DataNode$DataXceiver,INFO,Receiving block blk_9131004320470011870 src: /10.251.123.132:52815 dest: /10.251.123.132:50010,E13,Receiving block blk_<*> src: /<*>:<*> dest: /<*>:<*>,0.05,Normal,0
HDFS,1427,11-11-2008 04:56,9,UNKNOWN,dfs.FSNamesystem,INFO,BLOCK* NameSystem.allocateBlock: /user/root/rand5/_temporary/_task_200811101024_0011_m_000040_0/part-00040. blk_1253515519191706153,E7,BLOCK* NameSystem.allocateBlock: /<*>/part-<*>. blk_<*>,0.05,Normal,0
HDFS,1428,11-11-2008 04:56,5,UNKNOWN,dfs.FSNamesystem,INFO,BLOCK* NameSystem.addStoredBlock: blockMap updated: 10.251.214.130:50010 is added to blk_-9056748866943837167 size 67108864,E6,BLOCK* NameSystem.addStoredBlock: blockMap updated: <*>:<*> is added to blk_<*> size <*>,0.05,Normal,0
HDFS,1429,11-11-2008 04:57,83,UNKNOWN,dfs.FSNamesystem,INFO,BLOCK* NameSystem.addStoredBlock: blockMap updated: 10.251.126.22:50010 is added to blk_-8298519990603402919 size 67108864,E6,BLOCK* NameSystem.addStoredBlock: blockMap updated: <*>:<*> is added to blk_<*> size <*>,0.05,Normal,0
HDFS,1430,11-11-2008 04:58,13,UNKNOWN,dfs.DataNode$PacketResponder,INFO,Received block blk_-337972286882621518 of size 67108864 from /10.250.10.144,E11,Received block blk_<*> of size <*> from /<*>,0.05,Normal,0
HDFS,1431,11-11-2008 04:58,30,UNKNOWN,dfs.DataNode$PacketResponder,INFO,PacketResponder 0 for block blk_-4411589101766563890 terminating,E10,PacketResponder <*> for block blk_<*> terminating,0.05,Normal,0
HDFS,1432,11-11-2008 04:59,29,UNKNOWN,dfs.DataNode$DataXceiver,INFO,Receiving block blk_-8838632285969241889 src: /10.251.43.21:35844 dest: /10.251.43.21:50010,E13,Receiving block blk_<*> src: /<*>:<*> dest: /<*>:<*>,0.05,Normal,0
HDFS,1433,11-11-2008 04:59,1,UNKNOWN,dfs.DataNode$PacketResponder,INFO,PacketResponder 2 for block blk_-8225435781013159573 terminating,E10,PacketResponder <*> for block blk_<*> terminating,0.05,Normal,0
HDFS,1434,11-11-2008 04:59,7,UNKNOWN,dfs.FSNamesystem,INFO,BLOCK* NameSystem.addStoredBlock: blockMap updated: 10.251.27.63:50010 is added to blk_-7985144765168396303 size 67108864,E6,BLOCK* NameSystem.addStoredBlock: blockMap updated: <*>:<*> is added to blk_<*> size <*>,0.05,Normal,0
HDFS,1435,11-11-2008 05:00,94,UNKNOWN,dfs.FSNamesystem,INFO,BLOCK* NameSystem.allocateBlock: /user/root/rand5/_temporary/_task_200811101024_0011_m_000541_0/part-00541. blk_-6841570414687342011,E7,BLOCK* NameSystem.allocateBlock: /<*>/part-<*>. blk_<*>,0.05,Normal,0
HDFS,1436,11-11-2008 05:01,20,UNKNOWN,dfs.DataNode$PacketResponder,INFO,Received block blk_3924177422736829493 of size 67108864 from /10.251.66.102,E11,Received block blk_<*> of size <*> from /<*>,0.05,Normal,0
HDFS,1437,11-11-2008 05:03,122,UNKNOWN,dfs.DataNode$DataXceiver,INFO,Receiving block blk_9074726164158535746 src: /10.251.214.32:34409 dest: /10.251.214.32:50010,E13,Receiving block blk_<*> src: /<*>:<*> dest: /<*>:<*>,0.05,Normal,0
HDFS,1438,11-11-2008 05:03,6,UNKNOWN,dfs.FSNamesystem,INFO,BLOCK* NameSystem.addStoredBlock: blockMap updated: 10.251.107.242:50010 is added to blk_-5773244829531118765 size 67108864,E6,BLOCK* NameSystem.addStoredBlock: blockMap updated: <*>:<*> is added to blk_<*> size <*>,0.05,Normal,0
HDFS,1439,11-11-2008 05:03,21,UNKNOWN,dfs.DataNode$DataXceiver,INFO,Received block blk_-4411589101766563890 src: /10.250.14.38:37362 dest: /10.250.14.38:50010 of size 67108864,E12,Received block blk_<*> src: /<*>:<*> dest: /<*>:<*> of size <*>,0.05,Normal,0
HDFS,1440,11-11-2008 05:03,12,UNKNOWN,dfs.FSNamesystem,INFO,BLOCK* NameSystem.addStoredBlock: blockMap updated: 10.251.90.64:50010 is added to blk_-8923923031063738809 size 67108864,E6,BLOCK* NameSystem.addStoredBlock: blockMap updated: <*>:<*> is added to blk_<*> size <*>,0.05,Normal,0
HDFS,1441,11-11-2008 05:04,28,UNKNOWN,dfs.DataNode$DataXceiver,INFO,Receiving block blk_-8703611999267892995 src: /10.250.15.101:32889 dest: /10.250.15.101:50010,E13,Receiving block blk_<*> src: /<*>:<*> dest: /<*>:<*>,0.05,Normal,0
HDFS,1442,11-11-2008 05:04,12,UNKNOWN,dfs.FSNamesystem,INFO,BLOCK* NameSystem.addStoredBlock: blockMap updated: 10.250.15.101:50010 is added to blk_-5352085087037370841 size 67108864,E6,BLOCK* NameSystem.addStoredBlock: blockMap updated: <*>:<*> is added to blk_<*> size <*>,0.05,Normal,0
HDFS,1443,11-11-2008 05:05,68,UNKNOWN,dfs.DataNode$PacketResponder,INFO,Received block blk_1411218759880637753 of size 67108864 from /10.251.123.20,E11,Received block blk_<*> of size <*> from /<*>,0.05,Normal,0
HDFS,1444,11-11-2008 05:07,96,UNKNOWN,dfs.DataNode$PacketResponder,INFO,PacketResponder 2 for block blk_-2268450354164990110 terminating,E10,PacketResponder <*> for block blk_<*> terminating,0.05,Normal,0
HDFS,1445,11-11-2008 05:10,175,UNKNOWN,dfs.FSNamesystem,INFO,BLOCK* NameSystem.addStoredBlock: blockMap updated: 10.251.122.79:50010 is added to blk_-3622135859810774312 size 67108864,E6,BLOCK* NameSystem.addStoredBlock: blockMap updated: <*>:<*> is added to blk_<*> size <*>,0.05,Normal,0
HDFS,1446,11-11-2008 05:10,2,UNKNOWN,dfs.DataNode$DataXceiver,INFO,Receiving block blk_-2667669005094349452 src: /10.251.203.149:41751 dest: /10.251.203.149:50010,E13,Receiving block blk_<*> src: /<*>:<*> dest: /<*>:<*>,0.05,Normal,0
HDFS,1447,11-11-2008 05:11,81,UNKNOWN,dfs.DataNode$PacketResponder,INFO,Received block blk_-2935178173527646581 of size 67108864 from /10.251.65.237,E11,Received block blk_<*> of size <*> from /<*>,0.05,Normal,0
HDFS,1448,11-11-2008 05:11,1,UNKNOWN,dfs.FSNamesystem,INFO,BLOCK* NameSystem.addStoredBlock: blockMap updated: 10.251.107.227:50010 is added to blk_5781791720343455145 size 67108864,E6,BLOCK* NameSystem.addStoredBlock: blockMap updated: <*>:<*> is added to blk_<*> size <*>,0.05,Normal,0
HDFS,1449,11-11-2008 05:11,1,UNKNOWN,dfs.DataNode$PacketResponder,INFO,Received block blk_49420377461855719 of size 67108864 from /10.251.70.112,E11,Received block blk_<*> of size <*> from /<*>,0.05,Normal,0
HDFS,1450,11-11-2008 05:13,121,UNKNOWN,dfs.DataNode$PacketResponder,INFO,PacketResponder 0 for block blk_-805262942087665153 terminating,E10,PacketResponder <*> for block blk_<*> terminating,0.05,Normal,0
HDFS,1451,11-11-2008 05:14,40,UNKNOWN,dfs.FSNamesystem,INFO,BLOCK* NameSystem.addStoredBlock: blockMap updated: 10.251.214.225:50010 is added to blk_8323519561483823145 size 67108864,E6,BLOCK* NameSystem.addStoredBlock: blockMap updated: <*>:<*> is added to blk_<*> size <*>,0.05,Normal,0
HDFS,1452,11-11-2008 05:15,62,UNKNOWN,dfs.DataNode$DataXceiver,INFO,Receiving block blk_2208589726473895860 src: /10.251.199.245:33914 dest: /10.251.199.245:50010,E13,Receiving block blk_<*> src: /<*>:<*> dest: /<*>:<*>,0.05,Normal,0
HDFS,1453,11-11-2008 05:15,4,UNKNOWN,dfs.DataNode$DataXceiver,INFO,Receiving block blk_-6618090096819679591 src: /10.251.214.67:58610 dest: /10.251.214.67:50010,E13,Receiving block blk_<*> src: /<*>:<*> dest: /<*>:<*>,0.05,Normal,0
HDFS,1454,11-11-2008 05:15,38,UNKNOWN,dfs.FSNamesystem,INFO,BLOCK* NameSystem.addStoredBlock: blockMap updated: 10.251.42.16:50010 is added to blk_-3253005280055520211 size 67108864,E6,BLOCK* NameSystem.addStoredBlock: blockMap updated: <*>:<*> is added to blk_<*> size <*>,0.05,Normal,0
HDFS,1455,11-11-2008 05:17,91,UNKNOWN,dfs.DataNode$PacketResponder,INFO,Received block blk_-6832799704680039005 of size 67108864 from /10.250.17.225,E11,Received block blk_<*> of size <*> from /<*>,0.05,Normal,0
HDFS,1456,11-11-2008 05:17,18,UNKNOWN,dfs.FSNamesystem,INFO,BLOCK* NameSystem.addStoredBlock: blockMap updated: 10.251.65.203:50010 is added to blk_4777657900314457675 size 3546628,E6,BLOCK* NameSystem.addStoredBlock: blockMap updated: <*>:<*> is added to blk_<*> size <*>,0.05,Normal,0
HDFS,1457,11-11-2008 05:18,35,UNKNOWN,dfs.DataNode$PacketResponder,INFO,Received block blk_-6464892000340112134 of size 67108864 from /10.250.5.161,E11,Received block blk_<*> of size <*> from /<*>,0.05,Normal,0
HDFS,1458,11-11-2008 05:19,94,UNKNOWN,dfs.DataNode$PacketResponder,INFO,PacketResponder 2 for block blk_-8435779070374485499 terminating,E10,PacketResponder <*> for block blk_<*> terminating,0.05,Normal,0
HDFS,1459,11-11-2008 05:20,24,UNKNOWN,dfs.DataNode$PacketResponder,INFO,Received block blk_8993862241777591326 of size 67108864 from /10.250.15.240,E11,Received block blk_<*> of size <*> from /<*>,0.05,Normal,0
HDFS,1460,11-11-2008 05:21,46,UNKNOWN,dfs.DataNode$DataXceiver,INFO,Receiving block blk_8452214765874767801 src: /10.251.38.197:60409 dest: /10.251.38.197:50010,E13,Receiving block blk_<*> src: /<*>:<*> dest: /<*>:<*>,0.05,Normal,0
HDFS,1461,11-11-2008 05:23,165,UNKNOWN,dfs.FSNamesystem,INFO,BLOCK* NameSystem.addStoredBlock: blockMap updated: 10.251.90.239:50010 is added to blk_-2281067667503210140 size 67108864,E6,BLOCK* NameSystem.addStoredBlock: blockMap updated: <*>:<*> is added to blk_<*> size <*>,0.05,Normal,0
HDFS,1462,11-11-2008 05:25,79,UNKNOWN,dfs.DataNode$PacketResponder,INFO,PacketResponder 2 for block blk_-4424971182856566289 terminating,E10,PacketResponder <*> for block blk_<*> terminating,0.05,Normal,0
HDFS,1463,11-11-2008 05:26,86,UNKNOWN,dfs.DataNode$PacketResponder,INFO,PacketResponder 0 for block blk_2040222317555585426 terminating,E10,PacketResponder <*> for block blk_<*> terminating,0.05,Normal,0
HDFS,1464,11-11-2008 05:27,43,UNKNOWN,dfs.DataNode$DataXceiver,INFO,Receiving block blk_-663653551898848389 src: /10.251.203.149:42756 dest: /10.251.203.149:50010,E13,Receiving block blk_<*> src: /<*>:<*> dest: /<*>:<*>,0.05,Normal,0
HDFS,1465,11-11-2008 05:28,47,UNKNOWN,dfs.DataNode$DataXceiver,INFO,Receiving block blk_-5836693155656083066 src: /10.251.214.67:41233 dest: /10.251.214.67:50010,E13,Receiving block blk_<*> src: /<*>:<*> dest: /<*>:<*>,0.05,Normal,0
HDFS,1466,11-11-2008 05:28,9,UNKNOWN,dfs.DataNode$DataXceiver,INFO,Receiving block blk_-7228803354694123939 src: /10.251.195.70:50389 dest: /10.251.195.70:50010,E13,Receiving block blk_<*> src: /<*>:<*> dest: /<*>:<*>,0.05,Normal,0
HDFS,1467,11-11-2008 05:28,30,UNKNOWN,dfs.DataNode$PacketResponder,INFO,PacketResponder 2 for block blk_2953550760670423417 terminating,E10,PacketResponder <*> for block blk_<*> terminating,0.05,Normal,0
HDFS,1468,11-11-2008 05:28,4,UNKNOWN,dfs.DataNode$PacketResponder,INFO,Received block blk_5348548743130215090 of size 67108864 from /10.251.39.179,E11,Received block blk_<*> of size <*> from /<*>,0.05,Normal,0
HDFS,1469,11-11-2008 05:28,7,UNKNOWN,dfs.DataNode$PacketResponder,INFO,Received block blk_7413830214932763926 of size 67108864 from /10.251.125.174,E11,Received block blk_<*> of size <*> from /<*>,0.05,Normal,0
HDFS,1470,11-11-2008 05:30,68,UNKNOWN,dfs.DataNode$PacketResponder,INFO,Received block blk_6329639726609402522 of size 67108864 from /10.251.107.19,E11,Received block blk_<*> of size <*> from /<*>,0.05,Normal,0
HDFS,1471,11-11-2008 05:30,9,UNKNOWN,dfs.FSNamesystem,INFO,BLOCK* NameSystem.allocateBlock: /user/root/rand5/_temporary/_task_200811101024_0011_m_001408_0/part-01408. blk_6601059760261449131,E7,BLOCK* NameSystem.allocateBlock: /<*>/part-<*>. blk_<*>,0.05,Normal,0
HDFS,1472,11-11-2008 05:31,108,UNKNOWN,dfs.DataNode$DataXceiver,INFO,Receiving block blk_-5439682406172672049 src: /10.251.42.207:36091 dest: /10.251.42.207:50010,E13,Receiving block blk_<*> src: /<*>:<*> dest: /<*>:<*>,0.05,Normal,0
HDFS,1473,11-11-2008 05:32,47,UNKNOWN,dfs.DataNode$DataXceiver,INFO,Receiving block blk_-7492294065771709299 src: /10.251.203.149:41058 dest: /10.251.203.149:50010,E13,Receiving block blk_<*> src: /<*>:<*> dest: /<*>:<*>,0.05,Normal,0
HDFS,1474,11-11-2008 05:33,40,UNKNOWN,dfs.FSNamesystem,INFO,BLOCK* NameSystem.addStoredBlock: blockMap updated: 10.251.39.144:50010 is added to blk_1526403491950199810 size 3534443,E6,BLOCK* NameSystem.addStoredBlock: blockMap updated: <*>:<*> is added to blk_<*> size <*>,0.05,Normal,0
HDFS,1475,11-11-2008 05:33,22,UNKNOWN,dfs.DataNode$PacketResponder,INFO,Received block blk_8902425017314766082 of size 67108864 from /10.251.26.131,E11,Received block blk_<*> of size <*> from /<*>,0.05,Normal,0
HDFS,1476,11-11-2008 05:33,12,UNKNOWN,dfs.FSNamesystem,INFO,BLOCK* NameSystem.allocateBlock: /user/root/rand5/_temporary/_task_200811101024_0011_m_001730_0/part-01730. blk_6400082566804273401,E7,BLOCK* NameSystem.allocateBlock: /<*>/part-<*>. blk_<*>,0.05,Normal,0
HDFS,1477,11-11-2008 05:34,1,UNKNOWN,dfs.DataNode$DataXceiver,INFO,Receiving block blk_6400082566804273401 src: /10.251.38.214:42160 dest: /10.251.38.214:50010,E13,Receiving block blk_<*> src: /<*>:<*> dest: /<*>:<*>,0.05,Normal,0
HDFS,1478,11-11-2008 05:34,31,UNKNOWN,dfs.DataNode$PacketResponder,INFO,Received block blk_4989329877491629543 of size 67108864 from /10.250.15.67,E11,Received block blk_<*> of size <*> from /<*>,0.05,Normal,0
HDFS,1479,11-11-2008 05:36,108,UNKNOWN,dfs.DataNode$DataXceiver,INFO,Receiving block blk_-6608350831463251448 src: /10.251.107.196:43317 dest: /10.251.107.196:50010,E13,Receiving block blk_<*> src: /<*>:<*> dest: /<*>:<*>,0.05,Normal,0
HDFS,1480,11-11-2008 05:39,177,UNKNOWN,dfs.DataNode$PacketResponder,INFO,PacketResponder 1 for block blk_-5580322334454533924 terminating,E10,PacketResponder <*> for block blk_<*> terminating,0.05,Normal,0
HDFS,1481,11-11-2008 05:39,16,UNKNOWN,dfs.DataNode$PacketResponder,INFO,PacketResponder 1 for block blk_7500282100357271699 terminating,E10,PacketResponder <*> for block blk_<*> terminating,0.05,Normal,0
HDFS,1482,11-11-2008 05:39,26,UNKNOWN,dfs.DataNode$DataXceiver,INFO,Receiving block blk_8087142318511408355 src: /10.250.15.67:55334 dest: /10.250.15.67:50010,E13,Receiving block blk_<*> src: /<*>:<*> dest: /<*>:<*>,0.05,Normal,0
HDFS,1483,11-11-2008 05:40,6,UNKNOWN,dfs.DataNode$PacketResponder,INFO,Received block blk_-997605125898553536 of size 67108864 from /10.251.30.179,E11,Received block blk_<*> of size <*> from /<*>,0.05,Normal,0
HDFS,1484,11-11-2008 05:40,14,UNKNOWN,dfs.FSNamesystem,INFO,BLOCK* NameSystem.addStoredBlock: blockMap updated: 10.251.106.37:50010 is added to blk_-4510259260131940043 size 3552141,E6,BLOCK* NameSystem.addStoredBlock: blockMap updated: <*>:<*> is added to blk_<*> size <*>,0.05,Normal,0
HDFS,1485,11-11-2008 05:41,77,UNKNOWN,dfs.DataNode$PacketResponder,INFO,Received block blk_2270593866672608129 of size 67108864 from /10.250.11.53,E11,Received block blk_<*> of size <*> from /<*>,0.05,Normal,0
HDFS,1486,11-11-2008 05:43,95,UNKNOWN,dfs.DataNode$PacketResponder,INFO,Received block blk_6685663454079607598 of size 10157271 from /10.251.66.3,E11,Received block blk_<*> of size <*> from /<*>,0.05,Normal,0
HDFS,1487,11-11-2008 05:43,13,UNKNOWN,dfs.FSNamesystem,INFO,BLOCK* NameSystem.addStoredBlock: blockMap updated: 10.251.30.179:50010 is added to blk_-4347054230277727863 size 67108864,E6,BLOCK* NameSystem.addStoredBlock: blockMap updated: <*>:<*> is added to blk_<*> size <*>,0.05,Normal,0
HDFS,1488,11-11-2008 05:43,19,UNKNOWN,dfs.DataNode$PacketResponder,INFO,PacketResponder 0 for block blk_-1067234447809438340 terminating,E10,PacketResponder <*> for block blk_<*> terminating,0.05,Normal,0
HDFS,1489,11-11-2008 05:44,61,UNKNOWN,dfs.DataNode$PacketResponder,INFO,PacketResponder 0 for block blk_-1096621677333075077 terminating,E10,PacketResponder <*> for block blk_<*> terminating,0.05,Normal,0
HDFS,1490,11-11-2008 05:44,6,UNKNOWN,dfs.FSNamesystem,INFO,BLOCK* NameSystem.addStoredBlock: blockMap updated: 10.251.125.193:50010 is added to blk_-8657800226489501791 size 3550839,E6,BLOCK* NameSystem.addStoredBlock: blockMap updated: <*>:<*> is added to blk_<*> size <*>,0.05,Normal,0
HDFS,1491,11-11-2008 05:45,15,UNKNOWN,dfs.DataNode$PacketResponder,INFO,PacketResponder 1 for block blk_2151150262081352617 terminating,E10,PacketResponder <*> for block blk_<*> terminating,0.05,Normal,0
HDFS,1492,11-11-2008 05:47,147,UNKNOWN,dfs.FSNamesystem,INFO,BLOCK* NameSystem.delete: blk_3280859030919654043 is added to invalidSet of 10.251.214.130:50010,E8,BLOCK* NameSystem.delete: blk_<*> is added to invalidSet of <*>:<*>,0.05,Normal,0
HDFS,1493,11-11-2008 05:48,40,UNKNOWN,dfs.DataNode$PacketResponder,INFO,PacketResponder 2 for block blk_-6811828069408410657 terminating,E10,PacketResponder <*> for block blk_<*> terminating,0.05,Normal,0
HDFS,1494,11-11-2008 05:49,63,UNKNOWN,dfs.DataNode$PacketResponder,INFO,Received block blk_4967370797322420259 of size 67108864 from /10.251.39.192,E11,Received block blk_<*> of size <*> from /<*>,0.05,Normal,0
HDFS,1495,11-11-2008 05:51,153,UNKNOWN,dfs.FSNamesystem,INFO,BLOCK* NameSystem.addStoredBlock: blockMap updated: 10.251.127.243:50010 is added to blk_-719178972315562824 size 67108864,E6,BLOCK* NameSystem.addStoredBlock: blockMap updated: <*>:<*> is added to blk_<*> size <*>,0.05,Normal,0
HDFS,1496,11-11-2008 05:52,32,UNKNOWN,dfs.FSNamesystem,INFO,BLOCK* NameSystem.addStoredBlock: blockMap updated: 10.251.67.4:50010 is added to blk_9093176996492793041 size 67108864,E6,BLOCK* NameSystem.addStoredBlock: blockMap updated: <*>:<*> is added to blk_<*> size <*>,0.05,Normal,0
HDFS,1497,11-11-2008 05:54,145,UNKNOWN,dfs.DataNode$PacketResponder,INFO,PacketResponder 1 for block blk_-7200400342436668240 terminating,E10,PacketResponder <*> for block blk_<*> terminating,0.05,Normal,0
HDFS,1498,11-11-2008 05:55,17,UNKNOWN,dfs.DataNode$PacketResponder,INFO,Received block blk_7213990003235926706 of size 67108864 from /10.250.11.100,E11,Received block blk_<*> of size <*> from /<*>,0.05,Normal,0
HDFS,1499,11-11-2008 05:56,99,UNKNOWN,dfs.FSNamesystem,INFO,BLOCK* NameSystem.addStoredBlock: blockMap updated: 10.250.7.32:50010 is added to blk_-2125743956855238111 size 67108864,E6,BLOCK* NameSystem.addStoredBlock: blockMap updated: <*>:<*> is added to blk_<*> size <*>,0.05,Normal,0
HDFS,1500,11-11-2008 05:59,176,UNKNOWN,dfs.FSNamesystem,INFO,BLOCK* NameSystem.addStoredBlock: blockMap updated: 10.250.7.244:50010 is added to blk_-4875138366845786590 size 67108864,E6,BLOCK* NameSystem.addStoredBlock: blockMap updated: <*>:<*> is added to blk_<*> size <*>,0.05,Normal,0
HDFS,1501,11-11-2008 06:00,39,UNKNOWN,dfs.DataNode$PacketResponder,INFO,PacketResponder 0 for block blk_2508619583759354778 terminating,E10,PacketResponder <*> for block blk_<*> terminating,0.05,Normal,0
HDFS,1502,11-11-2008 06:00,28,UNKNOWN,dfs.FSNamesystem,INFO,BLOCK* NameSystem.addStoredBlock: blockMap updated: 10.250.7.244:50010 is added to blk_6095704128062577668 size 28484260,E6,BLOCK* NameSystem.addStoredBlock: blockMap updated: <*>:<*> is added to blk_<*> size <*>,0.05,Normal,0
HDFS,1503,11-11-2008 06:01,21,UNKNOWN,dfs.DataNode$PacketResponder,INFO,PacketResponder 2 for block blk_6123232805286187512 terminating,E10,PacketResponder <*> for block blk_<*> terminating,0.05,Normal,0
HDFS,1504,11-11-2008 06:01,50,UNKNOWN,dfs.DataNode$DataXceiver,INFO,Receiving block blk_6413965758113058023 src: /10.251.199.150:45184 dest: /10.251.199.150:50010,E13,Receiving block blk_<*> src: /<*>:<*> dest: /<*>:<*>,0.05,Normal,0
HDFS,1505,11-11-2008 06:02,50,UNKNOWN,dfs.FSNamesystem,INFO,BLOCK* NameSystem.addStoredBlock: blockMap updated: 10.251.197.226:50010 is added to blk_7275457888263057111 size 67108864,E6,BLOCK* NameSystem.addStoredBlock: blockMap updated: <*>:<*> is added to blk_<*> size <*>,0.05,Normal,0
HDFS,1506,11-11-2008 06:05,146,UNKNOWN,dfs.DataNode$PacketResponder,INFO,PacketResponder 1 for block blk_6818232325322327288 terminating,E10,PacketResponder <*> for block blk_<*> terminating,0.05,Normal,0
HDFS,1507,11-11-2008 06:10,333,UNKNOWN,dfs.DataNode$PacketResponder,INFO,Received block blk_-5954527587435406374 of size 67108864 from /10.251.106.10,E11,Received block blk_<*> of size <*> from /<*>,0.05,Normal,0
HDFS,1508,11-11-2008 06:12,77,UNKNOWN,dfs.DataNode$PacketResponder,INFO,Received block blk_-4358842839092719327 of size 67108864 from /10.250.15.67,E11,Received block blk_<*> of size <*> from /<*>,0.05,Normal,0
HDFS,1509,11-11-2008 06:12,2,UNKNOWN,dfs.DataNode$PacketResponder,INFO,Received block blk_1489031087420498797 of size 67108864 from /10.251.71.193,E11,Received block blk_<*> of size <*> from /<*>,0.05,Normal,0
HDFS,1510,11-11-2008 06:15,212,UNKNOWN,dfs.DataNode$PacketResponder,INFO,PacketResponder 2 for block blk_-615578808743808725 terminating,E10,PacketResponder <*> for block blk_<*> terminating,0.05,Normal,0
HDFS,1511,11-11-2008 06:15,15,UNKNOWN,dfs.DataNode$PacketResponder,INFO,Received block blk_4588471931728384541 of size 67108864 from /10.251.90.81,E11,Received block blk_<*> of size <*> from /<*>,0.05,Normal,0
HDFS,1512,11-11-2008 06:16,13,UNKNOWN,dfs.FSNamesystem,INFO,BLOCK* NameSystem.allocateBlock: /user/root/randtxt5/_temporary/_task_200811101024_0012_m_001192_0/part-01192. blk_7720864196601815614,E7,BLOCK* NameSystem.allocateBlock: /<*>/part-<*>. blk_<*>,0.05,Normal,0
HDFS,1513,11-11-2008 06:17,65,UNKNOWN,dfs.DataNode$PacketResponder,INFO,PacketResponder 1 for block blk_-9098645110390099509 terminating,E10,PacketResponder <*> for block blk_<*> terminating,0.05,Normal,0
HDFS,1514,11-11-2008 06:17,6,UNKNOWN,dfs.FSNamesystem,INFO,BLOCK* NameSystem.addStoredBlock: blockMap updated: 10.251.109.209:50010 is added to blk_1129715194117079802 size 67108864,E6,BLOCK* NameSystem.addStoredBlock: blockMap updated: <*>:<*> is added to blk_<*> size <*>,0.05,Normal,0
HDFS,1515,11-11-2008 06:17,17,UNKNOWN,dfs.FSNamesystem,INFO,BLOCK* NameSystem.allocateBlock: /user/root/randtxt5/_temporary/_task_200811101024_0012_m_000900_0/part-00900. blk_6690143611140381289,E7,BLOCK* NameSystem.allocateBlock: /<*>/part-<*>. blk_<*>,0.05,Normal,0
HDFS,1516,11-11-2008 06:17,9,UNKNOWN,dfs.DataNode$PacketResponder,INFO,Received block blk_7463248820468902190 of size 67108864 from /10.251.91.15,E11,Received block blk_<*> of size <*> from /<*>,0.05,Normal,0
HDFS,1517,11-11-2008 06:18,78,UNKNOWN,dfs.DataNode$PacketResponder,INFO,Received block blk_3961831045048378097 of size 67108864 from /10.251.39.160,E11,Received block blk_<*> of size <*> from /<*>,0.05,Normal,0
HDFS,1518,11-11-2008 06:19,3,UNKNOWN,dfs.DataNode$PacketResponder,INFO,PacketResponder 2 for block blk_-6220821375880228145 terminating,E10,PacketResponder <*> for block blk_<*> terminating,0.05,Normal,0
HDFS,1519,11-11-2008 06:19,9,UNKNOWN,dfs.FSNamesystem,INFO,BLOCK* NameSystem.addStoredBlock: blockMap updated: 10.251.66.192:50010 is added to blk_-4405302133414008227 size 67108864,E6,BLOCK* NameSystem.addStoredBlock: blockMap updated: <*>:<*> is added to blk_<*> size <*>,0.05,Normal,0
HDFS,1520,11-11-2008 06:19,12,UNKNOWN,dfs.DataNode$PacketResponder,INFO,PacketResponder 1 for block blk_8854625173826438305 terminating,E10,PacketResponder <*> for block blk_<*> terminating,0.05,Normal,0
HDFS,1521,11-11-2008 06:19,5,UNKNOWN,dfs.DataNode$PacketResponder,INFO,Received block blk_8699194381234371727 of size 67108864 from /10.251.214.67,E11,Received block blk_<*> of size <*> from /<*>,0.05,Normal,0
HDFS,1522,11-11-2008 06:20,36,UNKNOWN,dfs.DataNode$PacketResponder,INFO,PacketResponder 2 for block blk_-8389657728641837382 terminating,E10,PacketResponder <*> for block blk_<*> terminating,0.05,Normal,0
HDFS,1523,11-11-2008 06:20,27,UNKNOWN,dfs.DataNode$DataXceiver,INFO,Receiving block blk_-5145508449157510071 src: /10.251.203.246:48508 dest: /10.251.203.246:50010,E13,Receiving block blk_<*> src: /<*>:<*> dest: /<*>:<*>,0.05,Normal,0
HDFS,1524,11-11-2008 06:20,9,UNKNOWN,dfs.FSNamesystem,INFO,BLOCK* NameSystem.addStoredBlock: blockMap updated: 10.251.215.50:50010 is added to blk_6675543598756975559 size 67108864,E6,BLOCK* NameSystem.addStoredBlock: blockMap updated: <*>:<*> is added to blk_<*> size <*>,0.05,Normal,0
HDFS,1525,11-11-2008 06:21,24,UNKNOWN,dfs.DataNode$PacketResponder,INFO,PacketResponder 1 for block blk_-8364400144313355814 terminating,E10,PacketResponder <*> for block blk_<*> terminating,0.05,Normal,0
HDFS,1526,11-11-2008 06:22,96,UNKNOWN,dfs.DataNode$DataXceiver,INFO,Receiving block blk_6108023147232847992 src: /10.251.42.9:43819 dest: /10.251.42.9:50010,E13,Receiving block blk_<*> src: /<*>:<*> dest: /<*>:<*>,0.05,Normal,0
HDFS,1527,11-11-2008 06:23,33,UNKNOWN,dfs.FSNamesystem,INFO,BLOCK* NameSystem.addStoredBlock: blockMap updated: 10.251.66.102:50010 is added to blk_-1932467763723526131 size 67108864,E6,BLOCK* NameSystem.addStoredBlock: blockMap updated: <*>:<*> is added to blk_<*> size <*>,0.05,Normal,0
HDFS,1528,11-11-2008 06:23,42,UNKNOWN,dfs.DataNode$DataXceiver,INFO,Receiving block blk_-8834022217832819265 src: /10.251.105.189:53216 dest: /10.251.105.189:50010,E13,Receiving block blk_<*> src: /<*>:<*> dest: /<*>:<*>,0.05,Normal,0
HDFS,1529,11-11-2008 06:26,155,UNKNOWN,dfs.FSNamesystem,INFO,BLOCK* NameSystem.allocateBlock: /user/root/randtxt5/_temporary/_task_200811101024_0012_m_001314_0/part-01314. blk_5872617224009342667,E7,BLOCK* NameSystem.allocateBlock: /<*>/part-<*>. blk_<*>,0.05,Normal,0
HDFS,1530,11-11-2008 06:27,67,UNKNOWN,dfs.DataNode$PacketResponder,INFO,PacketResponder 0 for block blk_4877808040461609832 terminating,E10,PacketResponder <*> for block blk_<*> terminating,0.05,Normal,0
HDFS,1531,11-11-2008 06:29,90,UNKNOWN,dfs.DataNode$PacketResponder,INFO,Received block blk_3049351456771045311 of size 67108864 from /10.251.199.159,E11,Received block blk_<*> of size <*> from /<*>,0.05,Normal,0
HDFS,1532,11-11-2008 06:29,6,UNKNOWN,dfs.DataNode$PacketResponder,INFO,Received block blk_1247599917761164561 of size 67108864 from /10.251.37.240,E11,Received block blk_<*> of size <*> from /<*>,0.05,Normal,0
HDFS,1533,11-11-2008 06:30,102,UNKNOWN,dfs.DataNode$PacketResponder,INFO,Received block blk_2616961363639592748 of size 67108864 from /10.251.202.134,E11,Received block blk_<*> of size <*> from /<*>,0.05,Normal,0
HDFS,1534,11-11-2008 06:31,45,UNKNOWN,dfs.FSNamesystem,INFO,BLOCK* NameSystem.allocateBlock: /user/root/randtxt5/_temporary/_task_200811101024_0012_m_001529_0/part-01529. blk_-826920518336899809,E7,BLOCK* NameSystem.allocateBlock: /<*>/part-<*>. blk_<*>,0.05,Normal,0
HDFS,1535,11-11-2008 06:32,63,UNKNOWN,dfs.DataNode$PacketResponder,INFO,Received block blk_-3436382429367583573 of size 67108864 from /10.251.107.19,E11,Received block blk_<*> of size <*> from /<*>,0.05,Normal,0
HDFS,1536,11-11-2008 06:32,3,UNKNOWN,dfs.DataNode$DataXceiver,INFO,Receiving block blk_2824047463816148563 src: /10.251.42.84:35776 dest: /10.251.42.84:50010,E13,Receiving block blk_<*> src: /<*>:<*> dest: /<*>:<*>,0.05,Normal,0
HDFS,1537,11-11-2008 06:33,18,UNKNOWN,dfs.DataNode$PacketResponder,INFO,Received block blk_-9211699406261033878 of size 67108864 from /10.251.30.85,E11,Received block blk_<*> of size <*> from /<*>,0.05,Normal,0
HDFS,1538,11-11-2008 06:33,3,UNKNOWN,dfs.FSNamesystem,INFO,BLOCK* NameSystem.addStoredBlock: blockMap updated: 10.251.214.67:50010 is added to blk_-5961895238114806886 size 28508403,E6,BLOCK* NameSystem.addStoredBlock: blockMap updated: <*>:<*> is added to blk_<*> size <*>,0.05,Normal,0
HDFS,1539,11-11-2008 06:33,11,UNKNOWN,dfs.FSNamesystem,INFO,BLOCK* NameSystem.addStoredBlock: blockMap updated: 10.251.107.19:50010 is added to blk_-2654726224018724510 size 67108864,E6,BLOCK* NameSystem.addStoredBlock: blockMap updated: <*>:<*> is added to blk_<*> size <*>,0.05,Normal,0
HDFS,1540,11-11-2008 06:33,7,UNKNOWN,dfs.FSNamesystem,INFO,BLOCK* NameSystem.addStoredBlock: blockMap updated: 10.251.67.225:50010 is added to blk_-3955287039966096707 size 67108864,E6,BLOCK* NameSystem.addStoredBlock: blockMap updated: <*>:<*> is added to blk_<*> size <*>,0.05,Normal,0
HDFS,1541,11-11-2008 06:34,39,UNKNOWN,dfs.FSNamesystem,INFO,BLOCK* NameSystem.addStoredBlock: blockMap updated: 10.251.75.143:50010 is added to blk_-1379379987510648393 size 67108864,E6,BLOCK* NameSystem.addStoredBlock: blockMap updated: <*>:<*> is added to blk_<*> size <*>,0.05,Normal,0
HDFS,1542,11-11-2008 06:34,11,UNKNOWN,dfs.FSNamesystem,INFO,BLOCK* NameSystem.allocateBlock: /user/root/randtxt5/_temporary/_task_200811101024_0012_m_001726_0/part-01726. blk_1858805942071850133,E7,BLOCK* NameSystem.allocateBlock: /<*>/part-<*>. blk_<*>,0.05,Normal,0
HDFS,1543,11-11-2008 06:34,38,UNKNOWN,dfs.FSNamesystem,INFO,BLOCK* NameSystem.allocateBlock: /user/root/randtxt5/_temporary/_task_200811101024_0012_m_001554_0/part-01554. blk_5183831565578080242,E7,BLOCK* NameSystem.allocateBlock: /<*>/part-<*>. blk_<*>,0.05,Normal,0
HDFS,1544,11-11-2008 06:34,8,UNKNOWN,dfs.DataNode$DataXceiver,INFO,Receiving block blk_3248835454898465560 src: /10.251.42.84:40950 dest: /10.251.42.84:50010,E13,Receiving block blk_<*> src: /<*>:<*> dest: /<*>:<*>,0.05,Normal,0
HDFS,1545,11-11-2008 06:35,15,UNKNOWN,dfs.FSNamesystem,INFO,BLOCK* NameSystem.allocateBlock: /user/root/randtxt5/_temporary/_task_200811101024_0012_m_001709_0/part-01709. blk_3776895047834644694,E7,BLOCK* NameSystem.allocateBlock: /<*>/part-<*>. blk_<*>,0.05,Normal,0
HDFS,1546,11-11-2008 06:36,82,UNKNOWN,dfs.FSNamesystem,INFO,BLOCK* NameSystem.addStoredBlock: blockMap updated: 10.251.43.192:50010 is added to blk_8521306385156958668 size 67108864,E6,BLOCK* NameSystem.addStoredBlock: blockMap updated: <*>:<*> is added to blk_<*> size <*>,0.05,Normal,0
HDFS,1547,11-11-2008 06:38,143,UNKNOWN,dfs.DataNode$DataXceiver,INFO,Receiving block blk_1606295458729964667 src: /10.251.214.32:47910 dest: /10.251.214.32:50010,E13,Receiving block blk_<*> src: /<*>:<*> dest: /<*>:<*>,0.05,Normal,0
HDFS,1548,11-11-2008 06:39,24,UNKNOWN,dfs.FSNamesystem,INFO,BLOCK* NameSystem.addStoredBlock: blockMap updated: 10.251.203.149:50010 is added to blk_-7282356322111075290 size 67108864,E6,BLOCK* NameSystem.addStoredBlock: blockMap updated: <*>:<*> is added to blk_<*> size <*>,0.05,Normal,0
HDFS,1549,11-11-2008 06:39,21,UNKNOWN,dfs.FSNamesystem,INFO,BLOCK* NameSystem.addStoredBlock: blockMap updated: 10.251.122.65:50010 is added to blk_-5330522460969948971 size 67108864,E6,BLOCK* NameSystem.addStoredBlock: blockMap updated: <*>:<*> is added to blk_<*> size <*>,0.05,Normal,0
HDFS,1550,11-11-2008 06:40,27,UNKNOWN,dfs.DataNode$PacketResponder,INFO,PacketResponder 2 for block blk_1077394056781488 terminating,E10,PacketResponder <*> for block blk_<*> terminating,0.05,Normal,0
HDFS,1551,11-11-2008 06:41,55,UNKNOWN,dfs.FSNamesystem,INFO,BLOCK* NameSystem.allocateBlock: /user/root/randtxt5/_temporary/_task_200811101024_0012_m_001709_0/part-01709. blk_6054235487623373096,E7,BLOCK* NameSystem.allocateBlock: /<*>/part-<*>. blk_<*>,0.05,Normal,0
HDFS,1552,11-11-2008 06:42,63,UNKNOWN,dfs.DataNode$PacketResponder,INFO,PacketResponder 2 for block blk_-7256345477493725857 terminating,E10,PacketResponder <*> for block blk_<*> terminating,0.05,Normal,0
HDFS,1553,11-11-2008 06:43,73,UNKNOWN,dfs.DataNode$PacketResponder,INFO,Received block blk_3480684347183600958 of size 67108864 from /10.251.111.209,E11,Received block blk_<*> of size <*> from /<*>,0.05,Normal,0
HDFS,1554,11-11-2008 06:45,99,UNKNOWN,dfs.FSNamesystem,INFO,BLOCK* NameSystem.allocateBlock: /user/root/randtxt5/_temporary/_task_200811101024_0012_m_001635_0/part-01635. blk_9034993982993401678,E7,BLOCK* NameSystem.allocateBlock: /<*>/part-<*>. blk_<*>,0.05,Normal,0
HDFS,1555,11-11-2008 06:46,62,UNKNOWN,dfs.FSNamesystem,INFO,BLOCK* NameSystem.addStoredBlock: blockMap updated: 10.251.31.5:50010 is added to blk_-1821104627978106102 size 67108864,E6,BLOCK* NameSystem.addStoredBlock: blockMap updated: <*>:<*> is added to blk_<*> size <*>,0.05,Normal,0
HDFS,1556,11-11-2008 06:46,12,UNKNOWN,dfs.DataNode$DataXceiver,INFO,Receiving block blk_8116683912654412228 src: /10.251.39.179:42019 dest: /10.251.39.179:50010,E13,Receiving block blk_<*> src: /<*>:<*> dest: /<*>:<*>,0.05,Normal,0
HDFS,1557,11-11-2008 06:47,55,UNKNOWN,dfs.DataNode$PacketResponder,INFO,PacketResponder 0 for block blk_-8329840785892216949 terminating,E10,PacketResponder <*> for block blk_<*> terminating,0.05,Normal,0
HDFS,1558,11-11-2008 06:48,56,UNKNOWN,dfs.DataNode$PacketResponder,INFO,PacketResponder 0 for block blk_8254500345987409515 terminating,E10,PacketResponder <*> for block blk_<*> terminating,0.05,Normal,0
HDFS,1559,11-11-2008 06:48,17,UNKNOWN,dfs.DataNode$DataXceiver,INFO,Receiving block blk_-4657886075935807358 src: /10.251.31.160:53084 dest: /10.251.31.160:50010,E13,Receiving block blk_<*> src: /<*>:<*> dest: /<*>:<*>,0.05,Normal,0
HDFS,1560,11-11-2008 06:48,12,UNKNOWN,dfs.DataNode$DataXceiver,INFO,Receiving block blk_8201813022998766557 src: /10.251.203.4:51404 dest: /10.251.203.4:50010,E13,Receiving block blk_<*> src: /<*>:<*> dest: /<*>:<*>,0.05,Normal,0
HDFS,1561,11-11-2008 06:52,210,UNKNOWN,dfs.FSNamesystem,INFO,BLOCK* NameSystem.delete: blk_-4438918035940270891 is added to invalidSet of 10.251.71.193:50010,E8,BLOCK* NameSystem.delete: blk_<*> is added to invalidSet of <*>:<*>,0.05,Normal,0
HDFS,1562,11-11-2008 06:52,0,UNKNOWN,dfs.FSNamesystem,INFO,BLOCK* NameSystem.delete: blk_5616920288053661280 is added to invalidSet of 10.251.42.9:50010,E8,BLOCK* NameSystem.delete: blk_<*> is added to invalidSet of <*>:<*>,0.05,Normal,0
HDFS,1563,11-11-2008 06:52,1,UNKNOWN,dfs.FSNamesystem,INFO,BLOCK* NameSystem.delete: blk_1815340037591016775 is added to invalidSet of 10.250.9.207:50010,E8,BLOCK* NameSystem.delete: blk_<*> is added to invalidSet of <*>:<*>,0.05,Normal,0
HDFS,1564,11-11-2008 06:52,2,UNKNOWN,dfs.FSNamesystem,INFO,BLOCK* NameSystem.delete: blk_2154193600525549460 is added to invalidSet of 10.251.43.147:50010,E8,BLOCK* NameSystem.delete: blk_<*> is added to invalidSet of <*>:<*>,0.05,Normal,0
HDFS,1565,11-11-2008 06:52,3,UNKNOWN,dfs.FSNamesystem,INFO,BLOCK* NameSystem.delete: blk_5580254744888391593 is added to invalidSet of 10.251.201.204:50010,E8,BLOCK* NameSystem.delete: blk_<*> is added to invalidSet of <*>:<*>,0.05,Normal,0
HDFS,1566,11-11-2008 06:52,6,UNKNOWN,dfs.FSNamesystem,INFO,BLOCK* NameSystem.delete: blk_-1641081065757890722 is added to invalidSet of 10.251.107.242:50010,E8,BLOCK* NameSystem.delete: blk_<*> is added to invalidSet of <*>:<*>,0.05,Normal,0
HDFS,1567,11-11-2008 06:52,0,UNKNOWN,dfs.FSNamesystem,INFO,BLOCK* NameSystem.delete: blk_5505696082121135363 is added to invalidSet of 10.251.214.130:50010,E8,BLOCK* NameSystem.delete: blk_<*> is added to invalidSet of <*>:<*>,0.05,Normal,0
HDFS,1568,11-11-2008 06:52,1,UNKNOWN,dfs.FSNamesystem,INFO,BLOCK* NameSystem.delete: blk_5689009809369418749 is added to invalidSet of 10.251.91.84:50010,E8,BLOCK* NameSystem.delete: blk_<*> is added to invalidSet of <*>:<*>,0.05,Normal,0
HDFS,1569,11-11-2008 06:52,2,UNKNOWN,dfs.FSNamesystem,INFO,BLOCK* NameSystem.delete: blk_8155177385081669900 is added to invalidSet of 10.251.197.161:50010,E8,BLOCK* NameSystem.delete: blk_<*> is added to invalidSet of <*>:<*>,0.05,Normal,0
HDFS,1570,11-11-2008 06:52,4,UNKNOWN,dfs.FSNamesystem,INFO,BLOCK* NameSystem.delete: blk_247452006316846355 is added to invalidSet of 10.250.6.191:50010,E8,BLOCK* NameSystem.delete: blk_<*> is added to invalidSet of <*>:<*>,0.05,Normal,0
HDFS,1571,11-11-2008 06:52,0,UNKNOWN,dfs.FSNamesystem,INFO,BLOCK* NameSystem.delete: blk_2657997043417110888 is added to invalidSet of 10.250.13.240:50010,E8,BLOCK* NameSystem.delete: blk_<*> is added to invalidSet of <*>:<*>,0.05,Normal,0
HDFS,1572,11-11-2008 06:52,1,UNKNOWN,dfs.FSNamesystem,INFO,BLOCK* NameSystem.delete: blk_-323838382557775734 is added to invalidSet of 10.251.202.209:50010,E8,BLOCK* NameSystem.delete: blk_<*> is added to invalidSet of <*>:<*>,0.05,Normal,0
HDFS,1573,11-11-2008 06:52,0,UNKNOWN,dfs.FSNamesystem,INFO,BLOCK* NameSystem.delete: blk_-719470845056640928 is added to invalidSet of 10.251.90.64:50010,E8,BLOCK* NameSystem.delete: blk_<*> is added to invalidSet of <*>:<*>,0.05,Normal,0
HDFS,1574,11-11-2008 06:52,0,UNKNOWN,dfs.FSNamesystem,INFO,BLOCK* NameSystem.delete: blk_-7999375661905777727 is added to invalidSet of 10.251.106.37:50010,E8,BLOCK* NameSystem.delete: blk_<*> is added to invalidSet of <*>:<*>,0.05,Normal,0
HDFS,1575,11-11-2008 06:52,1,UNKNOWN,dfs.FSNamesystem,INFO,BLOCK* NameSystem.delete: blk_-2451769929123196359 is added to invalidSet of 10.251.199.159:50010,E8,BLOCK* NameSystem.delete: blk_<*> is added to invalidSet of <*>:<*>,0.05,Normal,0
HDFS,1576,11-11-2008 06:52,1,UNKNOWN,dfs.FSNamesystem,INFO,BLOCK* NameSystem.delete: blk_3231389654886008065 is added to invalidSet of 10.251.195.52:50010,E8,BLOCK* NameSystem.delete: blk_<*> is added to invalidSet of <*>:<*>,0.05,Normal,0
HDFS,1577,11-11-2008 06:52,0,UNKNOWN,dfs.FSNamesystem,INFO,BLOCK* NameSystem.delete: blk_3637945019239882309 is added to invalidSet of 10.251.198.196:50010,E8,BLOCK* NameSystem.delete: blk_<*> is added to invalidSet of <*>:<*>,0.05,Normal,0
HDFS,1578,11-11-2008 06:52,2,UNKNOWN,dfs.FSDataset,INFO,Deleting block blk_-7423574498760490375 file /mnt/hadoop/dfs/data/current/subdir58/blk_-7423574498760490375,E9,Deleting block blk_<*> file /<*>/blk_<*>,0.05,Normal,0
HDFS,1579,11-11-2008 06:52,25,UNKNOWN,dfs.FSNamesystem,INFO,BLOCK* ask 10.250.17.177:50010 to delete  blk_-8570780307468499817 blk_-9122557405432088649 blk_-4393063808227796056 blk_8767569714374844347 blk_7079754042611867581 blk_7608961006114219538 blk_-5017273584996436939 blk_-6537833125980536955 blk_7610838808763810123 blk_3300803097775546532 blk_-5120750586032922592 blk_1577274266662884430 blk_765879159867598347 blk_-9076085976403711202 blk_-3198963348573340497 blk_-4645750029177277209 blk_-5136142986912961316 blk_5677959846373741243 blk_2107477892986152528 blk_-4235116161537008844 blk_6082535783543982566 blk_-4809870147222033236 blk_8818706925296961012 blk_-5203577173046267127 blk_189089569009261656 blk_446299976487589160 blk_-3916247521166632303 blk_-3324962406687427922 blk_-1807424528783081572 blk_-6858401049333055963 blk_6036564204960295926 blk_-8140723044408248078 blk_-3800132731140204959 blk_1716344083117307767 blk_-5194808114606613364 blk_-5473871016976323232 blk_2920934363167004552 blk_8736689095894369097 blk_-7642734632751940776 blk_3408482260833769309 blk_118013751374560901 blk_7963891081239759520 blk_3813114133944383323 blk_3042818489384932576 blk_-4570173726231458270 blk_-1564644006975920581 blk_338095650783321996 blk_3150135312641203550 blk_4285859645577726288 blk_3438772130782939627 blk_2634772258588877972 blk_-6795664812575964130 blk_3923069610304693233 blk_-1782996202120067721 blk_2004418049430157212 blk_1932147224007687756 blk_-582901062969027153 blk_5072240701440032119 blk_-7919006477393039068 blk_-7318022361288598312 blk_-6974693594143537436 blk_-5435767047126325206 blk_-5805500288959332434 blk_-7109885589081848850 blk_2161580591957523893 blk_7240227881194993860 blk_-8298405680648445349 blk_-4253026248821272215 blk_8377661448601579317 blk_8029153852899017155 blk_-8754388319080705916 blk_-7844092300527332901 blk_710178463364063355 blk_-5136849989188547884 blk_8393887138377503163 blk_-6950176077776664217 blk_-6488701068659548195 blk_2537458728254532453 blk_364441107933628577 blk_6207861897580168557 blk_8814943807366894581 blk_-4150682644311695471 blk_9174833667156726933 blk_649427218152856001 blk_-7403541028238011236 blk_-334982586592048773 blk_61908781908925992 blk_6385574357371832424 blk_-66376131060945541 blk_1372596948297458670 blk_-3389135155401857220 blk_-6035411221441929663 blk_-5127580069634421247 blk_-5685246533892022418 blk_4977937528993040451 blk_5680538862600094527 blk_-8378747462487962732 blk_425101290285860876 blk_6306622708327890839 blk_-1067866602168873257,E4,BLOCK* ask <*>:<*> to delete  blk_<*>,0.05,Normal,0
HDFS,1580,11-11-2008 06:52,4,UNKNOWN,dfs.FSDataset,INFO,Deleting block blk_-9169228974826183399 file /mnt/hadoop/dfs/data/current/subdir5/blk_-9169228974826183399,E9,Deleting block blk_<*> file /<*>/blk_<*>,0.05,Normal,0
HDFS,1581,11-11-2008 06:53,5,UNKNOWN,dfs.FSNamesystem,INFO,BLOCK* ask 10.250.10.213:50010 to delete  blk_4029139044660806713 blk_-5471189807977280544 blk_6708643067868168687 blk_-500678958150296008 blk_-8597840983621849778 blk_-3610057702150392748 blk_-1709606535283888232 blk_-4154362211643572668 blk_-8892080524136798472 blk_5356427838869009345 blk_-6987238639050161133 blk_-5215128860160823363 blk_7186692462976470823 blk_-6538449588297475521 blk_-2165930080589343952 blk_-5524899010031625427 blk_6384439316405471171 blk_-2965258329365213675 blk_118950937507976810 blk_-1717088081766373300 blk_-3911466865418055820 blk_1237334407720045724 blk_-760015977981369567 blk_-6802007379650646616 blk_-7667535133893574689 blk_6865645438678864855 blk_4633996820313194570 blk_7225301266481603731 blk_-4930257130609958866 blk_-4124845864570823487 blk_4927011145115127531 blk_7234346856930822716 blk_7159969052744592746 blk_1296823600557793869 blk_2209319141644287774 blk_-622218131799806364 blk_-8154516246083521409 blk_4466433199471909449 blk_8406894133999850666 blk_991075908349619367 blk_-2081474832657208733 blk_-5573393775847919985 blk_2004177185950968695 blk_4041319486058127641 blk_6449230045010995668 blk_5978265573904271474 blk_-4813738732036414715 blk_4389340532803855247 blk_-857151863616763327 blk_-7200136644339435027 blk_-1454962873426270839 blk_-5012294311590635938 blk_7112727670634942639 blk_3335012758760643328 blk_3382627815322561484 blk_825124020036421636 blk_-8040559034239258688 blk_-5415591001139074826 blk_-1052513063506891954 blk_-1155882018729560343 blk_-5679835604685169040 blk_-4498808851217768984 blk_8345415947062862337 blk_8521655806854586696 blk_7602939593939794410 blk_-4833650023923869528 blk_7237730029042141635 blk_2860897425785746911 blk_-1937193099911148343 blk_5740615689780260922 blk_963252337613423037 blk_5537011318013544619 blk_2626057344048606017 blk_8296499240199635880 blk_7211071078501521087 blk_8823112510768971040 blk_-3366974935992288326 blk_-2947778702643296262 blk_7693891282153136044 blk_4644812717442758529 blk_-5724970555730638200 blk_-3039294462945223064 blk_-1729755380346651221 blk_-6448673813272428418 blk_-7724282460846954976 blk_2698691234887375588 blk_-4043525878322523713 blk_-5195120009388265 blk_8879208244602324204 blk_-5784376901556131897 blk_-5201149273969117873 blk_5253889604362640423 blk_7067050654303940677 blk_8992626816092659826 blk_-488462739843441981 blk_8543991617360374935 blk_1943146154560599630 blk_-9194660123773136535 blk_3351984198891394382 blk_-6759123807563555545,E4,BLOCK* ask <*>:<*> to delete  blk_<*>,0.05,Normal,0
HDFS,1582,11-11-2008 06:53,36,UNKNOWN,dfs.DataNode$PacketResponder,INFO,Received block blk_5406084276349645828 of size 67108864 from /10.250.10.223,E11,Received block blk_<*> of size <*> from /<*>,0.05,Normal,0
HDFS,1583,11-11-2008 06:54,25,UNKNOWN,dfs.DataNode$PacketResponder,INFO,PacketResponder 1 for block blk_2016964533702776852 terminating,E10,PacketResponder <*> for block blk_<*> terminating,0.05,Normal,0
HDFS,1584,11-11-2008 06:54,14,UNKNOWN,dfs.FSDataset,INFO,Deleting block blk_-1306900105984505600 file /mnt/hadoop/dfs/data/current/subdir31/blk_-1306900105984505600,E9,Deleting block blk_<*> file /<*>/blk_<*>,0.05,Normal,0
HDFS,1585,11-11-2008 06:54,2,UNKNOWN,dfs.FSDataset,INFO,Deleting block blk_-1312981516354612257 file /mnt/hadoop/dfs/data/current/subdir29/blk_-1312981516354612257,E9,Deleting block blk_<*> file /<*>/blk_<*>,0.05,Normal,0
HDFS,1586,11-11-2008 06:54,0,UNKNOWN,dfs.FSDataset,INFO,Deleting block blk_-2658615574293326723 file /mnt/hadoop/dfs/data/current/subdir37/blk_-2658615574293326723,E9,Deleting block blk_<*> file /<*>/blk_<*>,0.05,Normal,0
HDFS,1587,11-11-2008 06:54,3,UNKNOWN,dfs.FSDataset,INFO,Deleting block blk_2107487634698646045 file /mnt/hadoop/dfs/data/current/subdir3/blk_2107487634698646045,E9,Deleting block blk_<*> file /<*>/blk_<*>,0.05,Normal,0
HDFS,1588,11-11-2008 06:54,3,UNKNOWN,dfs.FSDataset,INFO,Deleting block blk_-253282915050290778 file /mnt/hadoop/dfs/data/current/subdir23/blk_-253282915050290778,E9,Deleting block blk_<*> file /<*>/blk_<*>,0.05,Normal,0
HDFS,1589,11-11-2008 06:54,9,UNKNOWN,dfs.FSDataset,INFO,Deleting block blk_1587615395786683981 file /mnt/hadoop/dfs/data/current/subdir14/blk_1587615395786683981,E9,Deleting block blk_<*> file /<*>/blk_<*>,0.05,Normal,0
HDFS,1590,11-11-2008 06:54,2,UNKNOWN,dfs.FSDataset,INFO,Deleting block blk_3706543205492061794 file /mnt/hadoop/dfs/data/current/subdir1/blk_3706543205492061794,E9,Deleting block blk_<*> file /<*>/blk_<*>,0.05,Normal,0
HDFS,1591,11-11-2008 06:54,3,UNKNOWN,dfs.FSDataset,INFO,Deleting block blk_3862032846413436284 file /mnt/hadoop/dfs/data/current/subdir28/blk_3862032846413436284,E9,Deleting block blk_<*> file /<*>/blk_<*>,0.05,Normal,0
HDFS,1592,11-11-2008 06:54,4,UNKNOWN,dfs.FSDataset,INFO,Deleting block blk_4632283243694149854 file /mnt/hadoop/dfs/data/current/subdir40/blk_4632283243694149854,E9,Deleting block blk_<*> file /<*>/blk_<*>,0.05,Normal,0
HDFS,1593,11-11-2008 06:54,0,UNKNOWN,dfs.FSDataset,INFO,Deleting block blk_1018961650823645078 file /mnt/hadoop/dfs/data/current/subdir60/blk_1018961650823645078,E9,Deleting block blk_<*> file /<*>/blk_<*>,0.05,Normal,0
HDFS,1594,11-11-2008 06:54,0,UNKNOWN,dfs.FSDataset,INFO,Deleting block blk_1213582438865696738 file /mnt/hadoop/dfs/data/current/subdir56/blk_1213582438865696738,E9,Deleting block blk_<*> file /<*>/blk_<*>,0.05,Normal,0
HDFS,1595,11-11-2008 06:54,1,UNKNOWN,dfs.FSDataset,INFO,Deleting block blk_2473550781612396886 file /mnt/hadoop/dfs/data/current/subdir54/blk_2473550781612396886,E9,Deleting block blk_<*> file /<*>/blk_<*>,0.05,Normal,0
HDFS,1596,11-11-2008 06:55,15,UNKNOWN,dfs.FSDataset,INFO,Deleting block blk_8102707766842966459 file /mnt/hadoop/dfs/data/current/subdir29/blk_8102707766842966459,E9,Deleting block blk_<*> file /<*>/blk_<*>,0.05,Normal,0
HDFS,1597,11-11-2008 06:55,0,UNKNOWN,dfs.DataNode$PacketResponder,INFO,PacketResponder 1 for block blk_-352190670750948803 terminating,E10,PacketResponder <*> for block blk_<*> terminating,0.05,Normal,0
HDFS,1598,11-11-2008 06:55,3,UNKNOWN,dfs.FSDataset,INFO,Deleting block blk_6491888411266994867 file /mnt/hadoop/dfs/data/current/subdir39/blk_6491888411266994867,E9,Deleting block blk_<*> file /<*>/blk_<*>,0.05,Normal,0
HDFS,1599,11-11-2008 06:55,1,UNKNOWN,dfs.FSDataset,INFO,Deleting block blk_3336810835691486095 file /mnt/hadoop/dfs/data/current/subdir11/blk_3336810835691486095,E9,Deleting block blk_<*> file /<*>/blk_<*>,0.05,Normal,0
HDFS,1600,11-11-2008 06:55,6,UNKNOWN,dfs.FSDataset,INFO,Deleting block blk_4367982328407767477 file /mnt/hadoop/dfs/data/current/subdir28/blk_4367982328407767477,E9,Deleting block blk_<*> file /<*>/blk_<*>,0.05,Normal,0
HDFS,1601,11-11-2008 06:55,1,UNKNOWN,dfs.FSDataset,INFO,Deleting block blk_6943254721518837570 file /mnt/hadoop/dfs/data/current/subdir41/blk_6943254721518837570,E9,Deleting block blk_<*> file /<*>/blk_<*>,0.05,Normal,0
HDFS,1602,11-11-2008 06:55,4,UNKNOWN,dfs.FSDataset,INFO,Deleting block blk_6077744985764117617 file /mnt/hadoop/dfs/data/current/subdir17/blk_6077744985764117617,E9,Deleting block blk_<*> file /<*>/blk_<*>,0.05,Normal,0
HDFS,1603,11-11-2008 06:55,11,UNKNOWN,dfs.DataNode$PacketResponder,INFO,PacketResponder 1 for block blk_6975937964598933356 terminating,E10,PacketResponder <*> for block blk_<*> terminating,0.05,Normal,0
HDFS,1604,11-11-2008 06:55,12,UNKNOWN,dfs.FSDataset,INFO,Deleting block blk_5771906433100975293 file /mnt/hadoop/dfs/data/current/subdir37/blk_5771906433100975293,E9,Deleting block blk_<*> file /<*>/blk_<*>,0.05,Normal,0
HDFS,1605,11-11-2008 06:56,27,UNKNOWN,dfs.DataNode$DataXceiver,INFO,Receiving block blk_-3884471885525630813 src: /10.251.106.50:60327 dest: /10.251.106.50:50010,E13,Receiving block blk_<*> src: /<*>:<*> dest: /<*>:<*>,0.05,Normal,0
HDFS,1606,11-11-2008 06:57,60,UNKNOWN,dfs.DataNode$DataXceiver,INFO,Receiving block blk_8596624696139957935 src: /10.251.214.175:41468 dest: /10.251.214.175:50010,E13,Receiving block blk_<*> src: /<*>:<*> dest: /<*>:<*>,0.05,Normal,0
HDFS,1607,11-11-2008 06:57,0,UNKNOWN,dfs.FSNamesystem,INFO,BLOCK* NameSystem.allocateBlock: /user/root/rand6/_temporary/_task_200811101024_0013_m_000153_0/part-00153. blk_8596624696139957935,E7,BLOCK* NameSystem.allocateBlock: /<*>/part-<*>. blk_<*>,0.05,Normal,0
HDFS,1608,11-11-2008 06:58,58,UNKNOWN,dfs.FSNamesystem,INFO,BLOCK* NameSystem.addStoredBlock: blockMap updated: 10.251.214.67:50010 is added to blk_-8483420270408348004 size 67108864,E6,BLOCK* NameSystem.addStoredBlock: blockMap updated: <*>:<*> is added to blk_<*> size <*>,0.05,Normal,0
HDFS,1609,11-11-2008 06:58,1,UNKNOWN,dfs.FSDataset,INFO,Deleting block blk_4506604798892399878 file /mnt/hadoop/dfs/data/current/subdir0/blk_4506604798892399878,E9,Deleting block blk_<*> file /<*>/blk_<*>,0.05,Normal,0
HDFS,1610,11-11-2008 06:59,76,UNKNOWN,dfs.FSNamesystem,INFO,BLOCK* NameSystem.allocateBlock: /user/root/rand6/_temporary/_task_200811101024_0013_m_000197_0/part-00197. blk_1832308388558480,E7,BLOCK* NameSystem.allocateBlock: /<*>/part-<*>. blk_<*>,0.05,Normal,0
HDFS,1611,11-11-2008 06:59,16,UNKNOWN,dfs.DataNode$PacketResponder,INFO,Received block blk_2247786307216183697 of size 67108864 from /10.251.67.4,E11,Received block blk_<*> of size <*> from /<*>,0.05,Normal,0
HDFS,1612,11-11-2008 07:00,46,UNKNOWN,dfs.DataNode$PacketResponder,INFO,PacketResponder 0 for block blk_-4289592006812254261 terminating,E10,PacketResponder <*> for block blk_<*> terminating,0.05,Normal,0
HDFS,1613,11-11-2008 07:00,18,UNKNOWN,dfs.DataNode$DataXceiver,INFO,Receiving block blk_5989505185938770383 src: /10.251.67.4:53429 dest: /10.251.67.4:50010,E13,Receiving block blk_<*> src: /<*>:<*> dest: /<*>:<*>,0.05,Normal,0
HDFS,1614,11-11-2008 07:00,15,UNKNOWN,dfs.FSNamesystem,INFO,BLOCK* NameSystem.addStoredBlock: blockMap updated: 10.251.121.224:50010 is added to blk_3134656542322449478 size 67108864,E6,BLOCK* NameSystem.addStoredBlock: blockMap updated: <*>:<*> is added to blk_<*> size <*>,0.05,Normal,0
HDFS,1615,11-11-2008 07:02,97,UNKNOWN,dfs.DataBlockScanner,INFO,Verification succeeded for blk_-8050165297538775793,E14,Verification succeeded for blk_<*>,0.05,Normal,0
HDFS,1616,11-11-2008 07:02,14,UNKNOWN,dfs.FSNamesystem,INFO,BLOCK* NameSystem.addStoredBlock: blockMap updated: 10.251.90.134:50010 is added to blk_-3184700311670257792 size 67108864,E6,BLOCK* NameSystem.addStoredBlock: blockMap updated: <*>:<*> is added to blk_<*> size <*>,0.05,Normal,0
HDFS,1617,11-11-2008 07:02,12,UNKNOWN,dfs.DataNode$PacketResponder,INFO,PacketResponder 1 for block blk_5114572025256210948 terminating,E10,PacketResponder <*> for block blk_<*> terminating,0.05,Normal,0
HDFS,1618,11-11-2008 07:03,3,UNKNOWN,dfs.FSNamesystem,INFO,BLOCK* NameSystem.allocateBlock: /user/root/rand6/_temporary/_task_200811101024_0013_m_000451_0/part-00451. blk_-8744988583359134013,E7,BLOCK* NameSystem.allocateBlock: /<*>/part-<*>. blk_<*>,0.05,Normal,0
HDFS,1619,11-11-2008 07:03,25,UNKNOWN,dfs.FSNamesystem,INFO,BLOCK* NameSystem.allocateBlock: /user/root/rand6/_temporary/_task_200811101024_0013_m_000079_0/part-00079. blk_4225726256421431188,E7,BLOCK* NameSystem.allocateBlock: /<*>/part-<*>. blk_<*>,0.05,Normal,0
HDFS,1620,11-11-2008 07:04,92,UNKNOWN,dfs.DataNode$PacketResponder,INFO,Received block blk_1060814796407897179 of size 67108864 from /10.251.109.209,E11,Received block blk_<*> of size <*> from /<*>,0.05,Normal,0
HDFS,1621,11-11-2008 07:05,7,UNKNOWN,dfs.FSNamesystem,INFO,BLOCK* NameSystem.addStoredBlock: blockMap updated: 10.251.25.237:50010 is added to blk_-1496429201748767714 size 67108864,E6,BLOCK* NameSystem.addStoredBlock: blockMap updated: <*>:<*> is added to blk_<*> size <*>,0.05,Normal,0
HDFS,1622,11-11-2008 07:05,14,UNKNOWN,dfs.DataNode$PacketResponder,INFO,PacketResponder 0 for block blk_-4684475480143348818 terminating,E10,PacketResponder <*> for block blk_<*> terminating,0.05,Normal,0
HDFS,1623,11-11-2008 07:05,0,UNKNOWN,dfs.FSNamesystem,INFO,BLOCK* NameSystem.allocateBlock: /user/root/rand6/_temporary/_task_200811101024_0013_m_000077_0/part-00077. blk_608957629753483727,E7,BLOCK* NameSystem.allocateBlock: /<*>/part-<*>. blk_<*>,0.05,Normal,0
HDFS,1624,11-11-2008 07:06,76,UNKNOWN,dfs.DataNode$PacketResponder,INFO,PacketResponder 0 for block blk_-7937864120968665564 terminating,E10,PacketResponder <*> for block blk_<*> terminating,0.05,Normal,0
HDFS,1625,11-11-2008 07:07,60,UNKNOWN,dfs.FSNamesystem,INFO,BLOCK* NameSystem.addStoredBlock: blockMap updated: 10.251.214.130:50010 is added to blk_-4427507243535536615 size 67108864,E6,BLOCK* NameSystem.addStoredBlock: blockMap updated: <*>:<*> is added to blk_<*> size <*>,0.05,Normal,0
HDFS,1626,11-11-2008 07:08,48,UNKNOWN,dfs.DataNode$PacketResponder,INFO,Received block blk_7830067201550857864 of size 67108864 from /10.251.105.189,E11,Received block blk_<*> of size <*> from /<*>,0.05,Normal,0
HDFS,1627,11-11-2008 07:08,13,UNKNOWN,dfs.DataNode$PacketResponder,INFO,Received block blk_-2194976790278647102 of size 67108864 from /10.251.110.8,E11,Received block blk_<*> of size <*> from /<*>,0.05,Normal,0
HDFS,1628,11-11-2008 07:08,0,UNKNOWN,dfs.DataNode$PacketResponder,INFO,PacketResponder 1 for block blk_8459274965060101250 terminating,E10,PacketResponder <*> for block blk_<*> terminating,0.05,Normal,0
HDFS,1629,11-11-2008 07:09,36,UNKNOWN,dfs.DataNode$PacketResponder,INFO,Received block blk_1561008813520212225 of size 67108864 from /10.250.7.230,E11,Received block blk_<*> of size <*> from /<*>,0.05,Normal,0
HDFS,1630,11-11-2008 07:09,6,UNKNOWN,dfs.FSNamesystem,INFO,BLOCK* NameSystem.addStoredBlock: blockMap updated: 10.250.6.214:50010 is added to blk_5963655886023015963 size 67108864,E6,BLOCK* NameSystem.addStoredBlock: blockMap updated: <*>:<*> is added to blk_<*> size <*>,0.05,Normal,0
HDFS,1631,11-11-2008 07:09,10,UNKNOWN,dfs.DataNode$DataXceiver,INFO,Receiving block blk_2377944115560974127 src: /10.251.75.163:55681 dest: /10.251.75.163:50010,E13,Receiving block blk_<*> src: /<*>:<*> dest: /<*>:<*>,0.05,Normal,0
HDFS,1632,11-11-2008 07:10,52,UNKNOWN,dfs.DataNode$PacketResponder,INFO,PacketResponder 1 for block blk_6030936529326346827 terminating,E10,PacketResponder <*> for block blk_<*> terminating,0.05,Normal,0
HDFS,1633,11-11-2008 07:10,7,UNKNOWN,dfs.DataNode$DataXceiver,INFO,Receiving block blk_3322875843051058970 src: /10.250.7.244:40195 dest: /10.250.7.244:50010,E13,Receiving block blk_<*> src: /<*>:<*> dest: /<*>:<*>,0.05,Normal,0
HDFS,1634,11-11-2008 07:10,10,UNKNOWN,dfs.DataNode$PacketResponder,INFO,PacketResponder 1 for block blk_-7269672042149855641 terminating,E10,PacketResponder <*> for block blk_<*> terminating,0.05,Normal,0
HDFS,1635,11-11-2008 07:10,5,UNKNOWN,dfs.FSNamesystem,INFO,BLOCK* NameSystem.addStoredBlock: blockMap updated: 10.251.30.134:50010 is added to blk_-5214060566378896158 size 67108864,E6,BLOCK* NameSystem.addStoredBlock: blockMap updated: <*>:<*> is added to blk_<*> size <*>,0.05,Normal,0
HDFS,1636,11-11-2008 07:11,30,UNKNOWN,dfs.FSNamesystem,INFO,BLOCK* NameSystem.allocateBlock: /user/root/rand6/_temporary/_task_200811101024_0013_m_000523_0/part-00523. blk_-4801855948459616884,E7,BLOCK* NameSystem.allocateBlock: /<*>/part-<*>. blk_<*>,0.05,Normal,0
HDFS,1637,11-11-2008 07:12,53,UNKNOWN,dfs.DataNode$PacketResponder,INFO,Received block blk_-4846710336436578833 of size 67108864 from /10.251.203.129,E11,Received block blk_<*> of size <*> from /<*>,0.05,Normal,0
HDFS,1638,11-11-2008 07:13,86,UNKNOWN,dfs.DataNode$PacketResponder,INFO,Received block blk_-1522107359378428427 of size 67108864 from /10.251.125.174,E11,Received block blk_<*> of size <*> from /<*>,0.05,Normal,0
HDFS,1639,11-11-2008 07:15,99,UNKNOWN,dfs.DataNode$PacketResponder,INFO,Received block blk_-1846853350696018836 of size 67108864 from /10.250.15.67,E11,Received block blk_<*> of size <*> from /<*>,0.05,Normal,0
HDFS,1640,11-11-2008 07:16,61,UNKNOWN,dfs.FSNamesystem,INFO,BLOCK* NameSystem.allocateBlock: /user/root/rand6/_temporary/_task_200811101024_0013_m_000997_0/part-00997. blk_-500534246236005335,E7,BLOCK* NameSystem.allocateBlock: /<*>/part-<*>. blk_<*>,0.05,Normal,0
HDFS,1641,11-11-2008 07:17,62,UNKNOWN,dfs.DataNode$PacketResponder,INFO,Received block blk_-1236077201457689973 of size 67108864 from /10.251.35.1,E11,Received block blk_<*> of size <*> from /<*>,0.05,Normal,0
HDFS,1642,11-11-2008 07:17,18,UNKNOWN,dfs.DataNode$PacketResponder,INFO,Received block blk_8474920544984206742 of size 67108864 from /10.251.91.229,E11,Received block blk_<*> of size <*> from /<*>,0.05,Normal,0
HDFS,1643,11-11-2008 07:17,15,UNKNOWN,dfs.FSNamesystem,INFO,BLOCK* NameSystem.addStoredBlock: blockMap updated: 10.251.71.16:50010 is added to blk_-6464763289185102366 size 67108864,E6,BLOCK* NameSystem.addStoredBlock: blockMap updated: <*>:<*> is added to blk_<*> size <*>,0.05,Normal,0
HDFS,1644,11-11-2008 07:19,78,UNKNOWN,dfs.DataNode$DataXceiver,INFO,Receiving block blk_-7646004878694144580 src: /10.251.202.181:47130 dest: /10.251.202.181:50010,E13,Receiving block blk_<*> src: /<*>:<*> dest: /<*>:<*>,0.05,Normal,0
HDFS,1645,11-11-2008 07:19,8,UNKNOWN,dfs.DataNode$PacketResponder,INFO,PacketResponder 0 for block blk_-41928108292416895 terminating,E10,PacketResponder <*> for block blk_<*> terminating,0.05,Normal,0
HDFS,1646,11-11-2008 07:19,27,UNKNOWN,dfs.DataNode$DataXceiver,INFO,Receiving block blk_-7389979618829759505 src: /10.251.127.47:58395 dest: /10.251.127.47:50010,E13,Receiving block blk_<*> src: /<*>:<*> dest: /<*>:<*>,0.05,Normal,0
HDFS,1647,11-11-2008 07:20,74,UNKNOWN,dfs.DataNode$PacketResponder,INFO,PacketResponder 1 for block blk_2096030750186708493 terminating,E10,PacketResponder <*> for block blk_<*> terminating,0.05,Normal,0
HDFS,1648,11-11-2008 07:20,6,UNKNOWN,dfs.FSNamesystem,INFO,BLOCK* NameSystem.addStoredBlock: blockMap updated: 10.251.30.6:50010 is added to blk_-2345355483730155757 size 67108864,E6,BLOCK* NameSystem.addStoredBlock: blockMap updated: <*>:<*> is added to blk_<*> size <*>,0.05,Normal,0
HDFS,1649,11-11-2008 07:22,75,UNKNOWN,dfs.DataNode$PacketResponder,INFO,Received block blk_5834218936335592624 of size 67108864 from /10.251.111.228,E11,Received block blk_<*> of size <*> from /<*>,0.05,Normal,0
HDFS,1650,11-11-2008 07:22,10,UNKNOWN,dfs.DataNode$PacketResponder,INFO,PacketResponder 2 for block blk_-5504500392858491441 terminating,E10,PacketResponder <*> for block blk_<*> terminating,0.05,Normal,0
HDFS,1651,11-11-2008 07:23,36,UNKNOWN,dfs.FSNamesystem,INFO,BLOCK* NameSystem.addStoredBlock: blockMap updated: 10.250.17.177:50010 is added to blk_4385764838827095986 size 3541872,E6,BLOCK* NameSystem.addStoredBlock: blockMap updated: <*>:<*> is added to blk_<*> size <*>,0.05,Normal,0
HDFS,1652,11-11-2008 07:23,55,UNKNOWN,dfs.DataNode$PacketResponder,INFO,PacketResponder 2 for block blk_-3710747952520609225 terminating,E10,PacketResponder <*> for block blk_<*> terminating,0.05,Normal,0
HDFS,1653,11-11-2008 07:23,1,UNKNOWN,dfs.DataNode$PacketResponder,INFO,PacketResponder 0 for block blk_707166530951154301 terminating,E10,PacketResponder <*> for block blk_<*> terminating,0.05,Normal,0
HDFS,1654,11-11-2008 07:23,0,UNKNOWN,dfs.FSNamesystem,INFO,BLOCK* NameSystem.addStoredBlock: blockMap updated: 10.251.126.22:50010 is added to blk_707166530951154301 size 67108864,E6,BLOCK* NameSystem.addStoredBlock: blockMap updated: <*>:<*> is added to blk_<*> size <*>,0.05,Normal,0
HDFS,1655,11-11-2008 07:24,7,UNKNOWN,dfs.DataNode$PacketResponder,INFO,PacketResponder 0 for block blk_2241654010576170013 terminating,E10,PacketResponder <*> for block blk_<*> terminating,0.05,Normal,0
HDFS,1656,11-11-2008 07:24,44,UNKNOWN,dfs.DataNode$DataXceiver,INFO,Receiving block blk_-8475679647841427708 src: /10.251.75.49:58661 dest: /10.251.75.49:50010,E13,Receiving block blk_<*> src: /<*>:<*> dest: /<*>:<*>,0.05,Normal,0
HDFS,1657,11-11-2008 07:25,36,UNKNOWN,dfs.FSNamesystem,INFO,BLOCK* NameSystem.addStoredBlock: blockMap updated: 10.251.27.63:50010 is added to blk_-7794786562417612249 size 67108864,E6,BLOCK* NameSystem.addStoredBlock: blockMap updated: <*>:<*> is added to blk_<*> size <*>,0.05,Normal,0
HDFS,1658,11-11-2008 07:27,107,UNKNOWN,dfs.DataNode$PacketResponder,INFO,PacketResponder 1 for block blk_-2068111211565768713 terminating,E10,PacketResponder <*> for block blk_<*> terminating,0.05,Normal,0
HDFS,1659,11-11-2008 07:27,23,UNKNOWN,dfs.DataNode$DataXceiver,INFO,Receiving block blk_-7238035741206373733 src: /10.251.202.209:59561 dest: /10.251.202.209:50010,E13,Receiving block blk_<*> src: /<*>:<*> dest: /<*>:<*>,0.05,Normal,0
HDFS,1660,11-11-2008 07:28,45,UNKNOWN,dfs.FSNamesystem,INFO,BLOCK* NameSystem.allocateBlock: /user/root/rand6/_temporary/_task_200811101024_0013_m_001195_0/part-01195. blk_5708405953850477535,E7,BLOCK* NameSystem.allocateBlock: /<*>/part-<*>. blk_<*>,0.05,Normal,0
HDFS,1661,11-11-2008 07:28,39,UNKNOWN,dfs.DataNode$PacketResponder,INFO,Received block blk_2253084440592362960 of size 67108864 from /10.251.199.19,E11,Received block blk_<*> of size <*> from /<*>,0.05,Normal,0
HDFS,1662,11-11-2008 07:29,4,UNKNOWN,dfs.FSNamesystem,INFO,BLOCK* NameSystem.addStoredBlock: blockMap updated: 10.251.91.32:50010 is added to blk_-8127580564011467092 size 67108864,E6,BLOCK* NameSystem.addStoredBlock: blockMap updated: <*>:<*> is added to blk_<*> size <*>,0.05,Normal,0
HDFS,1663,11-11-2008 07:29,2,UNKNOWN,dfs.DataNode$PacketResponder,INFO,PacketResponder 1 for block blk_-8568673600040025636 terminating,E10,PacketResponder <*> for block blk_<*> terminating,0.05,Normal,0
HDFS,1664,11-11-2008 07:29,18,UNKNOWN,dfs.FSNamesystem,INFO,BLOCK* NameSystem.addStoredBlock: blockMap updated: 10.251.107.242:50010 is added to blk_621685330749869453 size 67108864,E6,BLOCK* NameSystem.addStoredBlock: blockMap updated: <*>:<*> is added to blk_<*> size <*>,0.05,Normal,0
HDFS,1665,11-11-2008 07:29,27,UNKNOWN,dfs.FSNamesystem,INFO,BLOCK* NameSystem.addStoredBlock: blockMap updated: 10.250.7.230:50010 is added to blk_8663640697928077697 size 67108864,E6,BLOCK* NameSystem.addStoredBlock: blockMap updated: <*>:<*> is added to blk_<*> size <*>,0.05,Normal,0
HDFS,1666,11-11-2008 07:29,1,UNKNOWN,dfs.DataNode$PacketResponder,INFO,PacketResponder 2 for block blk_1508705816376906895 terminating,E10,PacketResponder <*> for block blk_<*> terminating,0.05,Normal,0
HDFS,1667,11-11-2008 07:29,7,UNKNOWN,dfs.DataNode$PacketResponder,INFO,Received block blk_-6441360440068187612 of size 67108864 from /10.250.10.100,E11,Received block blk_<*> of size <*> from /<*>,0.05,Normal,0
HDFS,1668,11-11-2008 07:30,9,UNKNOWN,dfs.DataNode$PacketResponder,INFO,PacketResponder 1 for block blk_2128110944185709079 terminating,E10,PacketResponder <*> for block blk_<*> terminating,0.05,Normal,0
HDFS,1669,11-11-2008 07:30,8,UNKNOWN,dfs.DataNode$PacketResponder,INFO,PacketResponder 1 for block blk_871974742726663441 terminating,E10,PacketResponder <*> for block blk_<*> terminating,0.05,Normal,0
HDFS,1670,11-11-2008 07:30,46,UNKNOWN,dfs.DataNode$PacketResponder,INFO,PacketResponder 2 for block blk_8049943837789435742 terminating,E10,PacketResponder <*> for block blk_<*> terminating,0.05,Normal,0
HDFS,1671,11-11-2008 07:31,10,UNKNOWN,dfs.DataNode$PacketResponder,INFO,PacketResponder 2 for block blk_-8246207776580662770 terminating,E10,PacketResponder <*> for block blk_<*> terminating,0.05,Normal,0
HDFS,1672,11-11-2008 07:31,39,UNKNOWN,dfs.FSNamesystem,INFO,BLOCK* NameSystem.addStoredBlock: blockMap updated: 10.250.11.100:50010 is added to blk_3406384548372443486 size 67108864,E6,BLOCK* NameSystem.addStoredBlock: blockMap updated: <*>:<*> is added to blk_<*> size <*>,0.05,Normal,0
HDFS,1673,11-11-2008 07:32,42,UNKNOWN,dfs.FSNamesystem,INFO,BLOCK* NameSystem.addStoredBlock: blockMap updated: 10.251.193.175:50010 is added to blk_2460145905812664251 size 67108864,E6,BLOCK* NameSystem.addStoredBlock: blockMap updated: <*>:<*> is added to blk_<*> size <*>,0.05,Normal,0
HDFS,1674,11-11-2008 07:33,32,UNKNOWN,dfs.DataNode$PacketResponder,INFO,Received block blk_-7207514537719465756 of size 67108864 from /10.251.75.143,E11,Received block blk_<*> of size <*> from /<*>,0.05,Normal,0
HDFS,1675,11-11-2008 07:33,12,UNKNOWN,dfs.DataNode$DataXceiver,INFO,Receiving block blk_5216491057643255876 src: /10.251.105.189:55126 dest: /10.251.105.189:50010,E13,Receiving block blk_<*> src: /<*>:<*> dest: /<*>:<*>,0.05,Normal,0
HDFS,1676,11-11-2008 07:33,36,UNKNOWN,dfs.FSNamesystem,INFO,BLOCK* NameSystem.addStoredBlock: blockMap updated: 10.250.7.96:50010 is added to blk_4641147544753118391 size 67108864,E6,BLOCK* NameSystem.addStoredBlock: blockMap updated: <*>:<*> is added to blk_<*> size <*>,0.05,Normal,0
HDFS,1677,11-11-2008 07:34,13,UNKNOWN,dfs.DataNode$PacketResponder,INFO,PacketResponder 0 for block blk_-85872290979354091 terminating,E10,PacketResponder <*> for block blk_<*> terminating,0.05,Normal,0
HDFS,1678,11-11-2008 07:34,3,UNKNOWN,dfs.DataNode$PacketResponder,INFO,Received block blk_-8310554294841246175 of size 67108864 from /10.251.123.132,E11,Received block blk_<*> of size <*> from /<*>,0.05,Normal,0
HDFS,1679,11-11-2008 07:34,35,UNKNOWN,dfs.DataNode$DataXceiver,INFO,Receiving block blk_-7293871043749246063 src: /10.251.193.175:59757 dest: /10.251.193.175:50010,E13,Receiving block blk_<*> src: /<*>:<*> dest: /<*>:<*>,0.05,Normal,0
HDFS,1680,11-11-2008 07:35,26,UNKNOWN,dfs.DataNode$PacketResponder,INFO,Received block blk_3107521534415119817 of size 67108864 from /10.251.193.224,E11,Received block blk_<*> of size <*> from /<*>,0.05,Normal,0
HDFS,1681,11-11-2008 07:35,18,UNKNOWN,dfs.DataNode$PacketResponder,INFO,Received block blk_7194943883245628915 of size 67108864 from /10.251.71.193,E11,Received block blk_<*> of size <*> from /<*>,0.05,Normal,0
HDFS,1682,11-11-2008 07:36,45,UNKNOWN,dfs.DataNode$PacketResponder,INFO,Received block blk_-3816036740130815667 of size 3547785 from /10.250.19.227,E11,Received block blk_<*> of size <*> from /<*>,0.05,Normal,0
HDFS,1683,11-11-2008 07:37,54,UNKNOWN,dfs.DataNode$PacketResponder,INFO,Received block blk_-5450224419450631495 of size 67108864 from /10.251.42.84,E11,Received block blk_<*> of size <*> from /<*>,0.05,Normal,0
HDFS,1684,11-11-2008 07:37,42,UNKNOWN,dfs.DataNode$DataXceiver,INFO,Receiving block blk_5881782374981838094 src: /10.251.214.18:43091 dest: /10.251.214.18:50010,E13,Receiving block blk_<*> src: /<*>:<*> dest: /<*>:<*>,0.05,Normal,0
HDFS,1685,11-11-2008 07:38,16,UNKNOWN,dfs.DataNode$PacketResponder,INFO,PacketResponder 1 for block blk_7078766226078740026 terminating,E10,PacketResponder <*> for block blk_<*> terminating,0.05,Normal,0
HDFS,1686,11-11-2008 07:39,72,UNKNOWN,dfs.DataNode$PacketResponder,INFO,Received block blk_-7380871572601322244 of size 67108864 from /10.251.121.224,E11,Received block blk_<*> of size <*> from /<*>,0.05,Normal,0
HDFS,1687,11-11-2008 07:39,29,UNKNOWN,dfs.DataNode$DataXceiver,INFO,Receiving block blk_3846795603907041885 src: /10.250.10.176:47296 dest: /10.250.10.176:50010,E13,Receiving block blk_<*> src: /<*>:<*> dest: /<*>:<*>,0.05,Normal,0
HDFS,1688,11-11-2008 07:39,6,UNKNOWN,dfs.DataNode$PacketResponder,INFO,Received block blk_7922331746517419368 of size 67108864 from /10.251.199.19,E11,Received block blk_<*> of size <*> from /<*>,0.05,Normal,0
HDFS,1689,11-11-2008 07:41,79,UNKNOWN,dfs.DataNode$PacketResponder,INFO,Received block blk_155320394753274773 of size 67108864 from /10.251.201.204,E11,Received block blk_<*> of size <*> from /<*>,0.05,Normal,0
HDFS,1690,11-11-2008 07:42,52,UNKNOWN,dfs.DataNode$PacketResponder,INFO,PacketResponder 2 for block blk_-5722491454804415982 terminating,E10,PacketResponder <*> for block blk_<*> terminating,0.05,Normal,0
HDFS,1691,11-11-2008 07:43,69,UNKNOWN,dfs.DataNode$PacketResponder,INFO,Received block blk_-3482997549732691785 of size 67108864 from /10.251.122.79,E11,Received block blk_<*> of size <*> from /<*>,0.05,Normal,0
HDFS,1692,11-11-2008 07:44,60,UNKNOWN,dfs.DataNode$DataXceiver,INFO,Receiving block blk_6417614801998326532 src: /10.251.214.67:48694 dest: /10.251.214.67:50010,E13,Receiving block blk_<*> src: /<*>:<*> dest: /<*>:<*>,0.05,Normal,0
HDFS,1693,11-11-2008 07:44,22,UNKNOWN,dfs.DataNode$PacketResponder,INFO,Received block blk_-1090213273274684471 of size 67108864 from /10.251.214.130,E11,Received block blk_<*> of size <*> from /<*>,0.05,Normal,0
HDFS,1694,11-11-2008 07:44,18,UNKNOWN,dfs.DataNode$DataXceiver,INFO,Receiving block blk_-3738901473077208093 src: /10.251.199.150:49679 dest: /10.251.199.150:50010,E13,Receiving block blk_<*> src: /<*>:<*> dest: /<*>:<*>,0.05,Normal,0
HDFS,1695,11-11-2008 07:45,51,UNKNOWN,dfs.FSNamesystem,INFO,BLOCK* NameSystem.allocateBlock: /user/root/rand6/_temporary/_task_200811101024_0013_m_001850_0/part-01850. blk_-4312777901444596370,E7,BLOCK* NameSystem.allocateBlock: /<*>/part-<*>. blk_<*>,0.05,Normal,0
HDFS,1696,11-11-2008 07:45,8,UNKNOWN,dfs.FSNamesystem,INFO,BLOCK* NameSystem.allocateBlock: /user/root/rand6/_temporary/_task_200811101024_0013_m_001835_0/part-01835. blk_6178964531181542074,E7,BLOCK* NameSystem.allocateBlock: /<*>/part-<*>. blk_<*>,0.05,Normal,0
HDFS,1697,11-11-2008 07:46,65,UNKNOWN,dfs.DataNode$PacketResponder,INFO,PacketResponder 0 for block blk_8550326614414622861 terminating,E10,PacketResponder <*> for block blk_<*> terminating,0.05,Normal,0
HDFS,1698,11-11-2008 07:49,182,UNKNOWN,dfs.DataNode$PacketResponder,INFO,PacketResponder 0 for block blk_-6525012344542022819 terminating,E10,PacketResponder <*> for block blk_<*> terminating,0.05,Normal,0
HDFS,1699,11-11-2008 07:49,3,UNKNOWN,dfs.FSNamesystem,INFO,BLOCK* NameSystem.allocateBlock: /user/root/rand6/_temporary/_task_200811101024_0013_m_001983_0/part-01983. blk_8861349372992394289,E7,BLOCK* NameSystem.allocateBlock: /<*>/part-<*>. blk_<*>,0.05,Normal,0
HDFS,1700,11-11-2008 07:50,56,UNKNOWN,dfs.DataNode$PacketResponder,INFO,PacketResponder 2 for block blk_-1049340855430710153 terminating,E10,PacketResponder <*> for block blk_<*> terminating,0.05,Normal,0
HDFS,1701,11-11-2008 07:51,20,UNKNOWN,dfs.DataNode$PacketResponder,INFO,PacketResponder 1 for block blk_703049809255765647 terminating,E10,PacketResponder <*> for block blk_<*> terminating,0.05,Normal,0
HDFS,1702,11-11-2008 07:51,15,UNKNOWN,dfs.DataNode$DataXceiver,INFO,Receiving block blk_-7460532841070848624 src: /10.250.15.67:55076 dest: /10.250.15.67:50010,E13,Receiving block blk_<*> src: /<*>:<*> dest: /<*>:<*>,0.05,Normal,0
HDFS,1703,11-11-2008 07:51,22,UNKNOWN,dfs.DataNode$DataXceiver,INFO,Receiving block blk_-7623732795385061487 src: /10.251.122.65:40641 dest: /10.251.122.65:50010,E13,Receiving block blk_<*> src: /<*>:<*> dest: /<*>:<*>,0.05,Normal,0
HDFS,1704,11-11-2008 07:51,7,UNKNOWN,dfs.FSNamesystem,INFO,BLOCK* NameSystem.allocateBlock: /user/root/rand6/_temporary/_task_200811101024_0013_m_002009_1/part-02009. blk_-7367386750462511488,E7,BLOCK* NameSystem.allocateBlock: /<*>/part-<*>. blk_<*>,0.05,Normal,0
HDFS,1705,11-11-2008 07:52,14,UNKNOWN,dfs.FSNamesystem,INFO,BLOCK* NameSystem.addStoredBlock: blockMap updated: 10.251.111.228:50010 is added to blk_-1237539644269634790 size 67108864,E6,BLOCK* NameSystem.addStoredBlock: blockMap updated: <*>:<*> is added to blk_<*> size <*>,0.05,Normal,0
HDFS,1706,11-11-2008 07:53,65,UNKNOWN,dfs.DataNode$DataXceiver,INFO,Receiving block blk_7713504868233504097 src: /10.251.127.191:36437 dest: /10.251.127.191:50010,E13,Receiving block blk_<*> src: /<*>:<*> dest: /<*>:<*>,0.05,Normal,0
HDFS,1707,11-11-2008 07:53,28,UNKNOWN,dfs.FSNamesystem,INFO,BLOCK* NameSystem.addStoredBlock: blockMap updated: 10.251.65.203:50010 is added to blk_8005746184358076390 size 67108864,E6,BLOCK* NameSystem.addStoredBlock: blockMap updated: <*>:<*> is added to blk_<*> size <*>,0.05,Normal,0
HDFS,1708,11-11-2008 07:54,23,UNKNOWN,dfs.DataNode$PacketResponder,INFO,Received block blk_955083461510572332 of size 41287838 from /10.251.107.242,E11,Received block blk_<*> of size <*> from /<*>,0.05,Normal,0
HDFS,1709,11-11-2008 07:55,89,UNKNOWN,dfs.DataNode$PacketResponder,INFO,PacketResponder 0 for block blk_283922378823540530 terminating,E10,PacketResponder <*> for block blk_<*> terminating,0.05,Normal,0
HDFS,1710,11-11-2008 07:56,39,UNKNOWN,dfs.FSNamesystem,INFO,BLOCK* NameSystem.delete: blk_4471044334742081825 is added to invalidSet of 10.250.15.198:50010,E8,BLOCK* NameSystem.delete: blk_<*> is added to invalidSet of <*>:<*>,0.05,Normal,0
HDFS,1711,11-11-2008 07:56,3,UNKNOWN,dfs.FSNamesystem,INFO,BLOCK* NameSystem.delete: blk_-3671953658029337449 is added to invalidSet of 10.250.14.143:50010,E8,BLOCK* NameSystem.delete: blk_<*> is added to invalidSet of <*>:<*>,0.05,Normal,0
HDFS,1712,11-11-2008 07:56,4,UNKNOWN,dfs.FSNamesystem,INFO,BLOCK* NameSystem.delete: blk_-75893538967225087 is added to invalidSet of 10.250.15.198:50010,E8,BLOCK* NameSystem.delete: blk_<*> is added to invalidSet of <*>:<*>,0.05,Normal,0
HDFS,1713,11-11-2008 07:56,3,UNKNOWN,dfs.FSNamesystem,INFO,BLOCK* NameSystem.delete: blk_805187982300776163 is added to invalidSet of 10.251.73.188:50010,E8,BLOCK* NameSystem.delete: blk_<*> is added to invalidSet of <*>:<*>,0.05,Normal,0
HDFS,1714,11-11-2008 07:56,2,UNKNOWN,dfs.FSNamesystem,INFO,BLOCK* NameSystem.delete: blk_4631777956354958682 is added to invalidSet of 10.251.30.134:50010,E8,BLOCK* NameSystem.delete: blk_<*> is added to invalidSet of <*>:<*>,0.05,Normal,0
HDFS,1715,11-11-2008 07:56,1,UNKNOWN,dfs.FSNamesystem,INFO,BLOCK* NameSystem.delete: blk_-7595375726951801956 is added to invalidSet of 10.251.122.79:50010,E8,BLOCK* NameSystem.delete: blk_<*> is added to invalidSet of <*>:<*>,0.05,Normal,0
HDFS,1716,11-11-2008 07:56,2,UNKNOWN,dfs.FSNamesystem,INFO,BLOCK* NameSystem.delete: blk_-4681205519208992498 is added to invalidSet of 10.250.6.191:50010,E8,BLOCK* NameSystem.delete: blk_<*> is added to invalidSet of <*>:<*>,0.05,Normal,0
HDFS,1717,11-11-2008 07:56,1,UNKNOWN,dfs.FSNamesystem,INFO,BLOCK* NameSystem.delete: blk_5702487846232575705 is added to invalidSet of 10.250.14.38:50010,E8,BLOCK* NameSystem.delete: blk_<*> is added to invalidSet of <*>:<*>,0.05,Normal,0
HDFS,1718,11-11-2008 07:56,2,UNKNOWN,dfs.FSNamesystem,INFO,BLOCK* NameSystem.delete: blk_4834069779372284635 is added to invalidSet of 10.251.71.97:50010,E8,BLOCK* NameSystem.delete: blk_<*> is added to invalidSet of <*>:<*>,0.05,Normal,0
HDFS,1719,11-11-2008 07:56,2,UNKNOWN,dfs.FSNamesystem,INFO,BLOCK* NameSystem.delete: blk_3735517274901501821 is added to invalidSet of 10.250.6.4:50010,E8,BLOCK* NameSystem.delete: blk_<*> is added to invalidSet of <*>:<*>,0.05,Normal,0
HDFS,1720,11-11-2008 07:56,1,UNKNOWN,dfs.FSNamesystem,INFO,BLOCK* NameSystem.delete: blk_5018797996887008111 is added to invalidSet of 10.251.89.155:50010,E8,BLOCK* NameSystem.delete: blk_<*> is added to invalidSet of <*>:<*>,0.05,Normal,0
HDFS,1721,11-11-2008 07:56,1,UNKNOWN,dfs.FSNamesystem,INFO,BLOCK* NameSystem.delete: blk_-566178736644429906 is added to invalidSet of 10.251.70.37:50010,E8,BLOCK* NameSystem.delete: blk_<*> is added to invalidSet of <*>:<*>,0.05,Normal,0
HDFS,1722,11-11-2008 07:56,2,UNKNOWN,dfs.FSNamesystem,INFO,BLOCK* NameSystem.delete: blk_-8121498678081035000 is added to invalidSet of 10.250.11.100:50010,E8,BLOCK* NameSystem.delete: blk_<*> is added to invalidSet of <*>:<*>,0.05,Normal,0
HDFS,1723,11-11-2008 07:56,17,UNKNOWN,dfs.DataNode$DataXceiver,INFO,Receiving block blk_7996616083434301906 src: /10.251.123.195:53947 dest: /10.251.123.195:50010,E13,Receiving block blk_<*> src: /<*>:<*> dest: /<*>:<*>,0.05,Normal,0
HDFS,1724,11-11-2008 07:57,30,UNKNOWN,dfs.FSDataset,INFO,Deleting block blk_6888300867578983331 file /mnt/hadoop/dfs/data/current/subdir46/blk_6888300867578983331,E9,Deleting block blk_<*> file /<*>/blk_<*>,0.05,Normal,0
HDFS,1725,11-11-2008 07:57,16,UNKNOWN,dfs.DataNode$PacketResponder,INFO,PacketResponder 0 for block blk_7625391056418655045 terminating,E10,PacketResponder <*> for block blk_<*> terminating,0.05,Normal,0
HDFS,1726,11-11-2008 07:57,3,UNKNOWN,dfs.FSDataset,INFO,Deleting block blk_-8443921001690182522 file /mnt/hadoop/dfs/data/current/subdir33/blk_-8443921001690182522,E9,Deleting block blk_<*> file /<*>/blk_<*>,0.05,Normal,0
HDFS,1727,11-11-2008 07:57,1,UNKNOWN,dfs.DataNode$DataXceiver,INFO,Receiving block blk_706826531153199550 src: /10.250.5.161:58254 dest: /10.250.5.161:50010,E13,Receiving block blk_<*> src: /<*>:<*> dest: /<*>:<*>,0.05,Normal,0
HDFS,1728,11-11-2008 07:57,6,UNKNOWN,dfs.FSDataset,INFO,Deleting block blk_-7446091384471755694 file /mnt/hadoop/dfs/data/current/subdir30/blk_-7446091384471755694,E9,Deleting block blk_<*> file /<*>/blk_<*>,0.05,Normal,0
HDFS,1729,11-11-2008 07:57,6,UNKNOWN,dfs.FSDataset,INFO,Deleting block blk_-4352313989800650828 file /mnt/hadoop/dfs/data/current/subdir56/blk_-4352313989800650828,E9,Deleting block blk_<*> file /<*>/blk_<*>,0.05,Normal,0
HDFS,1730,11-11-2008 07:58,10,UNKNOWN,dfs.FSDataset,INFO,Deleting block blk_-6292499669518281202 file /mnt/hadoop/dfs/data/current/subdir26/blk_-6292499669518281202,E9,Deleting block blk_<*> file /<*>/blk_<*>,0.05,Normal,0
HDFS,1731,11-11-2008 07:58,0,UNKNOWN,dfs.DataNode$PacketResponder,INFO,PacketResponder 0 for block blk_-4582442491366282435 terminating,E10,PacketResponder <*> for block blk_<*> terminating,0.05,Normal,0
HDFS,1732,11-11-2008 07:58,1,UNKNOWN,dfs.FSDataset,INFO,Deleting block blk_-6750694665033046901 file /mnt/hadoop/dfs/data/current/subdir63/blk_-6750694665033046901,E9,Deleting block blk_<*> file /<*>/blk_<*>,0.05,Normal,0
HDFS,1733,11-11-2008 07:58,4,UNKNOWN,dfs.FSDataset,INFO,Deleting block blk_-6131345369657245178 file /mnt/hadoop/dfs/data/current/blk_-6131345369657245178,E9,Deleting block blk_<*> file /<*>/blk_<*>,0.05,Normal,0
HDFS,1734,11-11-2008 07:58,10,UNKNOWN,dfs.FSDataset,INFO,Deleting block blk_-3575718350717794894 file /mnt/hadoop/dfs/data/current/blk_-3575718350717794894,E9,Deleting block blk_<*> file /<*>/blk_<*>,0.05,Normal,0
HDFS,1735,11-11-2008 07:58,9,UNKNOWN,dfs.FSDataset,INFO,Deleting block blk_-4380385204018751771 file /mnt/hadoop/dfs/data/current/subdir38/blk_-4380385204018751771,E9,Deleting block blk_<*> file /<*>/blk_<*>,0.05,Normal,0
HDFS,1736,11-11-2008 07:58,5,UNKNOWN,dfs.FSDataset,INFO,Deleting block blk_-3594701313167635091 file /mnt/hadoop/dfs/data/current/subdir54/blk_-3594701313167635091,E9,Deleting block blk_<*> file /<*>/blk_<*>,0.05,Normal,0
HDFS,1737,11-11-2008 07:58,6,UNKNOWN,dfs.FSDataset,INFO,Deleting block blk_-1693418636466747515 file /mnt/hadoop/dfs/data/current/subdir16/blk_-1693418636466747515,E9,Deleting block blk_<*> file /<*>/blk_<*>,0.05,Normal,0
HDFS,1738,11-11-2008 07:58,10,UNKNOWN,dfs.FSDataset,INFO,Deleting block blk_5806397523737304814 file /mnt/hadoop/dfs/data/current/subdir34/blk_5806397523737304814,E9,Deleting block blk_<*> file /<*>/blk_<*>,0.05,Normal,0
HDFS,1739,11-11-2008 07:59,7,UNKNOWN,dfs.FSDataset,INFO,Deleting block blk_-1345585044778938153 file /mnt/hadoop/dfs/data/current/subdir45/blk_-1345585044778938153,E9,Deleting block blk_<*> file /<*>/blk_<*>,0.05,Normal,0
HDFS,1740,11-11-2008 07:59,0,UNKNOWN,dfs.FSDataset,INFO,Deleting block blk_2489882700357182381 file /mnt/hadoop/dfs/data/current/blk_2489882700357182381,E9,Deleting block blk_<*> file /<*>/blk_<*>,0.05,Normal,0
HDFS,1741,11-11-2008 07:59,1,UNKNOWN,dfs.FSDataset,INFO,Deleting block blk_-1800458850981311953 file /mnt/hadoop/dfs/data/current/subdir57/blk_-1800458850981311953,E9,Deleting block blk_<*> file /<*>/blk_<*>,0.05,Normal,0
HDFS,1742,11-11-2008 07:59,3,UNKNOWN,dfs.FSDataset,INFO,Deleting block blk_6373260430960091026 file /mnt/hadoop/dfs/data/current/subdir43/blk_6373260430960091026,E9,Deleting block blk_<*> file /<*>/blk_<*>,0.05,Normal,0
HDFS,1743,11-11-2008 07:59,2,UNKNOWN,dfs.FSDataset,INFO,Deleting block blk_-1278725622357466169 file /mnt/hadoop/dfs/data/current/subdir0/blk_-1278725622357466169,E9,Deleting block blk_<*> file /<*>/blk_<*>,0.05,Normal,0
HDFS,1744,11-11-2008 07:59,4,UNKNOWN,dfs.FSDataset,INFO,Deleting block blk_4513772639980123655 file /mnt/hadoop/dfs/data/current/blk_4513772639980123655,E9,Deleting block blk_<*> file /<*>/blk_<*>,0.05,Normal,0
HDFS,1745,11-11-2008 07:59,3,UNKNOWN,dfs.FSDataset,INFO,Deleting block blk_1838564958520120941 file /mnt/hadoop/dfs/data/current/subdir39/blk_1838564958520120941,E9,Deleting block blk_<*> file /<*>/blk_<*>,0.05,Normal,0
HDFS,1746,11-11-2008 07:59,1,UNKNOWN,dfs.FSDataset,INFO,Deleting block blk_7985460426680885040 file /mnt/hadoop/dfs/data/current/blk_7985460426680885040,E9,Deleting block blk_<*> file /<*>/blk_<*>,0.05,Normal,0
HDFS,1747,11-11-2008 07:59,5,UNKNOWN,dfs.FSDataset,INFO,Deleting block blk_2215517976324634098 file /mnt/hadoop/dfs/data/current/subdir4/blk_2215517976324634098,E9,Deleting block blk_<*> file /<*>/blk_<*>,0.05,Normal,0
HDFS,1748,11-11-2008 07:59,0,UNKNOWN,dfs.FSDataset,INFO,Deleting block blk_5453150794205420798 file /mnt/hadoop/dfs/data/current/subdir24/blk_5453150794205420798,E9,Deleting block blk_<*> file /<*>/blk_<*>,0.05,Normal,0
HDFS,1749,11-11-2008 07:59,13,UNKNOWN,dfs.FSNamesystem,INFO,BLOCK* NameSystem.addStoredBlock: blockMap updated: 10.251.194.102:50010 is added to blk_-7522572236891389139 size 67108864,E6,BLOCK* NameSystem.addStoredBlock: blockMap updated: <*>:<*> is added to blk_<*> size <*>,0.05,Normal,0
HDFS,1750,11-11-2008 07:59,24,UNKNOWN,dfs.FSDataset,INFO,Deleting block blk_6163400028286940197 file /mnt/hadoop/dfs/data/current/subdir7/blk_6163400028286940197,E9,Deleting block blk_<*> file /<*>/blk_<*>,0.05,Normal,0
HDFS,1751,11-11-2008 08:00,9,UNKNOWN,dfs.FSDataset,INFO,Deleting block blk_7583807825342916938 file /mnt/hadoop/dfs/data/current/subdir13/blk_7583807825342916938,E9,Deleting block blk_<*> file /<*>/blk_<*>,0.05,Normal,0
HDFS,1752,11-11-2008 08:00,13,UNKNOWN,dfs.DataNode$DataXceiver,INFO,Receiving block blk_-5957060034695163774 src: /10.251.29.239:56334 dest: /10.251.29.239:50010,E13,Receiving block blk_<*> src: /<*>:<*> dest: /<*>:<*>,0.05,Normal,0
HDFS,1753,11-11-2008 08:01,49,UNKNOWN,dfs.DataNode$DataXceiver,INFO,Receiving block blk_-2250942073136893488 src: /10.251.126.22:59179 dest: /10.251.126.22:50010,E13,Receiving block blk_<*> src: /<*>:<*> dest: /<*>:<*>,0.05,Normal,0
HDFS,1754,11-11-2008 08:01,10,UNKNOWN,dfs.DataNode$PacketResponder,INFO,Received block blk_-3693786175267111588 of size 67108864 from /10.251.71.97,E11,Received block blk_<*> of size <*> from /<*>,0.05,Normal,0
HDFS,1755,11-11-2008 08:01,33,UNKNOWN,dfs.FSDataset,INFO,Deleting block blk_8384967715738359346 file /mnt/hadoop/dfs/data/current/subdir27/blk_8384967715738359346,E9,Deleting block blk_<*> file /<*>/blk_<*>,0.05,Normal,0
HDFS,1756,11-11-2008 08:02,65,UNKNOWN,dfs.FSNamesystem,INFO,BLOCK* NameSystem.addStoredBlock: blockMap updated: 10.250.10.223:50010 is added to blk_-1948505589144820414 size 67108864,E6,BLOCK* NameSystem.addStoredBlock: blockMap updated: <*>:<*> is added to blk_<*> size <*>,0.05,Normal,0
HDFS,1757,11-11-2008 08:03,13,UNKNOWN,dfs.FSNamesystem,INFO,BLOCK* NameSystem.addStoredBlock: blockMap updated: 10.251.202.209:50010 is added to blk_-6224982681533811277 size 67108864,E6,BLOCK* NameSystem.addStoredBlock: blockMap updated: <*>:<*> is added to blk_<*> size <*>,0.05,Normal,0
HDFS,1758,11-11-2008 08:03,20,UNKNOWN,dfs.FSNamesystem,INFO,BLOCK* NameSystem.addStoredBlock: blockMap updated: 10.251.107.196:50010 is added to blk_-2843780069100181052 size 67108864,E6,BLOCK* NameSystem.addStoredBlock: blockMap updated: <*>:<*> is added to blk_<*> size <*>,0.05,Normal,0
HDFS,1759,11-11-2008 08:05,96,UNKNOWN,dfs.DataNode$DataXceiver,INFO,Receiving block blk_8083872765147994327 src: /10.250.15.67:41990 dest: /10.250.15.67:50010,E13,Receiving block blk_<*> src: /<*>:<*> dest: /<*>:<*>,0.05,Normal,0
HDFS,1760,11-11-2008 08:05,49,UNKNOWN,dfs.DataNode$PacketResponder,INFO,Received block blk_-6502143621885580798 of size 67108864 from /10.251.39.179,E11,Received block blk_<*> of size <*> from /<*>,0.05,Normal,0
HDFS,1761,11-11-2008 08:06,51,UNKNOWN,dfs.DataNode$DataXceiver,INFO,Receiving block blk_-8323785930877970805 src: /10.250.13.240:40589 dest: /10.250.13.240:50010,E13,Receiving block blk_<*> src: /<*>:<*> dest: /<*>:<*>,0.05,Normal,0
HDFS,1762,11-11-2008 08:06,9,UNKNOWN,dfs.DataNode$PacketResponder,INFO,PacketResponder 0 for block blk_-7587189852169913514 terminating,E10,PacketResponder <*> for block blk_<*> terminating,0.05,Normal,0
HDFS,1763,11-11-2008 08:07,16,UNKNOWN,dfs.FSNamesystem,INFO,BLOCK* NameSystem.addStoredBlock: blockMap updated: 10.251.74.192:50010 is added to blk_7439201509602018752 size 67108864,E6,BLOCK* NameSystem.addStoredBlock: blockMap updated: <*>:<*> is added to blk_<*> size <*>,0.05,Normal,0
HDFS,1764,11-11-2008 08:08,53,UNKNOWN,dfs.DataNode$PacketResponder,INFO,Received block blk_3224184805694764748 of size 67108864 from /10.250.18.114,E11,Received block blk_<*> of size <*> from /<*>,0.05,Normal,0
HDFS,1765,11-11-2008 08:09,91,UNKNOWN,dfs.FSNamesystem,INFO,BLOCK* ask 10.250.14.38:50010 to replicate blk_-7571492020523929240 to datanode(s) 10.251.122.38:50010,E5,BLOCK* ask <*>:<*> to replicate blk_<*> to datanode(s) <*>:<*>,0.05,Normal,0
HDFS,1766,11-11-2008 08:10,53,UNKNOWN,dfs.FSNamesystem,INFO,BLOCK* NameSystem.addStoredBlock: blockMap updated: 10.251.30.6:50010 is added to blk_1119272693889755844 size 67108864,E6,BLOCK* NameSystem.addStoredBlock: blockMap updated: <*>:<*> is added to blk_<*> size <*>,0.05,Normal,0
HDFS,1767,11-11-2008 08:10,2,UNKNOWN,dfs.DataNode$PacketResponder,INFO,Received block blk_1600228140214754078 of size 67108864 from /10.251.90.81,E11,Received block blk_<*> of size <*> from /<*>,0.05,Normal,0
HDFS,1768,11-11-2008 08:10,26,UNKNOWN,dfs.DataNode$DataXceiver,INFO,Received block blk_1473949624670719319 src: /10.251.29.239:35617 dest: /10.251.29.239:50010 of size 67108864,E12,Received block blk_<*> src: /<*>:<*> dest: /<*>:<*> of size <*>,0.05,Normal,0
HDFS,1769,11-11-2008 08:11,50,UNKNOWN,dfs.DataNode$DataXceiver,INFO,Receiving block blk_-7227576651324043655 src: /10.251.107.227:40740 dest: /10.251.107.227:50010,E13,Receiving block blk_<*> src: /<*>:<*> dest: /<*>:<*>,0.05,Normal,0
HDFS,1770,11-11-2008 08:14,141,UNKNOWN,dfs.FSDataset,INFO,Deleting block blk_-7606467001548719462 file /mnt/hadoop/dfs/data/current/subdir2/blk_-7606467001548719462,E9,Deleting block blk_<*> file /<*>/blk_<*>,0.05,Normal,0
HDFS,1771,11-11-2008 08:14,10,UNKNOWN,dfs.DataNode$PacketResponder,INFO,Received block blk_2771018387166611008 of size 67108864 from /10.251.26.131,E11,Received block blk_<*> of size <*> from /<*>,0.05,Normal,0
HDFS,1772,11-11-2008 08:15,78,UNKNOWN,dfs.FSNamesystem,INFO,BLOCK* NameSystem.addStoredBlock: blockMap updated: 10.251.110.160:50010 is added to blk_-2852294661215451806 size 67108864,E6,BLOCK* NameSystem.addStoredBlock: blockMap updated: <*>:<*> is added to blk_<*> size <*>,0.05,Normal,0
HDFS,1773,11-11-2008 08:16,32,UNKNOWN,dfs.DataNode$DataXceiver,INFO,Receiving block blk_7891129742741763034 src: /10.251.107.227:57000 dest: /10.251.107.227:50010,E13,Receiving block blk_<*> src: /<*>:<*> dest: /<*>:<*>,0.05,Normal,0
HDFS,1774,11-11-2008 08:16,11,UNKNOWN,dfs.FSNamesystem,INFO,BLOCK* NameSystem.addStoredBlock: blockMap updated: 10.250.15.240:50010 is added to blk_8512974147315737844 size 67108864,E6,BLOCK* NameSystem.addStoredBlock: blockMap updated: <*>:<*> is added to blk_<*> size <*>,0.05,Normal,0
HDFS,1775,11-11-2008 08:16,23,UNKNOWN,dfs.DataNode$PacketResponder,INFO,Received block blk_427477290315080955 of size 67108864 from /10.251.123.132,E11,Received block blk_<*> of size <*> from /<*>,0.05,Normal,0
HDFS,1776,11-11-2008 08:17,22,UNKNOWN,dfs.DataNode$PacketResponder,INFO,Received block blk_-7630699912570186723 of size 67108864 from /10.251.71.240,E11,Received block blk_<*> of size <*> from /<*>,0.05,Normal,0
HDFS,1777,11-11-2008 08:18,105,UNKNOWN,dfs.DataNode$DataXceiver,INFO,Receiving block blk_1512136249403454074 src: /10.250.7.244:47958 dest: /10.250.7.244:50010,E13,Receiving block blk_<*> src: /<*>:<*> dest: /<*>:<*>,0.05,Normal,0
HDFS,1778,11-11-2008 08:19,51,UNKNOWN,dfs.DataNode$PacketResponder,INFO,Received block blk_8655748951361667770 of size 67108864 from /10.251.109.236,E11,Received block blk_<*> of size <*> from /<*>,0.05,Normal,0
HDFS,1779,11-11-2008 08:19,16,UNKNOWN,dfs.DataNode$PacketResponder,INFO,PacketResponder 2 for block blk_8487226415276391460 terminating,E10,PacketResponder <*> for block blk_<*> terminating,0.05,Normal,0
HDFS,1780,11-11-2008 08:20,11,UNKNOWN,dfs.DataNode$DataXceiver,INFO,Receiving block blk_-8162657657061473938 src: /10.251.26.131:35484 dest: /10.251.26.131:50010,E13,Receiving block blk_<*> src: /<*>:<*> dest: /<*>:<*>,0.05,Normal,0
HDFS,1781,11-11-2008 08:20,34,UNKNOWN,dfs.FSNamesystem,INFO,BLOCK* NameSystem.addStoredBlock: blockMap updated: 10.251.66.3:50010 is added to blk_-4970213618915792510 size 67108864,E6,BLOCK* NameSystem.addStoredBlock: blockMap updated: <*>:<*> is added to blk_<*> size <*>,0.05,Normal,0
HDFS,1782,11-11-2008 08:21,29,UNKNOWN,dfs.DataNode$DataXceiver,INFO,Receiving block blk_9034824096129858680 src: /10.250.6.223:45371 dest: /10.250.6.223:50010,E13,Receiving block blk_<*> src: /<*>:<*> dest: /<*>:<*>,0.05,Normal,0
HDFS,1783,11-11-2008 08:23,134,UNKNOWN,dfs.DataNode$PacketResponder,INFO,Received block blk_-4775386099844009890 of size 67108864 from /10.251.107.19,E11,Received block blk_<*> of size <*> from /<*>,0.05,Normal,0
HDFS,1784,11-11-2008 08:25,125,UNKNOWN,dfs.FSNamesystem,INFO,BLOCK* NameSystem.allocateBlock: /user/root/rand7/_temporary/_task_200811101024_0014_m_001049_0/part-01049. blk_-1533191386601391937,E7,BLOCK* NameSystem.allocateBlock: /<*>/part-<*>. blk_<*>,0.05,Normal,0
HDFS,1785,11-11-2008 08:25,1,UNKNOWN,dfs.DataNode$PacketResponder,INFO,PacketResponder 0 for block blk_2096199637324483321 terminating,E10,PacketResponder <*> for block blk_<*> terminating,0.05,Normal,0
HDFS,1786,11-11-2008 08:25,13,UNKNOWN,dfs.DataNode$PacketResponder,INFO,PacketResponder 2 for block blk_3433046099598424314 terminating,E10,PacketResponder <*> for block blk_<*> terminating,0.05,Normal,0
HDFS,1787,11-11-2008 08:26,69,UNKNOWN,dfs.FSNamesystem,INFO,BLOCK* NameSystem.addStoredBlock: blockMap updated: 10.250.13.240:50010 is added to blk_4170936278386288557 size 67108864,E6,BLOCK* NameSystem.addStoredBlock: blockMap updated: <*>:<*> is added to blk_<*> size <*>,0.05,Normal,0
HDFS,1788,11-11-2008 08:27,40,UNKNOWN,dfs.DataNode$PacketResponder,INFO,Received block blk_-3023983271692989109 of size 67108864 from /10.251.110.68,E11,Received block blk_<*> of size <*> from /<*>,0.05,Normal,0
HDFS,1789,11-11-2008 08:28,39,UNKNOWN,dfs.DataNode$DataXceiver,INFO,Receiving block blk_469126362137371425 src: /10.251.199.245:53897 dest: /10.251.199.245:50010,E13,Receiving block blk_<*> src: /<*>:<*> dest: /<*>:<*>,0.05,Normal,0
HDFS,1790,11-11-2008 08:29,53,UNKNOWN,dfs.DataNode$PacketResponder,INFO,PacketResponder 1 for block blk_3922791077126964673 terminating,E10,PacketResponder <*> for block blk_<*> terminating,0.05,Normal,0
HDFS,1791,11-11-2008 08:29,50,UNKNOWN,dfs.DataNode$PacketResponder,INFO,Received block blk_5813923864071791162 of size 67108864 from /10.251.125.193,E11,Received block blk_<*> of size <*> from /<*>,0.05,Normal,0
HDFS,1792,11-11-2008 08:29,3,UNKNOWN,dfs.DataNode$PacketResponder,INFO,PacketResponder 0 for block blk_7412933088374169877 terminating,E10,PacketResponder <*> for block blk_<*> terminating,0.05,Normal,0
HDFS,1793,11-11-2008 08:31,85,UNKNOWN,dfs.FSNamesystem,INFO,BLOCK* NameSystem.addStoredBlock: blockMap updated: 10.251.39.192:50010 is added to blk_-3888538223380979891 size 67108864,E6,BLOCK* NameSystem.addStoredBlock: blockMap updated: <*>:<*> is added to blk_<*> size <*>,0.05,Normal,0
HDFS,1794,11-11-2008 08:31,23,UNKNOWN,dfs.DataNode$PacketResponder,INFO,Received block blk_-5970165518655489569 of size 67108864 from /10.250.14.196,E11,Received block blk_<*> of size <*> from /<*>,0.05,Normal,0
HDFS,1795,11-11-2008 08:31,5,UNKNOWN,dfs.DataNode$PacketResponder,INFO,PacketResponder 2 for block blk_-7319442762668598889 terminating,E10,PacketResponder <*> for block blk_<*> terminating,0.05,Normal,0
HDFS,1796,11-11-2008 08:32,24,UNKNOWN,dfs.FSNamesystem,INFO,BLOCK* NameSystem.allocateBlock: /user/root/rand7/_temporary/_task_200811101024_0014_m_000973_0/part-00973. blk_5844313985011885282,E7,BLOCK* NameSystem.allocateBlock: /<*>/part-<*>. blk_<*>,0.05,Normal,0
HDFS,1797,11-11-2008 08:32,7,UNKNOWN,dfs.FSNamesystem,INFO,BLOCK* NameSystem.allocateBlock: /user/root/rand7/_temporary/_task_200811101024_0014_m_001348_0/part-01348. blk_4531288786306744275,E7,BLOCK* NameSystem.allocateBlock: /<*>/part-<*>. blk_<*>,0.05,Normal,0
HDFS,1798,11-11-2008 08:33,77,UNKNOWN,dfs.DataNode$PacketResponder,INFO,Received block blk_-3845286823494684378 of size 67108864 from /10.251.107.196,E11,Received block blk_<*> of size <*> from /<*>,0.05,Normal,0
HDFS,1799,11-11-2008 08:33,2,UNKNOWN,dfs.FSNamesystem,INFO,BLOCK* NameSystem.addStoredBlock: blockMap updated: 10.251.203.129:50010 is added to blk_6170586659371027531 size 67108864,E6,BLOCK* NameSystem.addStoredBlock: blockMap updated: <*>:<*> is added to blk_<*> size <*>,0.05,Normal,0
HDFS,1800,11-11-2008 08:34,40,UNKNOWN,dfs.DataNode$PacketResponder,INFO,PacketResponder 1 for block blk_-808401720390253471 terminating,E10,PacketResponder <*> for block blk_<*> terminating,0.05,Normal,0
HDFS,1801,11-11-2008 08:34,8,UNKNOWN,dfs.FSNamesystem,INFO,BLOCK* NameSystem.addStoredBlock: blockMap updated: 10.251.123.33:50010 is added to blk_1447281351164457761 size 67108864,E6,BLOCK* NameSystem.addStoredBlock: blockMap updated: <*>:<*> is added to blk_<*> size <*>,0.05,Normal,0
HDFS,1802,11-11-2008 08:34,1,UNKNOWN,dfs.DataNode$DataXceiver,INFO,Receiving block blk_-7911408976820434495 src: /10.251.42.191:35834 dest: /10.251.42.191:50010,E13,Receiving block blk_<*> src: /<*>:<*> dest: /<*>:<*>,0.05,Normal,0
HDFS,1803,11-11-2008 08:34,12,UNKNOWN,dfs.FSNamesystem,INFO,BLOCK* NameSystem.addStoredBlock: blockMap updated: 10.251.89.155:50010 is added to blk_-5455316994110506037 size 67108864,E6,BLOCK* NameSystem.addStoredBlock: blockMap updated: <*>:<*> is added to blk_<*> size <*>,0.05,Normal,0
HDFS,1804,11-11-2008 08:34,4,UNKNOWN,dfs.DataNode$PacketResponder,INFO,PacketResponder 0 for block blk_-917268749136585019 terminating,E10,PacketResponder <*> for block blk_<*> terminating,0.05,Normal,0
HDFS,1805,11-11-2008 08:35,23,UNKNOWN,dfs.DataNode$DataXceiver,INFO,Receiving block blk_1122812501843755360 src: /10.251.198.196:51036 dest: /10.251.198.196:50010,E13,Receiving block blk_<*> src: /<*>:<*> dest: /<*>:<*>,0.05,Normal,0
HDFS,1806,11-11-2008 08:37,156,UNKNOWN,dfs.DataNode$DataXceiver,INFO,Receiving block blk_5983149244832683042 src: /10.251.42.191:52748 dest: /10.251.42.191:50010,E13,Receiving block blk_<*> src: /<*>:<*> dest: /<*>:<*>,0.05,Normal,0
HDFS,1807,11-11-2008 08:37,11,UNKNOWN,dfs.DataNode$PacketResponder,INFO,PacketResponder 1 for block blk_-5263787695149681326 terminating,E10,PacketResponder <*> for block blk_<*> terminating,0.05,Normal,0
HDFS,1808,11-11-2008 08:37,2,UNKNOWN,dfs.DataNode$DataXceiver,INFO,Receiving block blk_5781019224640206392 src: /10.250.11.194:37060 dest: /10.250.11.194:50010,E13,Receiving block blk_<*> src: /<*>:<*> dest: /<*>:<*>,0.05,Normal,0
HDFS,1809,11-11-2008 08:38,44,UNKNOWN,dfs.DataNode$PacketResponder,INFO,PacketResponder 2 for block blk_4786794545180705888 terminating,E10,PacketResponder <*> for block blk_<*> terminating,0.05,Normal,0
HDFS,1810,11-11-2008 08:38,0,UNKNOWN,dfs.FSNamesystem,INFO,BLOCK* NameSystem.addStoredBlock: blockMap updated: 10.251.73.220:50010 is added to blk_1303107722036031233 size 67108864,E6,BLOCK* NameSystem.addStoredBlock: blockMap updated: <*>:<*> is added to blk_<*> size <*>,0.05,Normal,0
HDFS,1811,11-11-2008 08:39,76,UNKNOWN,dfs.DataNode$PacketResponder,INFO,Received block blk_4539833452749813987 of size 67108864 from /10.251.42.16,E11,Received block blk_<*> of size <*> from /<*>,0.05,Normal,0
HDFS,1812,11-11-2008 08:40,8,UNKNOWN,dfs.DataNode$PacketResponder,INFO,PacketResponder 0 for block blk_703387617548630438 terminating,E10,PacketResponder <*> for block blk_<*> terminating,0.05,Normal,0
HDFS,1813,11-11-2008 08:41,59,UNKNOWN,dfs.DataNode$PacketResponder,INFO,PacketResponder 1 for block blk_5689516499354445029 terminating,E10,PacketResponder <*> for block blk_<*> terminating,0.05,Normal,0
HDFS,1814,11-11-2008 08:41,46,UNKNOWN,dfs.FSNamesystem,INFO,BLOCK* NameSystem.addStoredBlock: blockMap updated: 10.250.11.100:50010 is added to blk_-4595094649363595358 size 67108864,E6,BLOCK* NameSystem.addStoredBlock: blockMap updated: <*>:<*> is added to blk_<*> size <*>,0.05,Normal,0
HDFS,1815,11-11-2008 08:41,1,UNKNOWN,dfs.DataNode$DataXceiver,INFO,Receiving block blk_-1733026139299872187 src: /10.251.29.239:52800 dest: /10.251.29.239:50010,E13,Receiving block blk_<*> src: /<*>:<*> dest: /<*>:<*>,0.05,Normal,0
HDFS,1816,11-11-2008 08:42,25,UNKNOWN,dfs.DataNode$PacketResponder,INFO,PacketResponder 0 for block blk_-1910608563003942187 terminating,E10,PacketResponder <*> for block blk_<*> terminating,0.05,Normal,0
HDFS,1817,11-11-2008 08:42,14,UNKNOWN,dfs.FSNamesystem,INFO,BLOCK* NameSystem.allocateBlock: /user/root/rand7/_temporary/_task_200811101024_0014_m_001394_0/part-01394. blk_-1101091099241306483,E7,BLOCK* NameSystem.allocateBlock: /<*>/part-<*>. blk_<*>,0.05,Normal,0
HDFS,1818,11-11-2008 08:42,5,UNKNOWN,dfs.DataNode$PacketResponder,INFO,PacketResponder 1 for block blk_7901008236334420364 terminating,E10,PacketResponder <*> for block blk_<*> terminating,0.05,Normal,0
HDFS,1819,11-11-2008 08:43,49,UNKNOWN,dfs.FSNamesystem,INFO,BLOCK* NameSystem.addStoredBlock: blockMap updated: 10.251.42.207:50010 is added to blk_2119401975697524206 size 67108864,E6,BLOCK* NameSystem.addStoredBlock: blockMap updated: <*>:<*> is added to blk_<*> size <*>,0.05,Normal,0
HDFS,1820,11-11-2008 08:44,43,UNKNOWN,dfs.DataNode$PacketResponder,INFO,PacketResponder 0 for block blk_6204056282927975796 terminating,E10,PacketResponder <*> for block blk_<*> terminating,0.05,Normal,0
HDFS,1821,11-11-2008 08:44,18,UNKNOWN,dfs.DataNode$PacketResponder,INFO,PacketResponder 2 for block blk_215466486430758887 terminating,E10,PacketResponder <*> for block blk_<*> terminating,0.05,Normal,0
HDFS,1822,11-11-2008 08:46,116,UNKNOWN,dfs.FSNamesystem,INFO,BLOCK* NameSystem.allocateBlock: /user/root/rand7/_temporary/_task_200811101024_0014_m_001736_0/part-01736. blk_-3055230140330616860,E7,BLOCK* NameSystem.allocateBlock: /<*>/part-<*>. blk_<*>,0.05,Normal,0
HDFS,1823,11-11-2008 08:47,62,UNKNOWN,dfs.FSNamesystem,INFO,BLOCK* NameSystem.addStoredBlock: blockMap updated: 10.251.73.220:50010 is added to blk_4473390551542202999 size 67108864,E6,BLOCK* NameSystem.addStoredBlock: blockMap updated: <*>:<*> is added to blk_<*> size <*>,0.05,Normal,0
HDFS,1824,11-11-2008 08:47,7,UNKNOWN,dfs.FSNamesystem,INFO,BLOCK* NameSystem.allocateBlock: /user/root/rand7/_temporary/_task_200811101024_0014_m_001649_0/part-01649. blk_-5581540863377925517,E7,BLOCK* NameSystem.allocateBlock: /<*>/part-<*>. blk_<*>,0.05,Normal,0
HDFS,1825,11-11-2008 08:47,4,UNKNOWN,dfs.DataNode$PacketResponder,INFO,Received block blk_7864850143895703065 of size 67108864 from /10.251.107.98,E11,Received block blk_<*> of size <*> from /<*>,0.05,Normal,0
HDFS,1826,11-11-2008 08:47,25,UNKNOWN,dfs.FSNamesystem,INFO,BLOCK* NameSystem.addStoredBlock: blockMap updated: 10.251.91.32:50010 is added to blk_423916008836295480 size 67108864,E6,BLOCK* NameSystem.addStoredBlock: blockMap updated: <*>:<*> is added to blk_<*> size <*>,0.05,Normal,0
HDFS,1827,11-11-2008 08:47,2,UNKNOWN,dfs.DataNode$DataXceiver,INFO,Receiving block blk_2166777223671724319 src: /10.251.214.175:52741 dest: /10.251.214.175:50010,E13,Receiving block blk_<*> src: /<*>:<*> dest: /<*>:<*>,0.05,Normal,0
HDFS,1828,11-11-2008 08:48,19,UNKNOWN,dfs.DataNode$PacketResponder,INFO,Received block blk_4031738712701565209 of size 67108864 from /10.251.199.150,E11,Received block blk_<*> of size <*> from /<*>,0.05,Normal,0
HDFS,1829,11-11-2008 08:48,13,UNKNOWN,dfs.FSNamesystem,INFO,BLOCK* NameSystem.allocateBlock: /user/root/rand7/_temporary/_task_200811101024_0014_m_001940_0/part-01940. blk_1910319264393500537,E7,BLOCK* NameSystem.allocateBlock: /<*>/part-<*>. blk_<*>,0.05,Normal,0
HDFS,1830,11-11-2008 08:48,11,UNKNOWN,dfs.DataNode$PacketResponder,INFO,Received block blk_-8789402864074203800 of size 67108864 from /10.251.193.224,E11,Received block blk_<*> of size <*> from /<*>,0.05,Normal,0
HDFS,1831,11-11-2008 08:49,24,UNKNOWN,dfs.FSNamesystem,INFO,BLOCK* NameSystem.addStoredBlock: blockMap updated: 10.250.17.177:50010 is added to blk_5733038550092620376 size 67108864,E6,BLOCK* NameSystem.addStoredBlock: blockMap updated: <*>:<*> is added to blk_<*> size <*>,0.05,Normal,0
HDFS,1832,11-11-2008 08:50,113,UNKNOWN,dfs.FSNamesystem,INFO,BLOCK* NameSystem.allocateBlock: /user/root/rand7/_temporary/_task_200811101024_0014_m_001642_0/part-01642. blk_8215843708467112607,E7,BLOCK* NameSystem.allocateBlock: /<*>/part-<*>. blk_<*>,0.05,Normal,0
HDFS,1833,11-11-2008 08:51,47,UNKNOWN,dfs.DataNode$PacketResponder,INFO,Received block blk_-954856062493437881 of size 67108864 from /10.251.106.10,E11,Received block blk_<*> of size <*> from /<*>,0.05,Normal,0
HDFS,1834,11-11-2008 08:52,35,UNKNOWN,dfs.DataNode$PacketResponder,INFO,Received block blk_241585185788373386 of size 67108864 from /10.251.111.80,E11,Received block blk_<*> of size <*> from /<*>,0.05,Normal,0
HDFS,1835,11-11-2008 08:53,90,UNKNOWN,dfs.DataNode$DataXceiver,INFO,Receiving block blk_3808164640986377400 src: /10.251.75.79:36685 dest: /10.251.75.79:50010,E13,Receiving block blk_<*> src: /<*>:<*> dest: /<*>:<*>,0.05,Normal,0
HDFS,1836,11-11-2008 08:54,38,UNKNOWN,dfs.DataNode$PacketResponder,INFO,Received block blk_-6719337521981113643 of size 3538321 from /10.250.15.198,E11,Received block blk_<*> of size <*> from /<*>,0.05,Normal,0
HDFS,1837,11-11-2008 08:54,3,UNKNOWN,dfs.FSNamesystem,INFO,BLOCK* NameSystem.addStoredBlock: blockMap updated: 10.251.197.226:50010 is added to blk_-23492739449820023 size 67108864,E6,BLOCK* NameSystem.addStoredBlock: blockMap updated: <*>:<*> is added to blk_<*> size <*>,0.05,Normal,0
HDFS,1838,11-11-2008 08:55,30,UNKNOWN,dfs.DataNode$PacketResponder,INFO,PacketResponder 1 for block blk_-8969188698416564850 terminating,E10,PacketResponder <*> for block blk_<*> terminating,0.05,Normal,0
HDFS,1839,11-11-2008 08:55,27,UNKNOWN,dfs.DataNode$PacketResponder,INFO,PacketResponder 1 for block blk_-5144548163293169177 terminating,E10,PacketResponder <*> for block blk_<*> terminating,0.05,Normal,0
HDFS,1840,11-11-2008 08:56,51,UNKNOWN,dfs.FSNamesystem,INFO,BLOCK* NameSystem.addStoredBlock: blockMap updated: 10.251.122.79:50010 is added to blk_-2895171018912807248 size 67108864,E6,BLOCK* NameSystem.addStoredBlock: blockMap updated: <*>:<*> is added to blk_<*> size <*>,0.05,Normal,0
HDFS,1841,11-11-2008 08:56,14,UNKNOWN,dfs.DataNode$DataXceiver,INFO,Receiving block blk_-5892603381347650390 src: /10.250.14.143:57484 dest: /10.250.14.143:50010,E13,Receiving block blk_<*> src: /<*>:<*> dest: /<*>:<*>,0.05,Normal,0
HDFS,1842,11-11-2008 08:56,0,UNKNOWN,dfs.FSNamesystem,INFO,BLOCK* NameSystem.allocateBlock: /user/root/rand7/_temporary/_task_200811101024_0014_m_002007_0/part-02007. blk_7908524857056299716,E7,BLOCK* NameSystem.allocateBlock: /<*>/part-<*>. blk_<*>,0.05,Normal,0
HDFS,1843,11-11-2008 08:58,145,UNKNOWN,dfs.FSNamesystem,INFO,BLOCK* NameSystem.delete: blk_3492869167398569662 is added to invalidSet of 10.250.5.161:50010,E8,BLOCK* NameSystem.delete: blk_<*> is added to invalidSet of <*>:<*>,0.05,Normal,0
HDFS,1844,11-11-2008 08:59,7,UNKNOWN,dfs.FSNamesystem,INFO,BLOCK* NameSystem.delete: blk_-3894803026385053344 is added to invalidSet of 10.251.43.21:50010,E8,BLOCK* NameSystem.delete: blk_<*> is added to invalidSet of <*>:<*>,0.05,Normal,0
HDFS,1845,11-11-2008 08:59,0,UNKNOWN,dfs.FSNamesystem,INFO,BLOCK* NameSystem.delete: blk_-7873581794069372986 is added to invalidSet of 10.251.194.147:50010,E8,BLOCK* NameSystem.delete: blk_<*> is added to invalidSet of <*>:<*>,0.05,Normal,0
HDFS,1846,11-11-2008 08:59,1,UNKNOWN,dfs.FSNamesystem,INFO,BLOCK* NameSystem.delete: blk_2060553104861908174 is added to invalidSet of 10.251.201.204:50010,E8,BLOCK* NameSystem.delete: blk_<*> is added to invalidSet of <*>:<*>,0.05,Normal,0
HDFS,1847,11-11-2008 08:59,2,UNKNOWN,dfs.FSNamesystem,INFO,BLOCK* NameSystem.delete: blk_-6783506473540833076 is added to invalidSet of 10.251.202.209:50010,E8,BLOCK* NameSystem.delete: blk_<*> is added to invalidSet of <*>:<*>,0.05,Normal,0
HDFS,1848,11-11-2008 08:59,1,UNKNOWN,dfs.FSNamesystem,INFO,BLOCK* NameSystem.delete: blk_-8863130543753323383 is added to invalidSet of 10.251.123.1:50010,E8,BLOCK* NameSystem.delete: blk_<*> is added to invalidSet of <*>:<*>,0.05,Normal,0
HDFS,1849,11-11-2008 08:59,1,UNKNOWN,dfs.FSNamesystem,INFO,BLOCK* NameSystem.delete: blk_-8769398708439834546 is added to invalidSet of 10.251.127.243:50010,E8,BLOCK* NameSystem.delete: blk_<*> is added to invalidSet of <*>:<*>,0.05,Normal,0
HDFS,1850,11-11-2008 08:59,1,UNKNOWN,dfs.FSNamesystem,INFO,BLOCK* NameSystem.delete: blk_-3316519570098743145 is added to invalidSet of 10.251.70.211:50010,E8,BLOCK* NameSystem.delete: blk_<*> is added to invalidSet of <*>:<*>,0.05,Normal,0
HDFS,1851,11-11-2008 08:59,0,UNKNOWN,dfs.FSNamesystem,INFO,BLOCK* NameSystem.delete: blk_-6068451475575444798 is added to invalidSet of 10.251.43.210:50010,E8,BLOCK* NameSystem.delete: blk_<*> is added to invalidSet of <*>:<*>,0.05,Normal,0
HDFS,1852,11-11-2008 08:59,0,UNKNOWN,dfs.FSNamesystem,INFO,BLOCK* NameSystem.delete: blk_-7709713535298137702 is added to invalidSet of 10.251.215.50:50010,E8,BLOCK* NameSystem.delete: blk_<*> is added to invalidSet of <*>:<*>,0.05,Normal,0
HDFS,1853,11-11-2008 08:59,2,UNKNOWN,dfs.FSNamesystem,INFO,BLOCK* NameSystem.delete: blk_-1030832046197982436 is added to invalidSet of 10.251.89.155:50010,E8,BLOCK* NameSystem.delete: blk_<*> is added to invalidSet of <*>:<*>,0.05,Normal,0
HDFS,1854,11-11-2008 08:59,0,UNKNOWN,dfs.FSNamesystem,INFO,BLOCK* NameSystem.delete: blk_4738781172941319823 is added to invalidSet of 10.251.91.32:50010,E8,BLOCK* NameSystem.delete: blk_<*> is added to invalidSet of <*>:<*>,0.05,Normal,0
HDFS,1855,11-11-2008 08:59,2,UNKNOWN,dfs.FSNamesystem,INFO,BLOCK* NameSystem.delete: blk_2869833078504290822 is added to invalidSet of 10.251.123.132:50010,E8,BLOCK* NameSystem.delete: blk_<*> is added to invalidSet of <*>:<*>,0.05,Normal,0
HDFS,1856,11-11-2008 08:59,0,UNKNOWN,dfs.FSNamesystem,INFO,BLOCK* NameSystem.delete: blk_-6261136177206340449 is added to invalidSet of 10.251.70.37:50010,E8,BLOCK* NameSystem.delete: blk_<*> is added to invalidSet of <*>:<*>,0.05,Normal,0
HDFS,1857,11-11-2008 08:59,1,UNKNOWN,dfs.FSNamesystem,INFO,BLOCK* NameSystem.delete: blk_-1755309160709170318 is added to invalidSet of 10.251.39.209:50010,E8,BLOCK* NameSystem.delete: blk_<*> is added to invalidSet of <*>:<*>,0.05,Normal,0
HDFS,1858,11-11-2008 08:59,0,UNKNOWN,dfs.FSNamesystem,INFO,BLOCK* NameSystem.delete: blk_-8312238797251504127 is added to invalidSet of 10.251.89.155:50010,E8,BLOCK* NameSystem.delete: blk_<*> is added to invalidSet of <*>:<*>,0.05,Normal,0
HDFS,1859,11-11-2008 08:59,5,UNKNOWN,dfs.FSNamesystem,INFO,BLOCK* NameSystem.delete: blk_2713941272199175167 is added to invalidSet of 10.251.38.53:50010,E8,BLOCK* NameSystem.delete: blk_<*> is added to invalidSet of <*>:<*>,0.05,Normal,0
HDFS,1860,11-11-2008 08:59,0,UNKNOWN,dfs.FSNamesystem,INFO,BLOCK* NameSystem.delete: blk_-7846283874350947646 is added to invalidSet of 10.251.199.150:50010,E8,BLOCK* NameSystem.delete: blk_<*> is added to invalidSet of <*>:<*>,0.05,Normal,0
HDFS,1861,11-11-2008 08:59,2,UNKNOWN,dfs.FSNamesystem,INFO,BLOCK* NameSystem.delete: blk_-793506372912437289 is added to invalidSet of 10.250.17.225:50010,E8,BLOCK* NameSystem.delete: blk_<*> is added to invalidSet of <*>:<*>,0.05,Normal,0
HDFS,1862,11-11-2008 08:59,2,UNKNOWN,dfs.FSNamesystem,INFO,BLOCK* NameSystem.delete: blk_-5293091556505218722 is added to invalidSet of 10.251.125.237:50010,E8,BLOCK* NameSystem.delete: blk_<*> is added to invalidSet of <*>:<*>,0.05,Normal,0
HDFS,1863,11-11-2008 08:59,3,UNKNOWN,dfs.FSNamesystem,INFO,BLOCK* NameSystem.delete: blk_4516306414837452219 is added to invalidSet of 10.251.127.47:50010,E8,BLOCK* NameSystem.delete: blk_<*> is added to invalidSet of <*>:<*>,0.05,Normal,0
HDFS,1864,11-11-2008 09:00,39,UNKNOWN,dfs.FSDataset,INFO,Deleting block blk_-8792837405349224102 file /mnt/hadoop/dfs/data/current/subdir35/blk_-8792837405349224102,E9,Deleting block blk_<*> file /<*>/blk_<*>,0.05,Normal,0
HDFS,1865,11-11-2008 09:00,23,UNKNOWN,dfs.FSDataset,INFO,Deleting block blk_-8131422413299851907 file /mnt/hadoop/dfs/data/current/subdir46/blk_-8131422413299851907,E9,Deleting block blk_<*> file /<*>/blk_<*>,0.05,Normal,0
HDFS,1866,11-11-2008 09:00,3,UNKNOWN,dfs.DataNode$PacketResponder,INFO,PacketResponder 0 for block blk_-2268477281422551537 terminating,E10,PacketResponder <*> for block blk_<*> terminating,0.05,Normal,0
HDFS,1867,11-11-2008 09:00,22,UNKNOWN,dfs.FSDataset,INFO,Deleting block blk_-6177194341369822651 file /mnt/hadoop/dfs/data/current/subdir38/blk_-6177194341369822651,E9,Deleting block blk_<*> file /<*>/blk_<*>,0.05,Normal,0
HDFS,1868,11-11-2008 09:01,17,UNKNOWN,dfs.FSDataset,INFO,Deleting block blk_1369784431092292099 file /mnt/hadoop/dfs/data/current/subdir36/blk_1369784431092292099,E9,Deleting block blk_<*> file /<*>/blk_<*>,0.05,Normal,0
HDFS,1869,11-11-2008 09:01,0,UNKNOWN,dfs.FSDataset,INFO,Deleting block blk_-8060252929692927663 file /mnt/hadoop/dfs/data/current/subdir21/blk_-8060252929692927663,E9,Deleting block blk_<*> file /<*>/blk_<*>,0.05,Normal,0
HDFS,1870,11-11-2008 09:01,5,UNKNOWN,dfs.FSDataset,INFO,Deleting block blk_-5344266425789048231 file /mnt/hadoop/dfs/data/current/subdir47/blk_-5344266425789048231,E9,Deleting block blk_<*> file /<*>/blk_<*>,0.05,Normal,0
HDFS,1871,11-11-2008 09:01,8,UNKNOWN,dfs.FSDataset,INFO,Deleting block blk_-2518425063392446785 file /mnt/hadoop/dfs/data/current/subdir6/blk_-2518425063392446785,E9,Deleting block blk_<*> file /<*>/blk_<*>,0.05,Normal,0
HDFS,1872,11-11-2008 09:01,3,UNKNOWN,dfs.FSDataset,INFO,Deleting block blk_-5598693099021996971 file /mnt/hadoop/dfs/data/current/subdir19/blk_-5598693099021996971,E9,Deleting block blk_<*> file /<*>/blk_<*>,0.05,Normal,0
HDFS,1873,11-11-2008 09:01,2,UNKNOWN,dfs.FSDataset,INFO,Deleting block blk_901963876338651405 file /mnt/hadoop/dfs/data/current/subdir1/blk_901963876338651405,E9,Deleting block blk_<*> file /<*>/blk_<*>,0.05,Normal,0
HDFS,1874,11-11-2008 09:01,5,UNKNOWN,dfs.FSDataset,INFO,Deleting block blk_-2722768686407017386 file /mnt/hadoop/dfs/data/current/subdir36/blk_-2722768686407017386,E9,Deleting block blk_<*> file /<*>/blk_<*>,0.05,Normal,0
HDFS,1875,11-11-2008 09:01,2,UNKNOWN,dfs.FSDataset,INFO,Deleting block blk_92946806844541836 file /mnt/hadoop/dfs/data/current/subdir59/blk_92946806844541836,E9,Deleting block blk_<*> file /<*>/blk_<*>,0.05,Normal,0
HDFS,1876,11-11-2008 09:01,1,UNKNOWN,dfs.FSDataset,INFO,Deleting block blk_1824928871191121429 file /mnt/hadoop/dfs/data/current/subdir2/blk_1824928871191121429,E9,Deleting block blk_<*> file /<*>/blk_<*>,0.05,Normal,0
HDFS,1877,11-11-2008 09:01,1,UNKNOWN,dfs.FSDataset,INFO,Deleting block blk_-4301178988618507084 file /mnt/hadoop/dfs/data/current/subdir46/blk_-4301178988618507084,E9,Deleting block blk_<*> file /<*>/blk_<*>,0.05,Normal,0
HDFS,1878,11-11-2008 09:01,0,UNKNOWN,dfs.FSDataset,INFO,Deleting block blk_-2098161025946048013 file /mnt/hadoop/dfs/data/current/subdir17/blk_-2098161025946048013,E9,Deleting block blk_<*> file /<*>/blk_<*>,0.05,Normal,0
HDFS,1879,11-11-2008 09:01,9,UNKNOWN,dfs.FSDataset,INFO,Deleting block blk_-1451819169209310732 file /mnt/hadoop/dfs/data/current/subdir23/blk_-1451819169209310732,E9,Deleting block blk_<*> file /<*>/blk_<*>,0.05,Normal,0
HDFS,1880,11-11-2008 09:01,1,UNKNOWN,dfs.FSDataset,INFO,Deleting block blk_2403370969415186087 file /mnt/hadoop/dfs/data/current/subdir6/blk_2403370969415186087,E9,Deleting block blk_<*> file /<*>/blk_<*>,0.05,Normal,0
HDFS,1881,11-11-2008 09:01,4,UNKNOWN,dfs.FSDataset,INFO,Deleting block blk_5701964561533648583 file /mnt/hadoop/dfs/data/current/subdir10/blk_5701964561533648583,E9,Deleting block blk_<*> file /<*>/blk_<*>,0.05,Normal,0
HDFS,1882,11-11-2008 09:01,5,UNKNOWN,dfs.FSDataset,INFO,Deleting block blk_4007982883396598426 file /mnt/hadoop/dfs/data/current/subdir13/blk_4007982883396598426,E9,Deleting block blk_<*> file /<*>/blk_<*>,0.05,Normal,0
HDFS,1883,11-11-2008 09:02,8,UNKNOWN,dfs.FSNamesystem,INFO,BLOCK* NameSystem.addStoredBlock: blockMap updated: 10.251.197.161:50010 is added to blk_-3724350946705225881 size 67108864,E6,BLOCK* NameSystem.addStoredBlock: blockMap updated: <*>:<*> is added to blk_<*> size <*>,0.05,Normal,0
HDFS,1884,11-11-2008 09:02,1,UNKNOWN,dfs.FSDataset,INFO,Deleting block blk_6051144263842600010 file /mnt/hadoop/dfs/data/current/subdir42/blk_6051144263842600010,E9,Deleting block blk_<*> file /<*>/blk_<*>,0.05,Normal,0
HDFS,1885,11-11-2008 09:02,15,UNKNOWN,dfs.FSDataset,INFO,Deleting block blk_8436095180790908547 file /mnt/hadoop/dfs/data/current/subdir43/blk_8436095180790908547,E9,Deleting block blk_<*> file /<*>/blk_<*>,0.05,Normal,0
HDFS,1886,11-11-2008 09:02,6,UNKNOWN,dfs.FSDataset,INFO,Deleting block blk_5100975846124291571 file /mnt/hadoop/dfs/data/current/subdir38/blk_5100975846124291571,E9,Deleting block blk_<*> file /<*>/blk_<*>,0.05,Normal,0
HDFS,1887,11-11-2008 09:02,17,UNKNOWN,dfs.FSDataset,INFO,Deleting block blk_-4941547144875557718 file /mnt/hadoop/dfs/data/current/subdir61/blk_-4941547144875557718,E9,Deleting block blk_<*> file /<*>/blk_<*>,0.05,Normal,0
HDFS,1888,11-11-2008 09:03,53,UNKNOWN,dfs.DataNode$PacketResponder,INFO,PacketResponder 2 for block blk_6791628131402590260 terminating,E10,PacketResponder <*> for block blk_<*> terminating,0.05,Normal,0
HDFS,1889,11-11-2008 09:08,277,UNKNOWN,dfs.FSNamesystem,INFO,BLOCK* NameSystem.addStoredBlock: blockMap updated: 10.251.107.196:50010 is added to blk_-6308508598639278892 size 67108864,E6,BLOCK* NameSystem.addStoredBlock: blockMap updated: <*>:<*> is added to blk_<*> size <*>,0.05,Normal,0
HDFS,1890,11-11-2008 09:08,2,UNKNOWN,dfs.DataNode$DataXceiver,INFO,Receiving block blk_6585429064641693815 src: /10.250.10.6:38158 dest: /10.250.10.6:50010,E13,Receiving block blk_<*> src: /<*>:<*> dest: /<*>:<*>,0.05,Normal,0
HDFS,1891,11-11-2008 09:10,104,UNKNOWN,dfs.DataNode$PacketResponder,INFO,Received block blk_6000837850922531821 of size 67108864 from /10.251.197.226,E11,Received block blk_<*> of size <*> from /<*>,0.05,Normal,0
HDFS,1892,11-11-2008 09:10,25,UNKNOWN,dfs.DataNode$PacketResponder,INFO,Received block blk_7330803663603700184 of size 67108864 from /10.251.42.246,E11,Received block blk_<*> of size <*> from /<*>,0.05,Normal,0
HDFS,1893,11-11-2008 09:12,93,UNKNOWN,dfs.FSNamesystem,INFO,BLOCK* NameSystem.allocateBlock: /user/root/rand8/_temporary/_task_200811101024_0015_m_000480_0/part-00480. blk_-5613694521084380933,E7,BLOCK* NameSystem.allocateBlock: /<*>/part-<*>. blk_<*>,0.05,Normal,0
HDFS,1894,11-11-2008 09:12,44,UNKNOWN,dfs.DataNode$DataXceiver,INFO,Receiving block blk_-4967783186426171722 src: /10.251.39.192:57105 dest: /10.251.39.192:50010,E13,Receiving block blk_<*> src: /<*>:<*> dest: /<*>:<*>,0.05,Normal,0
HDFS,1895,11-11-2008 09:13,33,UNKNOWN,dfs.FSNamesystem,INFO,BLOCK* NameSystem.addStoredBlock: blockMap updated: 10.250.11.100:50010 is added to blk_-1970947032352756307 size 67108864,E6,BLOCK* NameSystem.addStoredBlock: blockMap updated: <*>:<*> is added to blk_<*> size <*>,0.05,Normal,0
HDFS,1896,11-11-2008 09:13,34,UNKNOWN,dfs.FSNamesystem,INFO,BLOCK* NameSystem.allocateBlock: /user/root/rand8/_temporary/_task_200811101024_0015_m_000737_0/part-00737. blk_5894088883762961800,E7,BLOCK* NameSystem.allocateBlock: /<*>/part-<*>. blk_<*>,0.05,Normal,0
HDFS,1897,11-11-2008 09:14,48,UNKNOWN,dfs.DataNode$DataXceiver,INFO,Receiving block blk_-4861262918414696307 src: /10.251.198.196:34168 dest: /10.251.198.196:50010,E13,Receiving block blk_<*> src: /<*>:<*> dest: /<*>:<*>,0.05,Normal,0
HDFS,1898,11-11-2008 09:15,76,UNKNOWN,dfs.DataNode$DataXceiver,INFO,Receiving block blk_2583600095045026513 src: /10.250.15.67:59629 dest: /10.250.15.67:50010,E13,Receiving block blk_<*> src: /<*>:<*> dest: /<*>:<*>,0.05,Normal,0
HDFS,1899,11-11-2008 09:16,52,UNKNOWN,dfs.DataNode$PacketResponder,INFO,Received block blk_7872746846750105239 of size 67108864 from /10.251.43.21,E11,Received block blk_<*> of size <*> from /<*>,0.05,Normal,0
HDFS,1900,11-11-2008 09:17,41,UNKNOWN,dfs.FSNamesystem,INFO,BLOCK* NameSystem.addStoredBlock: blockMap updated: 10.251.39.160:50010 is added to blk_-3510473878877779134 size 67108864,E6,BLOCK* NameSystem.addStoredBlock: blockMap updated: <*>:<*> is added to blk_<*> size <*>,0.05,Normal,0
HDFS,1901,11-11-2008 09:17,5,UNKNOWN,dfs.FSNamesystem,INFO,BLOCK* ask 10.251.126.5:50010 to delete  blk_-9016567407076718172 blk_-8695715290502978219 blk_-7168328752988473716 blk_-4355192005224403537 blk_-3757501769775889193 blk_-154600013573668394 blk_167132135416677587 blk_2654596473569751784 blk_5202581916713319258,E4,BLOCK* ask <*>:<*> to delete  blk_<*>,0.05,Normal,0
HDFS,1902,11-11-2008 09:17,9,UNKNOWN,dfs.FSDataset,INFO,Deleting block blk_-2808875502459981198 file /mnt/hadoop/dfs/data/current/subdir3/blk_-2808875502459981198,E9,Deleting block blk_<*> file /<*>/blk_<*>,0.05,Normal,0
HDFS,1903,11-11-2008 09:18,55,UNKNOWN,dfs.DataNode$PacketResponder,INFO,PacketResponder 0 for block blk_34905976850091068 terminating,E10,PacketResponder <*> for block blk_<*> terminating,0.05,Normal,0
HDFS,1904,11-11-2008 09:20,86,UNKNOWN,dfs.DataNode$PacketResponder,INFO,Received block blk_4774383661473695119 of size 67108864 from /10.251.110.68,E11,Received block blk_<*> of size <*> from /<*>,0.05,Normal,0
HDFS,1905,11-11-2008 09:20,20,UNKNOWN,dfs.DataNode$DataXceiver,INFO,Receiving block blk_465845235850106928 src: /10.251.70.112:39499 dest: /10.251.70.112:50010,E13,Receiving block blk_<*> src: /<*>:<*> dest: /<*>:<*>,0.05,Normal,0
HDFS,1906,11-11-2008 09:22,110,UNKNOWN,dfs.DataNode$PacketResponder,INFO,PacketResponder 1 for block blk_8882415653769775762 terminating,E10,PacketResponder <*> for block blk_<*> terminating,0.05,Normal,0
HDFS,1907,11-11-2008 09:22,26,UNKNOWN,dfs.DataNode$PacketResponder,INFO,PacketResponder 2 for block blk_4207359722112667226 terminating,E10,PacketResponder <*> for block blk_<*> terminating,0.05,Normal,0
HDFS,1908,11-11-2008 09:23,32,UNKNOWN,dfs.FSNamesystem,INFO,BLOCK* NameSystem.allocateBlock: /user/root/rand8/_temporary/_task_200811101024_0015_m_000882_0/part-00882. blk_-3152434225121092058,E7,BLOCK* NameSystem.allocateBlock: /<*>/part-<*>. blk_<*>,0.05,Normal,0
HDFS,1909,11-11-2008 09:24,74,UNKNOWN,dfs.DataNode$DataXceiver,INFO,Receiving block blk_4820650745157199554 src: /10.251.127.243:49726 dest: /10.251.127.243:50010,E13,Receiving block blk_<*> src: /<*>:<*> dest: /<*>:<*>,0.05,Normal,0
HDFS,1910,11-11-2008 09:24,11,UNKNOWN,dfs.FSNamesystem,INFO,BLOCK* NameSystem.addStoredBlock: blockMap updated: 10.250.6.223:50010 is added to blk_-6390296685077811803 size 3546314,E6,BLOCK* NameSystem.addStoredBlock: blockMap updated: <*>:<*> is added to blk_<*> size <*>,0.05,Normal,0
HDFS,1911,11-11-2008 09:26,101,UNKNOWN,dfs.FSDataset,INFO,Deleting block blk_9173199815015538212 file /mnt/hadoop/dfs/data/current/subdir24/blk_9173199815015538212,E9,Deleting block blk_<*> file /<*>/blk_<*>,0.05,Normal,0
HDFS,1912,11-11-2008 09:26,32,UNKNOWN,dfs.FSNamesystem,INFO,BLOCK* NameSystem.allocateBlock: /user/root/rand8/_temporary/_task_200811101024_0015_m_001033_0/part-01033. blk_-8948316319329891645,E7,BLOCK* NameSystem.allocateBlock: /<*>/part-<*>. blk_<*>,0.05,Normal,0
HDFS,1913,11-11-2008 09:27,31,UNKNOWN,dfs.FSNamesystem,INFO,BLOCK* NameSystem.addStoredBlock: blockMap updated: 10.251.42.207:50010 is added to blk_-6314365697827006048 size 67108864,E6,BLOCK* NameSystem.addStoredBlock: blockMap updated: <*>:<*> is added to blk_<*> size <*>,0.05,Normal,0
HDFS,1914,11-11-2008 09:27,31,UNKNOWN,dfs.FSNamesystem,INFO,BLOCK* NameSystem.allocateBlock: /user/root/rand8/_temporary/_task_200811101024_0015_m_000939_0/part-00939. blk_-3522956055443924791,E7,BLOCK* NameSystem.allocateBlock: /<*>/part-<*>. blk_<*>,0.05,Normal,0
HDFS,1915,11-11-2008 09:28,30,UNKNOWN,dfs.DataNode$PacketResponder,INFO,PacketResponder 2 for block blk_5454423648092670683 terminating,E10,PacketResponder <*> for block blk_<*> terminating,0.05,Normal,0
HDFS,1916,11-11-2008 09:29,54,UNKNOWN,dfs.DataNode$PacketResponder,INFO,PacketResponder 1 for block blk_4565822428702518889 terminating,E10,PacketResponder <*> for block blk_<*> terminating,0.05,Normal,0
HDFS,1917,11-11-2008 09:30,71,UNKNOWN,dfs.FSNamesystem,INFO,BLOCK* NameSystem.addStoredBlock: blockMap updated: 10.251.29.239:50010 is added to blk_-409558225151784282 size 67108864,E6,BLOCK* NameSystem.addStoredBlock: blockMap updated: <*>:<*> is added to blk_<*> size <*>,0.05,Normal,0
HDFS,1918,11-11-2008 09:32,102,UNKNOWN,dfs.DataNode$PacketResponder,INFO,PacketResponder 1 for block blk_-3967261531426400230 terminating,E10,PacketResponder <*> for block blk_<*> terminating,0.05,Normal,0
HDFS,1919,11-11-2008 09:33,68,UNKNOWN,dfs.DataNode$DataXceiver,INFO,Receiving block blk_-4655280636272058732 src: /10.251.26.8:48892 dest: /10.251.26.8:50010,E13,Receiving block blk_<*> src: /<*>:<*> dest: /<*>:<*>,0.05,Normal,0
HDFS,1920,11-11-2008 09:33,34,UNKNOWN,dfs.DataNode$PacketResponder,INFO,PacketResponder 2 for block blk_-5799866343936729403 terminating,E10,PacketResponder <*> for block blk_<*> terminating,0.05,Normal,0
HDFS,1921,11-11-2008 09:34,17,UNKNOWN,dfs.FSNamesystem,INFO,BLOCK* NameSystem.allocateBlock: /user/root/rand8/_temporary/_task_200811101024_0015_m_001294_0/part-01294. blk_4214952053910973364,E7,BLOCK* NameSystem.allocateBlock: /<*>/part-<*>. blk_<*>,0.05,Normal,0
HDFS,1922,11-11-2008 09:34,22,UNKNOWN,dfs.DataNode$DataXceiver,INFO,Receiving block blk_-6135061626100136978 src: /10.251.31.180:48900 dest: /10.251.31.180:50010,E13,Receiving block blk_<*> src: /<*>:<*> dest: /<*>:<*>,0.05,Normal,0
HDFS,1923,11-11-2008 09:35,44,UNKNOWN,dfs.DataNode$DataXceiver,INFO,Receiving block blk_-5057534532247887258 src: /10.250.5.237:45766 dest: /10.250.5.237:50010,E13,Receiving block blk_<*> src: /<*>:<*> dest: /<*>:<*>,0.05,Normal,0
HDFS,1924,11-11-2008 09:35,37,UNKNOWN,dfs.DataNode$PacketResponder,INFO,Received block blk_9103049989653819836 of size 67108864 from /10.250.10.223,E11,Received block blk_<*> of size <*> from /<*>,0.05,Normal,0
HDFS,1925,11-11-2008 09:36,67,UNKNOWN,dfs.DataNode$DataXceiver,INFO,Receiving block blk_-4365612131648152536 src: /10.251.107.227:57736 dest: /10.251.107.227:50010,E13,Receiving block blk_<*> src: /<*>:<*> dest: /<*>:<*>,0.05,Normal,0
HDFS,1926,11-11-2008 09:37,4,UNKNOWN,dfs.DataNode$DataXceiver,INFO,Receiving block blk_3598226258881465924 src: /10.251.199.159:41752 dest: /10.251.199.159:50010,E13,Receiving block blk_<*> src: /<*>:<*> dest: /<*>:<*>,0.05,Normal,0
HDFS,1927,11-11-2008 09:37,2,UNKNOWN,dfs.DataNode$PacketResponder,INFO,PacketResponder 0 for block blk_3378157549705391333 terminating,E10,PacketResponder <*> for block blk_<*> terminating,0.05,Normal,0
HDFS,1928,11-11-2008 09:37,39,UNKNOWN,dfs.DataBlockScanner,INFO,Verification succeeded for blk_-8347949825960763812,E14,Verification succeeded for blk_<*>,0.05,Normal,0
HDFS,1929,11-11-2008 09:38,32,UNKNOWN,dfs.DataNode$PacketResponder,INFO,Received block blk_-2934265883100282310 of size 67108864 from /10.251.39.144,E11,Received block blk_<*> of size <*> from /<*>,0.05,Normal,0
HDFS,1930,11-11-2008 09:38,9,UNKNOWN,dfs.DataNode$PacketResponder,INFO,PacketResponder 2 for block blk_1259893634804870815 terminating,E10,PacketResponder <*> for block blk_<*> terminating,0.05,Normal,0
HDFS,1931,11-11-2008 09:39,50,UNKNOWN,dfs.DataNode$PacketResponder,INFO,PacketResponder 2 for block blk_412956398445037066 terminating,E10,PacketResponder <*> for block blk_<*> terminating,0.05,Normal,0
HDFS,1932,11-11-2008 09:39,39,UNKNOWN,dfs.DataNode$PacketResponder,INFO,Received block blk_-9167880724995702718 of size 67108864 from /10.251.214.225,E11,Received block blk_<*> of size <*> from /<*>,0.05,Normal,0
HDFS,1933,11-11-2008 09:40,16,UNKNOWN,dfs.DataNode$DataXceiver,INFO,Receiving block blk_-7764040409370932316 src: /10.251.125.237:58496 dest: /10.251.125.237:50010,E13,Receiving block blk_<*> src: /<*>:<*> dest: /<*>:<*>,0.05,Normal,0
HDFS,1934,11-11-2008 09:40,44,UNKNOWN,dfs.DataNode$DataXceiver,INFO,Receiving block blk_931297048899943584 src: /10.251.67.113:54324 dest: /10.251.67.113:50010,E13,Receiving block blk_<*> src: /<*>:<*> dest: /<*>:<*>,0.05,Normal,0
HDFS,1935,11-11-2008 09:42,89,UNKNOWN,dfs.DataNode$PacketResponder,INFO,PacketResponder 2 for block blk_2833019093942278701 terminating,E10,PacketResponder <*> for block blk_<*> terminating,0.05,Normal,0
HDFS,1936,11-11-2008 09:43,58,UNKNOWN,dfs.DataNode$PacketResponder,INFO,Received block blk_-5785220384376578831 of size 67108864 from /10.251.203.80,E11,Received block blk_<*> of size <*> from /<*>,0.05,Normal,0
HDFS,1937,11-11-2008 09:43,12,UNKNOWN,dfs.DataNode$PacketResponder,INFO,Received block blk_3386670145292909259 of size 67108864 from /10.251.110.68,E11,Received block blk_<*> of size <*> from /<*>,0.05,Normal,0
HDFS,1938,11-11-2008 09:44,44,UNKNOWN,dfs.DataNode$DataXceiver,INFO,Receiving block blk_1859772752119590543 src: /10.251.42.246:57741 dest: /10.251.42.246:50010,E13,Receiving block blk_<*> src: /<*>:<*> dest: /<*>:<*>,0.05,Normal,0
HDFS,1939,11-11-2008 09:44,24,UNKNOWN,dfs.FSNamesystem,INFO,BLOCK* NameSystem.allocateBlock: /user/root/rand8/_temporary/_task_200811101024_0015_m_001425_0/part-01425. blk_2630223487595425525,E7,BLOCK* NameSystem.allocateBlock: /<*>/part-<*>. blk_<*>,0.05,Normal,0
HDFS,1940,11-11-2008 09:46,114,UNKNOWN,dfs.DataNode$PacketResponder,INFO,Received block blk_-5385105076403314787 of size 67108864 from /10.251.42.9,E11,Received block blk_<*> of size <*> from /<*>,0.05,Normal,0
HDFS,1941,11-11-2008 09:47,40,UNKNOWN,dfs.FSNamesystem,INFO,BLOCK* NameSystem.allocateBlock: /user/root/rand8/_temporary/_task_200811101024_0015_m_001757_0/part-01757. blk_-5343533992609553091,E7,BLOCK* NameSystem.allocateBlock: /<*>/part-<*>. blk_<*>,0.05,Normal,0
HDFS,1942,11-11-2008 09:48,72,UNKNOWN,dfs.FSNamesystem,INFO,BLOCK* NameSystem.allocateBlock: /user/root/rand8/_temporary/_task_200811101024_0015_m_001473_0/part-01473. blk_-4390972361898978900,E7,BLOCK* NameSystem.allocateBlock: /<*>/part-<*>. blk_<*>,0.05,Normal,0
HDFS,1943,11-11-2008 09:48,7,UNKNOWN,dfs.DataNode$PacketResponder,INFO,Received block blk_1190791818440776717 of size 67108864 from /10.251.43.147,E11,Received block blk_<*> of size <*> from /<*>,0.05,Normal,0
HDFS,1944,11-11-2008 09:49,46,UNKNOWN,dfs.DataNode$PacketResponder,INFO,Received block blk_-7202857144668308473 of size 67108864 from /10.251.43.21,E11,Received block blk_<*> of size <*> from /<*>,0.05,Normal,0
HDFS,1945,11-11-2008 09:49,3,UNKNOWN,dfs.DataNode$DataXceiver,INFO,Receiving block blk_5565611615515783341 src: /10.251.126.5:35656 dest: /10.251.126.5:50010,E13,Receiving block blk_<*> src: /<*>:<*> dest: /<*>:<*>,0.05,Normal,0
HDFS,1946,11-11-2008 09:49,9,UNKNOWN,dfs.DataNode$PacketResponder,INFO,Received block blk_-3283153974358895314 of size 67108864 from /10.251.111.228,E11,Received block blk_<*> of size <*> from /<*>,0.05,Normal,0
HDFS,1947,11-11-2008 09:49,6,UNKNOWN,dfs.DataNode$PacketResponder,INFO,PacketResponder 1 for block blk_-1484647023667047838 terminating,E10,PacketResponder <*> for block blk_<*> terminating,0.05,Normal,0
HDFS,1948,11-11-2008 09:49,3,UNKNOWN,dfs.FSNamesystem,INFO,BLOCK* NameSystem.addStoredBlock: blockMap updated: 10.250.6.223:50010 is added to blk_7474737521119026445 size 67108864,E6,BLOCK* NameSystem.addStoredBlock: blockMap updated: <*>:<*> is added to blk_<*> size <*>,0.05,Normal,0
HDFS,1949,11-11-2008 09:50,41,UNKNOWN,dfs.DataNode$DataXceiver,INFO,Receiving block blk_-8571819028995448536 src: /10.251.197.226:34801 dest: /10.251.197.226:50010,E13,Receiving block blk_<*> src: /<*>:<*> dest: /<*>:<*>,0.05,Normal,0
HDFS,1950,11-11-2008 09:50,15,UNKNOWN,dfs.FSNamesystem,INFO,BLOCK* NameSystem.addStoredBlock: blockMap updated: 10.251.214.67:50010 is added to blk_-8428590803682810851 size 67108864,E6,BLOCK* NameSystem.addStoredBlock: blockMap updated: <*>:<*> is added to blk_<*> size <*>,0.05,Normal,0
HDFS,1951,11-11-2008 09:50,4,UNKNOWN,dfs.FSNamesystem,INFO,BLOCK* NameSystem.allocateBlock: /user/root/rand8/_temporary/_task_200811101024_0015_m_001860_0/part-01860. blk_8716294289715825928,E7,BLOCK* NameSystem.allocateBlock: /<*>/part-<*>. blk_<*>,0.05,Normal,0
HDFS,1952,11-11-2008 09:52,119,UNKNOWN,dfs.FSNamesystem,INFO,BLOCK* NameSystem.addStoredBlock: blockMap updated: 10.251.123.132:50010 is added to blk_8527475857502481768 size 67108864,E6,BLOCK* NameSystem.addStoredBlock: blockMap updated: <*>:<*> is added to blk_<*> size <*>,0.05,Normal,0
HDFS,1953,11-11-2008 09:53,31,UNKNOWN,dfs.DataNode$PacketResponder,INFO,PacketResponder 0 for block blk_406835586147450451 terminating,E10,PacketResponder <*> for block blk_<*> terminating,0.05,Normal,0
HDFS,1954,11-11-2008 09:54,85,UNKNOWN,dfs.DataNode$PacketResponder,INFO,Received block blk_7294821275446427348 of size 67108864 from /10.251.43.210,E11,Received block blk_<*> of size <*> from /<*>,0.05,Normal,0
HDFS,1955,11-11-2008 09:55,61,UNKNOWN,dfs.FSNamesystem,INFO,BLOCK* NameSystem.addStoredBlock: blockMap updated: 10.251.127.243:50010 is added to blk_1793140687921032046 size 67108864,E6,BLOCK* NameSystem.addStoredBlock: blockMap updated: <*>:<*> is added to blk_<*> size <*>,0.05,Normal,0
HDFS,1956,11-11-2008 09:56,43,UNKNOWN,dfs.FSNamesystem,INFO,BLOCK* NameSystem.addStoredBlock: blockMap updated: 10.251.126.5:50010 is added to blk_4361294871479973840 size 67108864,E6,BLOCK* NameSystem.addStoredBlock: blockMap updated: <*>:<*> is added to blk_<*> size <*>,0.05,Normal,0
HDFS,1957,11-11-2008 09:56,14,UNKNOWN,dfs.FSNamesystem,INFO,BLOCK* NameSystem.addStoredBlock: blockMap updated: 10.250.6.4:50010 is added to blk_-6945615463687647586 size 67108864,E6,BLOCK* NameSystem.addStoredBlock: blockMap updated: <*>:<*> is added to blk_<*> size <*>,0.05,Normal,0
HDFS,1958,11-11-2008 09:56,4,UNKNOWN,dfs.DataNode$PacketResponder,INFO,PacketResponder 1 for block blk_1216611589160220108 terminating,E10,PacketResponder <*> for block blk_<*> terminating,0.05,Normal,0
HDFS,1959,11-11-2008 09:56,17,UNKNOWN,dfs.DataNode$DataXceiver,INFO,Receiving block blk_-3265479347842446682 src: /10.250.14.224:47278 dest: /10.250.14.224:50010,E13,Receiving block blk_<*> src: /<*>:<*> dest: /<*>:<*>,0.05,Normal,0
HDFS,1960,11-11-2008 09:57,9,UNKNOWN,dfs.FSNamesystem,INFO,BLOCK* NameSystem.addStoredBlock: blockMap updated: 10.250.10.6:50010 is added to blk_8527562124953828227 size 67108864,E6,BLOCK* NameSystem.addStoredBlock: blockMap updated: <*>:<*> is added to blk_<*> size <*>,0.05,Normal,0
HDFS,1961,11-11-2008 09:57,24,UNKNOWN,dfs.FSNamesystem,INFO,BLOCK* NameSystem.addStoredBlock: blockMap updated: 10.251.30.134:50010 is added to blk_2749066163012162435 size 67108864,E6,BLOCK* NameSystem.addStoredBlock: blockMap updated: <*>:<*> is added to blk_<*> size <*>,0.05,Normal,0
HDFS,1962,11-11-2008 09:57,7,UNKNOWN,dfs.FSNamesystem,INFO,BLOCK* NameSystem.addStoredBlock: blockMap updated: 10.251.111.228:50010 is added to blk_-1305222006484630743 size 67108864,E6,BLOCK* NameSystem.addStoredBlock: blockMap updated: <*>:<*> is added to blk_<*> size <*>,0.05,Normal,0
HDFS,1963,11-11-2008 09:58,40,UNKNOWN,dfs.DataNode$PacketResponder,INFO,Received block blk_-3702595599317472079 of size 67108864 from /10.251.25.237,E11,Received block blk_<*> of size <*> from /<*>,0.05,Normal,0
HDFS,1964,11-11-2008 09:58,27,UNKNOWN,dfs.DataNode$PacketResponder,INFO,Received block blk_6446927133528675675 of size 67108864 from /10.251.39.209,E11,Received block blk_<*> of size <*> from /<*>,0.05,Normal,0
HDFS,1965,11-11-2008 09:58,4,UNKNOWN,dfs.FSNamesystem,INFO,BLOCK* NameSystem.addStoredBlock: blockMap updated: 10.251.215.192:50010 is added to blk_2015610615789582788 size 67108864,E6,BLOCK* NameSystem.addStoredBlock: blockMap updated: <*>:<*> is added to blk_<*> size <*>,0.05,Normal,0
HDFS,1966,11-11-2008 09:59,73,UNKNOWN,dfs.FSNamesystem,INFO,BLOCK* NameSystem.addStoredBlock: blockMap updated: 10.251.75.49:50010 is added to blk_-2959268996938658555 size 15715490,E6,BLOCK* NameSystem.addStoredBlock: blockMap updated: <*>:<*> is added to blk_<*> size <*>,0.05,Normal,0
HDFS,1967,11-11-2008 10:02,133,UNKNOWN,dfs.FSDataset,INFO,Deleting block blk_-1082541280306680938 file /mnt/hadoop/dfs/data/current/subdir38/blk_-1082541280306680938,E9,Deleting block blk_<*> file /<*>/blk_<*>,0.05,Normal,0
HDFS,1968,11-11-2008 10:02,13,UNKNOWN,dfs.DataNode$PacketResponder,INFO,PacketResponder 1 for block blk_-191333338640084691 terminating,E10,PacketResponder <*> for block blk_<*> terminating,0.05,Normal,0
HDFS,1969,11-11-2008 10:02,3,UNKNOWN,dfs.DataNode$DataXceiver,INFO,Receiving block blk_3972778210951456006 src: /10.251.121.224:56526 dest: /10.251.121.224:50010,E13,Receiving block blk_<*> src: /<*>:<*> dest: /<*>:<*>,0.05,Normal,0
HDFS,1970,11-11-2008 10:02,19,UNKNOWN,dfs.DataNode$PacketResponder,INFO,PacketResponder 0 for block blk_1408672604432845193 terminating,E10,PacketResponder <*> for block blk_<*> terminating,0.05,Normal,0
HDFS,1971,11-11-2008 10:03,38,UNKNOWN,dfs.DataNode$PacketResponder,INFO,Received block blk_7679838117000095334 of size 67108864 from /10.251.30.85,E11,Received block blk_<*> of size <*> from /<*>,0.05,Normal,0
HDFS,1972,11-11-2008 10:03,27,UNKNOWN,dfs.FSNamesystem,INFO,BLOCK* NameSystem.addStoredBlock: blockMap updated: 10.250.13.240:50010 is added to blk_2593937801738981947 size 67108864,E6,BLOCK* NameSystem.addStoredBlock: blockMap updated: <*>:<*> is added to blk_<*> size <*>,0.05,Normal,0
HDFS,1973,11-11-2008 10:04,24,UNKNOWN,dfs.FSNamesystem,INFO,BLOCK* NameSystem.addStoredBlock: blockMap updated: 10.251.71.193:50010 is added to blk_5489815612272797790 size 67108864,E6,BLOCK* NameSystem.addStoredBlock: blockMap updated: <*>:<*> is added to blk_<*> size <*>,0.05,Normal,0
HDFS,1974,11-11-2008 10:04,3,UNKNOWN,dfs.FSNamesystem,INFO,BLOCK* NameSystem.addStoredBlock: blockMap updated: 10.251.30.101:50010 is added to blk_6451403582950672007 size 67108864,E6,BLOCK* NameSystem.addStoredBlock: blockMap updated: <*>:<*> is added to blk_<*> size <*>,0.05,Normal,0
HDFS,1975,11-11-2008 10:06,149,UNKNOWN,dfs.DataNode$DataXceiver,INFO,Receiving block blk_-7048088870427586736 src: /10.250.10.100:56512 dest: /10.250.10.100:50010,E13,Receiving block blk_<*> src: /<*>:<*> dest: /<*>:<*>,0.05,Normal,0
HDFS,1976,11-11-2008 10:07,43,UNKNOWN,dfs.DataNode$PacketResponder,INFO,Received block blk_7589872946955471867 of size 67108864 from /10.251.195.70,E11,Received block blk_<*> of size <*> from /<*>,0.05,Normal,0
HDFS,1977,11-11-2008 10:07,23,UNKNOWN,dfs.DataNode$DataXceiver,INFO,Receiving block blk_-178934379749864379 src: /10.251.71.97:55517 dest: /10.251.71.97:50010,E13,Receiving block blk_<*> src: /<*>:<*> dest: /<*>:<*>,0.05,Normal,0
HDFS,1978,11-11-2008 10:08,28,UNKNOWN,dfs.DataNode$PacketResponder,INFO,PacketResponder 0 for block blk_2026200052147887341 terminating,E10,PacketResponder <*> for block blk_<*> terminating,0.05,Normal,0
HDFS,1979,11-11-2008 10:08,4,UNKNOWN,dfs.DataNode$DataXceiver,INFO,Receiving block blk_8303284829424905326 src: /10.251.70.37:47359 dest: /10.251.70.37:50010,E13,Receiving block blk_<*> src: /<*>:<*> dest: /<*>:<*>,0.05,Normal,0
HDFS,1980,11-11-2008 10:09,39,UNKNOWN,dfs.FSNamesystem,INFO,BLOCK* NameSystem.addStoredBlock: blockMap updated: 10.251.111.130:50010 is added to blk_5646792755154529338 size 67108864,E6,BLOCK* NameSystem.addStoredBlock: blockMap updated: <*>:<*> is added to blk_<*> size <*>,0.05,Normal,0
HDFS,1981,11-11-2008 10:11,132,UNKNOWN,dfs.DataNode$PacketResponder,INFO,PacketResponder 0 for block blk_712730845180531820 terminating,E10,PacketResponder <*> for block blk_<*> terminating,0.05,Normal,0
HDFS,1982,11-11-2008 10:11,2,UNKNOWN,dfs.DataNode$PacketResponder,INFO,PacketResponder 2 for block blk_8418106412701718933 terminating,E10,PacketResponder <*> for block blk_<*> terminating,0.05,Normal,0
HDFS,1983,11-11-2008 10:11,3,UNKNOWN,dfs.FSNamesystem,INFO,BLOCK* NameSystem.addStoredBlock: blockMap updated: 10.251.67.225:50010 is added to blk_-6325232815283133921 size 67108864,E6,BLOCK* NameSystem.addStoredBlock: blockMap updated: <*>:<*> is added to blk_<*> size <*>,0.05,Normal,0
HDFS,1984,11-11-2008 10:11,11,UNKNOWN,dfs.DataNode$PacketResponder,INFO,PacketResponder 1 for block blk_-800664075087524591 terminating,E10,PacketResponder <*> for block blk_<*> terminating,0.05,Normal,0
HDFS,1985,11-11-2008 10:11,22,UNKNOWN,dfs.DataNode$PacketResponder,INFO,Received block blk_6516880861186877710 of size 67108864 from /10.251.42.84,E11,Received block blk_<*> of size <*> from /<*>,0.05,Normal,0
HDFS,1986,11-11-2008 10:12,13,UNKNOWN,dfs.DataNode$PacketResponder,INFO,PacketResponder 1 for block blk_-3228470001178394592 terminating,E10,PacketResponder <*> for block blk_<*> terminating,0.05,Normal,0
HDFS,1987,11-11-2008 10:12,19,UNKNOWN,dfs.FSNamesystem,INFO,BLOCK* NameSystem.allocateBlock: /user/root/randtxt9/_temporary/_task_200811101024_0016_m_000347_0/part-00347. blk_-8426741581316629266,E7,BLOCK* NameSystem.allocateBlock: /<*>/part-<*>. blk_<*>,0.05,Normal,0
HDFS,1988,11-11-2008 10:12,5,UNKNOWN,dfs.FSNamesystem,INFO,BLOCK* NameSystem.addStoredBlock: blockMap updated: 10.251.29.239:50010 is added to blk_-762982068597249045 size 67108864,E6,BLOCK* NameSystem.addStoredBlock: blockMap updated: <*>:<*> is added to blk_<*> size <*>,0.05,Normal,0
HDFS,1989,11-11-2008 10:12,8,UNKNOWN,dfs.DataNode$DataXceiver,INFO,Receiving block blk_-5224756755359850354 src: /10.251.43.192:38028 dest: /10.251.43.192:50010,E13,Receiving block blk_<*> src: /<*>:<*> dest: /<*>:<*>,0.05,Normal,0
HDFS,1990,11-11-2008 10:12,5,UNKNOWN,dfs.DataNode$PacketResponder,INFO,Received block blk_-1440254020029439248 of size 67108864 from /10.251.30.85,E11,Received block blk_<*> of size <*> from /<*>,0.05,Normal,0
HDFS,1991,11-11-2008 10:13,33,UNKNOWN,dfs.FSNamesystem,INFO,BLOCK* NameSystem.addStoredBlock: blockMap updated: 10.251.90.64:50010 is added to blk_1441315972355360459 size 67108864,E6,BLOCK* NameSystem.addStoredBlock: blockMap updated: <*>:<*> is added to blk_<*> size <*>,0.05,Normal,0
HDFS,1992,11-11-2008 10:13,40,UNKNOWN,dfs.DataNode$PacketResponder,INFO,PacketResponder 0 for block blk_-9001895211102825241 terminating,E10,PacketResponder <*> for block blk_<*> terminating,0.05,Normal,0
HDFS,1993,11-11-2008 10:14,19,UNKNOWN,dfs.DataNode$PacketResponder,INFO,PacketResponder 1 for block blk_-2025617675484194470 terminating,E10,PacketResponder <*> for block blk_<*> terminating,0.05,Normal,0
HDFS,1994,11-11-2008 10:14,29,UNKNOWN,dfs.DataNode$PacketResponder,INFO,Received block blk_-1592043549272047369 of size 67108864 from /10.251.105.189,E11,Received block blk_<*> of size <*> from /<*>,0.05,Normal,0
HDFS,1995,11-11-2008 10:14,11,UNKNOWN,dfs.DataNode$DataXceiver,INFO,Receiving block blk_2583125615128303019 src: /10.251.71.97:54431 dest: /10.251.71.97:50010,E13,Receiving block blk_<*> src: /<*>:<*> dest: /<*>:<*>,0.05,Normal,0
HDFS,1996,11-11-2008 10:16,86,UNKNOWN,dfs.DataNode$DataXceiver,INFO,Receiving block blk_4198733391373026104 src: /10.251.106.10:46843 dest: /10.251.106.10:50010,E13,Receiving block blk_<*> src: /<*>:<*> dest: /<*>:<*>,0.05,Normal,0
HDFS,1997,11-11-2008 10:17,74,UNKNOWN,dfs.DataNode$PacketResponder,INFO,Received block blk_-5815145248455404269 of size 67108864 from /10.251.121.224,E11,Received block blk_<*> of size <*> from /<*>,0.05,Normal,0
HDFS,1998,11-11-2008 10:18,29,UNKNOWN,dfs.DataNode$DataXceiver,INFO,Receiving block blk_-295306975763175640 src: /10.250.9.207:53270 dest: /10.250.9.207:50010,E13,Receiving block blk_<*> src: /<*>:<*> dest: /<*>:<*>,0.05,Normal,0
HDFS,1999,11-11-2008 10:19,110,UNKNOWN,dfs.DataNode$PacketResponder,INFO,PacketResponder 0 for block blk_5225719677049010638 terminating,E10,PacketResponder <*> for block blk_<*> terminating,0.05,Normal,0
HDFS,2000,11-11-2008 10:20,23,UNKNOWN,dfs.DataNode$DataXceiver,INFO,Receiving block blk_4343207286455274569 src: /10.250.9.207:59759 dest: /10.250.9.207:50010,E13,Receiving block blk_<*> src: /<*>:<*> dest: /<*>:<*>,0.05,Normal,0
